Copyright 1986-2022 Xilinx, Inc. All Rights Reserved. Copyright 2022-2024 Advanced Micro Devices, Inc. All Rights Reserved.
---------------------------------------------------------------------------------------------------------------------------------------------
| Tool Version : Vivado v.2024.1 (lin64) Build 5076996 Wed May 22 18:36:09 MDT 2024
| Date         : Tue Oct  6 18:54:24 2026
| Host         : LAPTOP-CSM08B9Q running 64-bit Ubuntu 26.04 LTS
| Command      : report_timing_summary -datasheet -max_paths 10 -file digilent_nexys4ddr_timing.rpt
| Design       : digilent_nexys4ddr
| Device       : 7a100t-csg324
| Speed File   : -1  PRODUCTION 1.23 2018-06-13
| Design State : Physopt postRoute
---------------------------------------------------------------------------------------------------------------------------------------------

Timing Summary Report

------------------------------------------------------------------------------------------------
| Timer Settings
| --------------
------------------------------------------------------------------------------------------------

  Enable Multi Corner Analysis               :  Yes
  Enable Pessimism Removal                   :  Yes
  Pessimism Removal Resolution               :  Nearest Common Node
  Enable Input Delay Default Clock           :  No
  Enable Preset / Clear Arcs                 :  No
  Disable Flight Delays                      :  No
  Ignore I/O Paths                           :  No
  Timing Early Launch at Borrowing Latches   :  No
  Borrow Time for Max Delay Exceptions       :  Yes
  Merge Timing Exceptions                    :  Yes
  Inter-SLR Compensation                     :  Conservative

  Corner  Analyze    Analyze    
  Name    Max Paths  Min Paths  
  ------  ---------  ---------  
  Slow    Yes        Yes        
  Fast    Yes        Yes        


------------------------------------------------------------------------------------------------
| Report Methodology
| ------------------
------------------------------------------------------------------------------------------------

No report available as report_methodology has not been run prior. Run report_methodology on the current design for the summary of methodology violations.



check_timing report

Table of Contents
-----------------
1. checking no_clock (0)
2. checking constant_clock (0)
3. checking pulse_width_clock (0)
4. checking unconstrained_internal_endpoints (0)
5. checking no_input_delay (18)
6. checking no_output_delay (60)
7. checking multiple_clock (0)
8. checking generated_clocks (0)
9. checking loops (0)
10. checking partial_input_delay (0)
11. checking partial_output_delay (0)
12. checking latch_loops (0)

1. checking no_clock (0)
------------------------
 There are 0 register/latch pins with no clock.


2. checking constant_clock (0)
------------------------------
 There are 0 register/latch pins with constant_clock.


3. checking pulse_width_clock (0)
---------------------------------
 There are 0 register/latch pins which need pulse_width check


4. checking unconstrained_internal_endpoints (0)
------------------------------------------------
 There are 0 pins that are not constrained for maximum delay.

 There are 0 pins that are not constrained for maximum delay due to constant clock.


5. checking no_input_delay (18)
-------------------------------
 There are 18 input ports with no input delay specified. (HIGH)

 There are 0 input ports with no input delay but user has a false path constraint.


6. checking no_output_delay (60)
--------------------------------
 There are 60 ports with no output delay specified. (HIGH)

 There are 0 ports with no output delay but user has a false path constraint

 There are 0 ports with no output delay but with a timing clock defined on it or propagating through it


7. checking multiple_clock (0)
------------------------------
 There are 0 register/latch pins with multiple clocks.


8. checking generated_clocks (0)
--------------------------------
 There are 0 generated clocks that are not connected to a clock source.


9. checking loops (0)
---------------------
 There are 0 combinational loops in the design.


10. checking partial_input_delay (0)
------------------------------------
 There are 0 input ports with partial input delay specified.


11. checking partial_output_delay (0)
-------------------------------------
 There are 0 ports with partial output delay specified.


12. checking latch_loops (0)
----------------------------
 There are 0 combinational latch loops in the design through latch input



------------------------------------------------------------------------------------------------
| Design Timing Summary
| ---------------------
------------------------------------------------------------------------------------------------

    WNS(ns)      TNS(ns)  TNS Failing Endpoints  TNS Total Endpoints      WHS(ns)      THS(ns)  THS Failing Endpoints  THS Total Endpoints     WPWS(ns)     TPWS(ns)  TPWS Failing Endpoints  TPWS Total Endpoints  
    -------      -------  ---------------------  -------------------      -------      -------  ---------------------  -------------------     --------     --------  ----------------------  --------------------  
      0.372        0.000                      0                15150        0.034        0.000                      0                15150        0.264        0.000                       0                  5428  


All user specified timing constraints are met.


------------------------------------------------------------------------------------------------
| Clock Summary
| -------------
------------------------------------------------------------------------------------------------

Clock                          Waveform(ns)         Period(ns)      Frequency(MHz)
-----                          ------------         ----------      --------------
clk100                         {0.000 5.000}        10.000          100.000         
  soc_builder_basesoc_mmcm_fb  {0.000 5.000}        10.000          100.000         
  soc_crg_clkout0              {0.000 6.667}        13.333          75.000          
  soc_crg_clkout1              {0.000 3.333}        6.667           150.000         
  soc_crg_clkout2              {1.667 5.000}        6.667           150.000         
  soc_crg_clkout3              {0.000 2.500}        5.000           200.000         


------------------------------------------------------------------------------------------------
| Intra Clock Table
| -----------------
------------------------------------------------------------------------------------------------

Clock                              WNS(ns)      TNS(ns)  TNS Failing Endpoints  TNS Total Endpoints      WHS(ns)      THS(ns)  THS Failing Endpoints  THS Total Endpoints     WPWS(ns)     TPWS(ns)  TPWS Failing Endpoints  TPWS Total Endpoints  
-----                              -------      -------  ---------------------  -------------------      -------      -------  ---------------------  -------------------     --------     --------  ----------------------  --------------------  
clk100                               8.795        0.000                      0                    7        0.171        0.000                      0                    7        3.000        0.000                       0                    10  
  soc_builder_basesoc_mmcm_fb                                                                                                                                                    8.751        0.000                       0                     2  
  soc_crg_clkout0                    0.372        0.000                      0                15129        0.034        0.000                      0                15129        5.417        0.000                       0                  5327  
  soc_crg_clkout1                                                                                                                                                                4.511        0.000                       0                    75  
  soc_crg_clkout2                                                                                                                                                                4.511        0.000                       0                     4  
  soc_crg_clkout3                    1.246        0.000                      0                   14        0.122        0.000                      0                   14        0.264        0.000                       0                    10  


------------------------------------------------------------------------------------------------
| Inter Clock Table
| -----------------
------------------------------------------------------------------------------------------------

From Clock    To Clock          WNS(ns)      TNS(ns)  TNS Failing Endpoints  TNS Total Endpoints      WHS(ns)      THS(ns)  THS Failing Endpoints  THS Total Endpoints  
----------    --------          -------      -------  ---------------------  -------------------      -------      -------  ---------------------  -------------------  


------------------------------------------------------------------------------------------------
| Other Path Groups Table
| -----------------------
------------------------------------------------------------------------------------------------

Path Group    From Clock    To Clock          WNS(ns)      TNS(ns)  TNS Failing Endpoints  TNS Total Endpoints      WHS(ns)      THS(ns)  THS Failing Endpoints  THS Total Endpoints  
----------    ----------    --------          -------      -------  ---------------------  -------------------      -------      -------  ---------------------  -------------------  


------------------------------------------------------------------------------------------------
| Timing Details
| --------------
------------------------------------------------------------------------------------------------


---------------------------------------------------------------------------------------------------
From Clock:  clk100
  To Clock:  clk100

Setup :            0  Failing Endpoints,  Worst Slack        8.795ns,  Total Violation        0.000ns
Hold  :            0  Failing Endpoints,  Worst Slack        0.171ns,  Total Violation        0.000ns
PW    :            0  Failing Endpoints,  Worst Slack        3.000ns,  Total Violation        0.000ns
---------------------------------------------------------------------------------------------------


Max Delay Paths
--------------------------------------------------------------------------------------
Slack (MET) :             8.795ns  (required time - arrival time)
  Source:                 FDCE/C
                            (rising edge-triggered cell FDCE clocked by clk100  {rise@0.000ns fall@5.000ns period=10.000ns})
  Destination:            FDCE_1/D
                            (rising edge-triggered cell FDCE clocked by clk100  {rise@0.000ns fall@5.000ns period=10.000ns})
  Path Group:             clk100
  Path Type:              Setup (Max at Slow Process Corner)
  Requirement:            10.000ns  (clk100 rise@10.000ns - clk100 rise@0.000ns)
  Data Path Delay:        1.080ns  (logic 0.456ns (42.205%)  route 0.624ns (57.795%))
  Logic Levels:           0  
  Clock Path Skew:        -0.022ns (DCD - SCD + CPR)
    Destination Clock Delay (DCD):    6.911ns = ( 16.911 - 10.000 ) 
    Source Clock Delay      (SCD):    7.569ns
    Clock Pessimism Removal (CPR):    0.635ns
  Clock Uncertainty:      0.035ns  ((TSJ^2 + TIJ^2)^1/2 + DJ) / 2 + PE
    Total System Jitter     (TSJ):    0.071ns
    Total Input Jitter      (TIJ):    0.000ns
    Discrete Jitter          (DJ):    0.000ns
    Phase Error              (PE):    0.000ns

    Location             Delay type                Incr(ns)  Path(ns)    Netlist Resource(s)
  -------------------------------------------------------------------    -------------------
                         (clock clk100 rise edge)     0.000     0.000 r  
    E3                                                0.000     0.000 r  clk100 (IN)
                         net (fo=0)                   0.000     0.000    clk100
    E3                   IBUF (Prop_ibuf_I_O)         1.482     1.482 r  clk100_IBUF_inst/O
                         net (fo=1, routed)           2.025     3.506    clk100_IBUF
    BUFGCTRL_X0Y16       BUFG (Prop_bufg_I_O)         0.096     3.602 r  clk100_IBUF_BUFG_inst/O
                         net (fo=1, routed)           1.955     5.557    clk100_IBUF_BUFG
    SLICE_X34Y25         LUT1 (Prop_lut1_I0_O)        0.124     5.681 r  clk100_inst/O
                         net (fo=9, routed)           1.887     7.569    soc_crg_clkin
    SLICE_X52Y67         FDCE                                         r  FDCE/C
  -------------------------------------------------------------------    -------------------
    SLICE_X52Y67         FDCE (Prop_fdce_C_Q)         0.456     8.025 r  FDCE/Q
                         net (fo=1, routed)           0.624     8.649    soc_builder_basesoc_reset0
    SLICE_X53Y67         FDCE                                         r  FDCE_1/D
  -------------------------------------------------------------------    -------------------

                         (clock clk100 rise edge)    10.000    10.000 r  
    E3                                                0.000    10.000 r  clk100 (IN)
                         net (fo=0)                   0.000    10.000    clk100
    E3                   IBUF (Prop_ibuf_I_O)         1.411    11.411 r  clk100_IBUF_inst/O
                         net (fo=1, routed)           1.920    13.331    clk100_IBUF
    BUFGCTRL_X0Y16       BUFG (Prop_bufg_I_O)         0.091    13.422 r  clk100_IBUF_BUFG_inst/O
                         net (fo=1, routed)           1.796    15.218    clk100_IBUF_BUFG
    SLICE_X34Y25         LUT1 (Prop_lut1_I0_O)        0.100    15.318 r  clk100_inst/O
                         net (fo=9, routed)           1.593    16.911    soc_crg_clkin
    SLICE_X53Y67         FDCE                                         r  FDCE_1/C
                         clock pessimism              0.635    17.547    
                         clock uncertainty           -0.035    17.511    
    SLICE_X53Y67         FDCE (Setup_fdce_C_D)       -0.067    17.444    FDCE_1
  -------------------------------------------------------------------
                         required time                         17.444    
                         arrival time                          -8.649    
  -------------------------------------------------------------------
                         slack                                  8.795    

Slack (MET) :             8.822ns  (required time - arrival time)
  Source:                 FDCE_3/C
                            (rising edge-triggered cell FDCE clocked by clk100  {rise@0.000ns fall@5.000ns period=10.000ns})
  Destination:            FDCE_4/D
                            (rising edge-triggered cell FDCE clocked by clk100  {rise@0.000ns fall@5.000ns period=10.000ns})
  Path Group:             clk100
  Path Type:              Setup (Max at Slow Process Corner)
  Requirement:            10.000ns  (clk100 rise@10.000ns - clk100 rise@0.000ns)
  Data Path Delay:        1.085ns  (logic 0.456ns (42.026%)  route 0.629ns (57.974%))
  Logic Levels:           0  
  Clock Path Skew:        0.000ns (DCD - SCD + CPR)
    Destination Clock Delay (DCD):    6.911ns = ( 16.911 - 10.000 ) 
    Source Clock Delay      (SCD):    7.569ns
    Clock Pessimism Removal (CPR):    0.657ns
  Clock Uncertainty:      0.035ns  ((TSJ^2 + TIJ^2)^1/2 + DJ) / 2 + PE
    Total System Jitter     (TSJ):    0.071ns
    Total Input Jitter      (TIJ):    0.000ns
    Discrete Jitter          (DJ):    0.000ns
    Phase Error              (PE):    0.000ns

    Location             Delay type                Incr(ns)  Path(ns)    Netlist Resource(s)
  -------------------------------------------------------------------    -------------------
                         (clock clk100 rise edge)     0.000     0.000 r  
    E3                                                0.000     0.000 r  clk100 (IN)
                         net (fo=0)                   0.000     0.000    clk100
    E3                   IBUF (Prop_ibuf_I_O)         1.482     1.482 r  clk100_IBUF_inst/O
                         net (fo=1, routed)           2.025     3.506    clk100_IBUF
    BUFGCTRL_X0Y16       BUFG (Prop_bufg_I_O)         0.096     3.602 r  clk100_IBUF_BUFG_inst/O
                         net (fo=1, routed)           1.955     5.557    clk100_IBUF_BUFG
    SLICE_X34Y25         LUT1 (Prop_lut1_I0_O)        0.124     5.681 r  clk100_inst/O
                         net (fo=9, routed)           1.887     7.569    soc_crg_clkin
    SLICE_X53Y67         FDCE                                         r  FDCE_3/C
  -------------------------------------------------------------------    -------------------
    SLICE_X53Y67         FDCE (Prop_fdce_C_Q)         0.456     8.025 r  FDCE_3/Q
                         net (fo=1, routed)           0.629     8.654    soc_builder_basesoc_reset3
    SLICE_X53Y67         FDCE                                         r  FDCE_4/D
  -------------------------------------------------------------------    -------------------

                         (clock clk100 rise edge)    10.000    10.000 r  
    E3                                                0.000    10.000 r  clk100 (IN)
                         net (fo=0)                   0.000    10.000    clk100
    E3                   IBUF (Prop_ibuf_I_O)         1.411    11.411 r  clk100_IBUF_inst/O
                         net (fo=1, routed)           1.920    13.331    clk100_IBUF
    BUFGCTRL_X0Y16       BUFG (Prop_bufg_I_O)         0.091    13.422 r  clk100_IBUF_BUFG_inst/O
                         net (fo=1, routed)           1.796    15.218    clk100_IBUF_BUFG
    SLICE_X34Y25         LUT1 (Prop_lut1_I0_O)        0.100    15.318 r  clk100_inst/O
                         net (fo=9, routed)           1.593    16.911    soc_crg_clkin
    SLICE_X53Y67         FDCE                                         r  FDCE_4/C
                         clock pessimism              0.657    17.569    
                         clock uncertainty           -0.035    17.533    
    SLICE_X53Y67         FDCE (Setup_fdce_C_D)       -0.058    17.475    FDCE_4
  -------------------------------------------------------------------
                         required time                         17.475    
                         arrival time                          -8.654    
  -------------------------------------------------------------------
                         slack                                  8.822    

Slack (MET) :             8.824ns  (required time - arrival time)
  Source:                 FDCE_2/C
                            (rising edge-triggered cell FDCE clocked by clk100  {rise@0.000ns fall@5.000ns period=10.000ns})
  Destination:            FDCE_3/D
                            (rising edge-triggered cell FDCE clocked by clk100  {rise@0.000ns fall@5.000ns period=10.000ns})
  Path Group:             clk100
  Path Type:              Setup (Max at Slow Process Corner)
  Requirement:            10.000ns  (clk100 rise@10.000ns - clk100 rise@0.000ns)
  Data Path Delay:        1.080ns  (logic 0.456ns (42.221%)  route 0.624ns (57.779%))
  Logic Levels:           0  
  Clock Path Skew:        0.000ns (DCD - SCD + CPR)
    Destination Clock Delay (DCD):    6.911ns = ( 16.911 - 10.000 ) 
    Source Clock Delay      (SCD):    7.569ns
    Clock Pessimism Removal (CPR):    0.657ns
  Clock Uncertainty:      0.035ns  ((TSJ^2 + TIJ^2)^1/2 + DJ) / 2 + PE
    Total System Jitter     (TSJ):    0.071ns
    Total Input Jitter      (TIJ):    0.000ns
    Discrete Jitter          (DJ):    0.000ns
    Phase Error              (PE):    0.000ns

    Location             Delay type                Incr(ns)  Path(ns)    Netlist Resource(s)
  -------------------------------------------------------------------    -------------------
                         (clock clk100 rise edge)     0.000     0.000 r  
    E3                                                0.000     0.000 r  clk100 (IN)
                         net (fo=0)                   0.000     0.000    clk100
    E3                   IBUF (Prop_ibuf_I_O)         1.482     1.482 r  clk100_IBUF_inst/O
                         net (fo=1, routed)           2.025     3.506    clk100_IBUF
    BUFGCTRL_X0Y16       BUFG (Prop_bufg_I_O)         0.096     3.602 r  clk100_IBUF_BUFG_inst/O
                         net (fo=1, routed)           1.955     5.557    clk100_IBUF_BUFG
    SLICE_X34Y25         LUT1 (Prop_lut1_I0_O)        0.124     5.681 r  clk100_inst/O
                         net (fo=9, routed)           1.887     7.569    soc_crg_clkin
    SLICE_X53Y67         FDCE                                         r  FDCE_2/C
  -------------------------------------------------------------------    -------------------
    SLICE_X53Y67         FDCE (Prop_fdce_C_Q)         0.456     8.025 r  FDCE_2/Q
                         net (fo=1, routed)           0.624     8.649    soc_builder_basesoc_reset2
    SLICE_X53Y67         FDCE                                         r  FDCE_3/D
  -------------------------------------------------------------------    -------------------

                         (clock clk100 rise edge)    10.000    10.000 r  
    E3                                                0.000    10.000 r  clk100 (IN)
                         net (fo=0)                   0.000    10.000    clk100
    E3                   IBUF (Prop_ibuf_I_O)         1.411    11.411 r  clk100_IBUF_inst/O
                         net (fo=1, routed)           1.920    13.331    clk100_IBUF
    BUFGCTRL_X0Y16       BUFG (Prop_bufg_I_O)         0.091    13.422 r  clk100_IBUF_BUFG_inst/O
                         net (fo=1, routed)           1.796    15.218    clk100_IBUF_BUFG
    SLICE_X34Y25         LUT1 (Prop_lut1_I0_O)        0.100    15.318 r  clk100_inst/O
                         net (fo=9, routed)           1.593    16.911    soc_crg_clkin
    SLICE_X53Y67         FDCE                                         r  FDCE_3/C
                         clock pessimism              0.657    17.569    
                         clock uncertainty           -0.035    17.533    
    SLICE_X53Y67         FDCE (Setup_fdce_C_D)       -0.061    17.472    FDCE_3
  -------------------------------------------------------------------
                         required time                         17.472    
                         arrival time                          -8.649    
  -------------------------------------------------------------------
                         slack                                  8.824    

Slack (MET) :             8.907ns  (required time - arrival time)
  Source:                 FDCE_5/C
                            (rising edge-triggered cell FDCE clocked by clk100  {rise@0.000ns fall@5.000ns period=10.000ns})
  Destination:            FDCE_6/D
                            (rising edge-triggered cell FDCE clocked by clk100  {rise@0.000ns fall@5.000ns period=10.000ns})
  Path Group:             clk100
  Path Type:              Setup (Max at Slow Process Corner)
  Requirement:            10.000ns  (clk100 rise@10.000ns - clk100 rise@0.000ns)
  Data Path Delay:        0.801ns  (logic 0.419ns (52.283%)  route 0.382ns (47.717%))
  Logic Levels:           0  
  Clock Path Skew:        0.000ns (DCD - SCD + CPR)
    Destination Clock Delay (DCD):    6.911ns = ( 16.911 - 10.000 ) 
    Source Clock Delay      (SCD):    7.569ns
    Clock Pessimism Removal (CPR):    0.657ns
  Clock Uncertainty:      0.035ns  ((TSJ^2 + TIJ^2)^1/2 + DJ) / 2 + PE
    Total System Jitter     (TSJ):    0.071ns
    Total Input Jitter      (TIJ):    0.000ns
    Discrete Jitter          (DJ):    0.000ns
    Phase Error              (PE):    0.000ns

    Location             Delay type                Incr(ns)  Path(ns)    Netlist Resource(s)
  -------------------------------------------------------------------    -------------------
                         (clock clk100 rise edge)     0.000     0.000 r  
    E3                                                0.000     0.000 r  clk100 (IN)
                         net (fo=0)                   0.000     0.000    clk100
    E3                   IBUF (Prop_ibuf_I_O)         1.482     1.482 r  clk100_IBUF_inst/O
                         net (fo=1, routed)           2.025     3.506    clk100_IBUF
    BUFGCTRL_X0Y16       BUFG (Prop_bufg_I_O)         0.096     3.602 r  clk100_IBUF_BUFG_inst/O
                         net (fo=1, routed)           1.955     5.557    clk100_IBUF_BUFG
    SLICE_X34Y25         LUT1 (Prop_lut1_I0_O)        0.124     5.681 r  clk100_inst/O
                         net (fo=9, routed)           1.887     7.569    soc_crg_clkin
    SLICE_X52Y67         FDCE                                         r  FDCE_5/C
  -------------------------------------------------------------------    -------------------
    SLICE_X52Y67         FDCE (Prop_fdce_C_Q)         0.419     7.988 r  FDCE_5/Q
                         net (fo=1, routed)           0.382     8.370    soc_builder_basesoc_reset5
    SLICE_X52Y67         FDCE                                         r  FDCE_6/D
  -------------------------------------------------------------------    -------------------

                         (clock clk100 rise edge)    10.000    10.000 r  
    E3                                                0.000    10.000 r  clk100 (IN)
                         net (fo=0)                   0.000    10.000    clk100
    E3                   IBUF (Prop_ibuf_I_O)         1.411    11.411 r  clk100_IBUF_inst/O
                         net (fo=1, routed)           1.920    13.331    clk100_IBUF
    BUFGCTRL_X0Y16       BUFG (Prop_bufg_I_O)         0.091    13.422 r  clk100_IBUF_BUFG_inst/O
                         net (fo=1, routed)           1.796    15.218    clk100_IBUF_BUFG
    SLICE_X34Y25         LUT1 (Prop_lut1_I0_O)        0.100    15.318 r  clk100_inst/O
                         net (fo=9, routed)           1.593    16.911    soc_crg_clkin
    SLICE_X52Y67         FDCE                                         r  FDCE_6/C
                         clock pessimism              0.657    17.569    
                         clock uncertainty           -0.035    17.533    
    SLICE_X52Y67         FDCE (Setup_fdce_C_D)       -0.256    17.277    FDCE_6
  -------------------------------------------------------------------
                         required time                         17.277    
                         arrival time                          -8.370    
  -------------------------------------------------------------------
                         slack                                  8.907    

Slack (MET) :             8.907ns  (required time - arrival time)
  Source:                 FDCE_1/C
                            (rising edge-triggered cell FDCE clocked by clk100  {rise@0.000ns fall@5.000ns period=10.000ns})
  Destination:            FDCE_2/D
                            (rising edge-triggered cell FDCE clocked by clk100  {rise@0.000ns fall@5.000ns period=10.000ns})
  Path Group:             clk100
  Path Type:              Setup (Max at Slow Process Corner)
  Requirement:            10.000ns  (clk100 rise@10.000ns - clk100 rise@0.000ns)
  Data Path Delay:        0.976ns  (logic 0.456ns (46.708%)  route 0.520ns (53.292%))
  Logic Levels:           0  
  Clock Path Skew:        0.000ns (DCD - SCD + CPR)
    Destination Clock Delay (DCD):    6.911ns = ( 16.911 - 10.000 ) 
    Source Clock Delay      (SCD):    7.569ns
    Clock Pessimism Removal (CPR):    0.657ns
  Clock Uncertainty:      0.035ns  ((TSJ^2 + TIJ^2)^1/2 + DJ) / 2 + PE
    Total System Jitter     (TSJ):    0.071ns
    Total Input Jitter      (TIJ):    0.000ns
    Discrete Jitter          (DJ):    0.000ns
    Phase Error              (PE):    0.000ns

    Location             Delay type                Incr(ns)  Path(ns)    Netlist Resource(s)
  -------------------------------------------------------------------    -------------------
                         (clock clk100 rise edge)     0.000     0.000 r  
    E3                                                0.000     0.000 r  clk100 (IN)
                         net (fo=0)                   0.000     0.000    clk100
    E3                   IBUF (Prop_ibuf_I_O)         1.482     1.482 r  clk100_IBUF_inst/O
                         net (fo=1, routed)           2.025     3.506    clk100_IBUF
    BUFGCTRL_X0Y16       BUFG (Prop_bufg_I_O)         0.096     3.602 r  clk100_IBUF_BUFG_inst/O
                         net (fo=1, routed)           1.955     5.557    clk100_IBUF_BUFG
    SLICE_X34Y25         LUT1 (Prop_lut1_I0_O)        0.124     5.681 r  clk100_inst/O
                         net (fo=9, routed)           1.887     7.569    soc_crg_clkin
    SLICE_X53Y67         FDCE                                         r  FDCE_1/C
  -------------------------------------------------------------------    -------------------
    SLICE_X53Y67         FDCE (Prop_fdce_C_Q)         0.456     8.025 r  FDCE_1/Q
                         net (fo=1, routed)           0.520     8.545    soc_builder_basesoc_reset1
    SLICE_X53Y67         FDCE                                         r  FDCE_2/D
  -------------------------------------------------------------------    -------------------

                         (clock clk100 rise edge)    10.000    10.000 r  
    E3                                                0.000    10.000 r  clk100 (IN)
                         net (fo=0)                   0.000    10.000    clk100
    E3                   IBUF (Prop_ibuf_I_O)         1.411    11.411 r  clk100_IBUF_inst/O
                         net (fo=1, routed)           1.920    13.331    clk100_IBUF
    BUFGCTRL_X0Y16       BUFG (Prop_bufg_I_O)         0.091    13.422 r  clk100_IBUF_BUFG_inst/O
                         net (fo=1, routed)           1.796    15.218    clk100_IBUF_BUFG
    SLICE_X34Y25         LUT1 (Prop_lut1_I0_O)        0.100    15.318 r  clk100_inst/O
                         net (fo=9, routed)           1.593    16.911    soc_crg_clkin
    SLICE_X53Y67         FDCE                                         r  FDCE_2/C
                         clock pessimism              0.657    17.569    
                         clock uncertainty           -0.035    17.533    
    SLICE_X53Y67         FDCE (Setup_fdce_C_D)       -0.081    17.452    FDCE_2
  -------------------------------------------------------------------
                         required time                         17.452    
                         arrival time                          -8.545    
  -------------------------------------------------------------------
                         slack                                  8.907    

Slack (MET) :             8.927ns  (required time - arrival time)
  Source:                 FDCE_6/C
                            (rising edge-triggered cell FDCE clocked by clk100  {rise@0.000ns fall@5.000ns period=10.000ns})
  Destination:            FDCE_7/D
                            (rising edge-triggered cell FDCE clocked by clk100  {rise@0.000ns fall@5.000ns period=10.000ns})
  Path Group:             clk100
  Path Type:              Setup (Max at Slow Process Corner)
  Requirement:            10.000ns  (clk100 rise@10.000ns - clk100 rise@0.000ns)
  Data Path Delay:        0.977ns  (logic 0.456ns (46.669%)  route 0.521ns (53.331%))
  Logic Levels:           0  
  Clock Path Skew:        0.000ns (DCD - SCD + CPR)
    Destination Clock Delay (DCD):    6.911ns = ( 16.911 - 10.000 ) 
    Source Clock Delay      (SCD):    7.569ns
    Clock Pessimism Removal (CPR):    0.657ns
  Clock Uncertainty:      0.035ns  ((TSJ^2 + TIJ^2)^1/2 + DJ) / 2 + PE
    Total System Jitter     (TSJ):    0.071ns
    Total Input Jitter      (TIJ):    0.000ns
    Discrete Jitter          (DJ):    0.000ns
    Phase Error              (PE):    0.000ns

    Location             Delay type                Incr(ns)  Path(ns)    Netlist Resource(s)
  -------------------------------------------------------------------    -------------------
                         (clock clk100 rise edge)     0.000     0.000 r  
    E3                                                0.000     0.000 r  clk100 (IN)
                         net (fo=0)                   0.000     0.000    clk100
    E3                   IBUF (Prop_ibuf_I_O)         1.482     1.482 r  clk100_IBUF_inst/O
                         net (fo=1, routed)           2.025     3.506    clk100_IBUF
    BUFGCTRL_X0Y16       BUFG (Prop_bufg_I_O)         0.096     3.602 r  clk100_IBUF_BUFG_inst/O
                         net (fo=1, routed)           1.955     5.557    clk100_IBUF_BUFG
    SLICE_X34Y25         LUT1 (Prop_lut1_I0_O)        0.124     5.681 r  clk100_inst/O
                         net (fo=9, routed)           1.887     7.569    soc_crg_clkin
    SLICE_X52Y67         FDCE                                         r  FDCE_6/C
  -------------------------------------------------------------------    -------------------
    SLICE_X52Y67         FDCE (Prop_fdce_C_Q)         0.456     8.025 r  FDCE_6/Q
                         net (fo=1, routed)           0.521     8.546    soc_builder_basesoc_reset6
    SLICE_X52Y67         FDCE                                         r  FDCE_7/D
  -------------------------------------------------------------------    -------------------

                         (clock clk100 rise edge)    10.000    10.000 r  
    E3                                                0.000    10.000 r  clk100 (IN)
                         net (fo=0)                   0.000    10.000    clk100
    E3                   IBUF (Prop_ibuf_I_O)         1.411    11.411 r  clk100_IBUF_inst/O
                         net (fo=1, routed)           1.920    13.331    clk100_IBUF
    BUFGCTRL_X0Y16       BUFG (Prop_bufg_I_O)         0.091    13.422 r  clk100_IBUF_BUFG_inst/O
                         net (fo=1, routed)           1.796    15.218    clk100_IBUF_BUFG
    SLICE_X34Y25         LUT1 (Prop_lut1_I0_O)        0.100    15.318 r  clk100_inst/O
                         net (fo=9, routed)           1.593    16.911    soc_crg_clkin
    SLICE_X52Y67         FDCE                                         r  FDCE_7/C
                         clock pessimism              0.657    17.569    
                         clock uncertainty           -0.035    17.533    
    SLICE_X52Y67         FDCE (Setup_fdce_C_D)       -0.061    17.472    FDCE_7
  -------------------------------------------------------------------
                         required time                         17.472    
                         arrival time                          -8.546    
  -------------------------------------------------------------------
                         slack                                  8.927    

Slack (MET) :             9.102ns  (required time - arrival time)
  Source:                 FDCE_4/C
                            (rising edge-triggered cell FDCE clocked by clk100  {rise@0.000ns fall@5.000ns period=10.000ns})
  Destination:            FDCE_5/D
                            (rising edge-triggered cell FDCE clocked by clk100  {rise@0.000ns fall@5.000ns period=10.000ns})
  Path Group:             clk100
  Path Type:              Setup (Max at Slow Process Corner)
  Requirement:            10.000ns  (clk100 rise@10.000ns - clk100 rise@0.000ns)
  Data Path Delay:        0.794ns  (logic 0.456ns (57.441%)  route 0.338ns (42.559%))
  Logic Levels:           0  
  Clock Path Skew:        -0.022ns (DCD - SCD + CPR)
    Destination Clock Delay (DCD):    6.911ns = ( 16.911 - 10.000 ) 
    Source Clock Delay      (SCD):    7.569ns
    Clock Pessimism Removal (CPR):    0.635ns
  Clock Uncertainty:      0.035ns  ((TSJ^2 + TIJ^2)^1/2 + DJ) / 2 + PE
    Total System Jitter     (TSJ):    0.071ns
    Total Input Jitter      (TIJ):    0.000ns
    Discrete Jitter          (DJ):    0.000ns
    Phase Error              (PE):    0.000ns

    Location             Delay type                Incr(ns)  Path(ns)    Netlist Resource(s)
  -------------------------------------------------------------------    -------------------
                         (clock clk100 rise edge)     0.000     0.000 r  
    E3                                                0.000     0.000 r  clk100 (IN)
                         net (fo=0)                   0.000     0.000    clk100
    E3                   IBUF (Prop_ibuf_I_O)         1.482     1.482 r  clk100_IBUF_inst/O
                         net (fo=1, routed)           2.025     3.506    clk100_IBUF
    BUFGCTRL_X0Y16       BUFG (Prop_bufg_I_O)         0.096     3.602 r  clk100_IBUF_BUFG_inst/O
                         net (fo=1, routed)           1.955     5.557    clk100_IBUF_BUFG
    SLICE_X34Y25         LUT1 (Prop_lut1_I0_O)        0.124     5.681 r  clk100_inst/O
                         net (fo=9, routed)           1.887     7.569    soc_crg_clkin
    SLICE_X53Y67         FDCE                                         r  FDCE_4/C
  -------------------------------------------------------------------    -------------------
    SLICE_X53Y67         FDCE (Prop_fdce_C_Q)         0.456     8.025 r  FDCE_4/Q
                         net (fo=1, routed)           0.338     8.363    soc_builder_basesoc_reset4
    SLICE_X52Y67         FDCE                                         r  FDCE_5/D
  -------------------------------------------------------------------    -------------------

                         (clock clk100 rise edge)    10.000    10.000 r  
    E3                                                0.000    10.000 r  clk100 (IN)
                         net (fo=0)                   0.000    10.000    clk100
    E3                   IBUF (Prop_ibuf_I_O)         1.411    11.411 r  clk100_IBUF_inst/O
                         net (fo=1, routed)           1.920    13.331    clk100_IBUF
    BUFGCTRL_X0Y16       BUFG (Prop_bufg_I_O)         0.091    13.422 r  clk100_IBUF_BUFG_inst/O
                         net (fo=1, routed)           1.796    15.218    clk100_IBUF_BUFG
    SLICE_X34Y25         LUT1 (Prop_lut1_I0_O)        0.100    15.318 r  clk100_inst/O
                         net (fo=9, routed)           1.593    16.911    soc_crg_clkin
    SLICE_X52Y67         FDCE                                         r  FDCE_5/C
                         clock pessimism              0.635    17.547    
                         clock uncertainty           -0.035    17.511    
    SLICE_X52Y67         FDCE (Setup_fdce_C_D)       -0.047    17.464    FDCE_5
  -------------------------------------------------------------------
                         required time                         17.464    
                         arrival time                          -8.363    
  -------------------------------------------------------------------
                         slack                                  9.102    





Min Delay Paths
--------------------------------------------------------------------------------------
Slack (MET) :             0.171ns  (arrival time - required time)
  Source:                 FDCE_4/C
                            (rising edge-triggered cell FDCE clocked by clk100  {rise@0.000ns fall@5.000ns period=10.000ns})
  Destination:            FDCE_5/D
                            (rising edge-triggered cell FDCE clocked by clk100  {rise@0.000ns fall@5.000ns period=10.000ns})
  Path Group:             clk100
  Path Type:              Hold (Min at Fast Process Corner)
  Requirement:            0.000ns  (clk100 rise@0.000ns - clk100 rise@0.000ns)
  Data Path Delay:        0.259ns  (logic 0.141ns (54.469%)  route 0.118ns (45.531%))
  Logic Levels:           0  
  Clock Path Skew:        0.013ns (DCD - SCD - CPR)
    Destination Clock Delay (DCD):    3.063ns
    Source Clock Delay      (SCD):    2.393ns
    Clock Pessimism Removal (CPR):    0.657ns

    Location             Delay type                Incr(ns)  Path(ns)    Netlist Resource(s)
  -------------------------------------------------------------------    -------------------
                         (clock clk100 rise edge)     0.000     0.000 r  
    E3                                                0.000     0.000 r  clk100 (IN)
                         net (fo=0)                   0.000     0.000    clk100
    E3                   IBUF (Prop_ibuf_I_O)         0.250     0.250 r  clk100_IBUF_inst/O
                         net (fo=1, routed)           0.644     0.894    clk100_IBUF
    BUFGCTRL_X0Y16       BUFG (Prop_bufg_I_O)         0.026     0.920 r  clk100_IBUF_BUFG_inst/O
                         net (fo=1, routed)           0.683     1.603    clk100_IBUF_BUFG
    SLICE_X34Y25         LUT1 (Prop_lut1_I0_O)        0.045     1.648 r  clk100_inst/O
                         net (fo=9, routed)           0.745     2.393    soc_crg_clkin
    SLICE_X53Y67         FDCE                                         r  FDCE_4/C
  -------------------------------------------------------------------    -------------------
    SLICE_X53Y67         FDCE (Prop_fdce_C_Q)         0.141     2.534 r  FDCE_4/Q
                         net (fo=1, routed)           0.118     2.652    soc_builder_basesoc_reset4
    SLICE_X52Y67         FDCE                                         r  FDCE_5/D
  -------------------------------------------------------------------    -------------------

                         (clock clk100 rise edge)     0.000     0.000 r  
    E3                                                0.000     0.000 r  clk100 (IN)
                         net (fo=0)                   0.000     0.000    clk100
    E3                   IBUF (Prop_ibuf_I_O)         0.438     0.438 r  clk100_IBUF_inst/O
                         net (fo=1, routed)           0.699     1.136    clk100_IBUF
    BUFGCTRL_X0Y16       BUFG (Prop_bufg_I_O)         0.029     1.165 r  clk100_IBUF_BUFG_inst/O
                         net (fo=1, routed)           0.963     2.129    clk100_IBUF_BUFG
    SLICE_X34Y25         LUT1 (Prop_lut1_I0_O)        0.056     2.185 r  clk100_inst/O
                         net (fo=9, routed)           0.878     3.063    soc_crg_clkin
    SLICE_X52Y67         FDCE                                         r  FDCE_5/C
                         clock pessimism             -0.657     2.406    
    SLICE_X52Y67         FDCE (Hold_fdce_C_D)         0.075     2.481    FDCE_5
  -------------------------------------------------------------------
                         required time                         -2.481    
                         arrival time                           2.652    
  -------------------------------------------------------------------
                         slack                                  0.171    

Slack (MET) :             0.235ns  (arrival time - required time)
  Source:                 FDCE_5/C
                            (rising edge-triggered cell FDCE clocked by clk100  {rise@0.000ns fall@5.000ns period=10.000ns})
  Destination:            FDCE_6/D
                            (rising edge-triggered cell FDCE clocked by clk100  {rise@0.000ns fall@5.000ns period=10.000ns})
  Path Group:             clk100
  Path Type:              Hold (Min at Fast Process Corner)
  Requirement:            0.000ns  (clk100 rise@0.000ns - clk100 rise@0.000ns)
  Data Path Delay:        0.247ns  (logic 0.128ns (51.736%)  route 0.119ns (48.264%))
  Logic Levels:           0  
  Clock Path Skew:        0.000ns (DCD - SCD - CPR)
    Destination Clock Delay (DCD):    3.063ns
    Source Clock Delay      (SCD):    2.393ns
    Clock Pessimism Removal (CPR):    0.670ns

    Location             Delay type                Incr(ns)  Path(ns)    Netlist Resource(s)
  -------------------------------------------------------------------    -------------------
                         (clock clk100 rise edge)     0.000     0.000 r  
    E3                                                0.000     0.000 r  clk100 (IN)
                         net (fo=0)                   0.000     0.000    clk100
    E3                   IBUF (Prop_ibuf_I_O)         0.250     0.250 r  clk100_IBUF_inst/O
                         net (fo=1, routed)           0.644     0.894    clk100_IBUF
    BUFGCTRL_X0Y16       BUFG (Prop_bufg_I_O)         0.026     0.920 r  clk100_IBUF_BUFG_inst/O
                         net (fo=1, routed)           0.683     1.603    clk100_IBUF_BUFG
    SLICE_X34Y25         LUT1 (Prop_lut1_I0_O)        0.045     1.648 r  clk100_inst/O
                         net (fo=9, routed)           0.745     2.393    soc_crg_clkin
    SLICE_X52Y67         FDCE                                         r  FDCE_5/C
  -------------------------------------------------------------------    -------------------
    SLICE_X52Y67         FDCE (Prop_fdce_C_Q)         0.128     2.521 r  FDCE_5/Q
                         net (fo=1, routed)           0.119     2.640    soc_builder_basesoc_reset5
    SLICE_X52Y67         FDCE                                         r  FDCE_6/D
  -------------------------------------------------------------------    -------------------

                         (clock clk100 rise edge)     0.000     0.000 r  
    E3                                                0.000     0.000 r  clk100 (IN)
                         net (fo=0)                   0.000     0.000    clk100
    E3                   IBUF (Prop_ibuf_I_O)         0.438     0.438 r  clk100_IBUF_inst/O
                         net (fo=1, routed)           0.699     1.136    clk100_IBUF
    BUFGCTRL_X0Y16       BUFG (Prop_bufg_I_O)         0.029     1.165 r  clk100_IBUF_BUFG_inst/O
                         net (fo=1, routed)           0.963     2.129    clk100_IBUF_BUFG
    SLICE_X34Y25         LUT1 (Prop_lut1_I0_O)        0.056     2.185 r  clk100_inst/O
                         net (fo=9, routed)           0.878     3.063    soc_crg_clkin
    SLICE_X52Y67         FDCE                                         r  FDCE_6/C
                         clock pessimism             -0.670     2.393    
    SLICE_X52Y67         FDCE (Hold_fdce_C_D)         0.012     2.405    FDCE_6
  -------------------------------------------------------------------
                         required time                         -2.405    
                         arrival time                           2.640    
  -------------------------------------------------------------------
                         slack                                  0.235    

Slack (MET) :             0.243ns  (arrival time - required time)
  Source:                 FDCE_6/C
                            (rising edge-triggered cell FDCE clocked by clk100  {rise@0.000ns fall@5.000ns period=10.000ns})
  Destination:            FDCE_7/D
                            (rising edge-triggered cell FDCE clocked by clk100  {rise@0.000ns fall@5.000ns period=10.000ns})
  Path Group:             clk100
  Path Type:              Hold (Min at Fast Process Corner)
  Requirement:            0.000ns  (clk100 rise@0.000ns - clk100 rise@0.000ns)
  Data Path Delay:        0.313ns  (logic 0.141ns (45.034%)  route 0.172ns (54.966%))
  Logic Levels:           0  
  Clock Path Skew:        0.000ns (DCD - SCD - CPR)
    Destination Clock Delay (DCD):    3.063ns
    Source Clock Delay      (SCD):    2.393ns
    Clock Pessimism Removal (CPR):    0.670ns

    Location             Delay type                Incr(ns)  Path(ns)    Netlist Resource(s)
  -------------------------------------------------------------------    -------------------
                         (clock clk100 rise edge)     0.000     0.000 r  
    E3                                                0.000     0.000 r  clk100 (IN)
                         net (fo=0)                   0.000     0.000    clk100
    E3                   IBUF (Prop_ibuf_I_O)         0.250     0.250 r  clk100_IBUF_inst/O
                         net (fo=1, routed)           0.644     0.894    clk100_IBUF
    BUFGCTRL_X0Y16       BUFG (Prop_bufg_I_O)         0.026     0.920 r  clk100_IBUF_BUFG_inst/O
                         net (fo=1, routed)           0.683     1.603    clk100_IBUF_BUFG
    SLICE_X34Y25         LUT1 (Prop_lut1_I0_O)        0.045     1.648 r  clk100_inst/O
                         net (fo=9, routed)           0.745     2.393    soc_crg_clkin
    SLICE_X52Y67         FDCE                                         r  FDCE_6/C
  -------------------------------------------------------------------    -------------------
    SLICE_X52Y67         FDCE (Prop_fdce_C_Q)         0.141     2.534 r  FDCE_6/Q
                         net (fo=1, routed)           0.172     2.706    soc_builder_basesoc_reset6
    SLICE_X52Y67         FDCE                                         r  FDCE_7/D
  -------------------------------------------------------------------    -------------------

                         (clock clk100 rise edge)     0.000     0.000 r  
    E3                                                0.000     0.000 r  clk100 (IN)
                         net (fo=0)                   0.000     0.000    clk100
    E3                   IBUF (Prop_ibuf_I_O)         0.438     0.438 r  clk100_IBUF_inst/O
                         net (fo=1, routed)           0.699     1.136    clk100_IBUF
    BUFGCTRL_X0Y16       BUFG (Prop_bufg_I_O)         0.029     1.165 r  clk100_IBUF_BUFG_inst/O
                         net (fo=1, routed)           0.963     2.129    clk100_IBUF_BUFG
    SLICE_X34Y25         LUT1 (Prop_lut1_I0_O)        0.056     2.185 r  clk100_inst/O
                         net (fo=9, routed)           0.878     3.063    soc_crg_clkin
    SLICE_X52Y67         FDCE                                         r  FDCE_7/C
                         clock pessimism             -0.670     2.393    
    SLICE_X52Y67         FDCE (Hold_fdce_C_D)         0.070     2.463    FDCE_7
  -------------------------------------------------------------------
                         required time                         -2.463    
                         arrival time                           2.706    
  -------------------------------------------------------------------
                         slack                                  0.243    

Slack (MET) :             0.245ns  (arrival time - required time)
  Source:                 FDCE_1/C
                            (rising edge-triggered cell FDCE clocked by clk100  {rise@0.000ns fall@5.000ns period=10.000ns})
  Destination:            FDCE_2/D
                            (rising edge-triggered cell FDCE clocked by clk100  {rise@0.000ns fall@5.000ns period=10.000ns})
  Path Group:             clk100
  Path Type:              Hold (Min at Fast Process Corner)
  Requirement:            0.000ns  (clk100 rise@0.000ns - clk100 rise@0.000ns)
  Data Path Delay:        0.311ns  (logic 0.141ns (45.298%)  route 0.170ns (54.702%))
  Logic Levels:           0  
  Clock Path Skew:        0.000ns (DCD - SCD - CPR)
    Destination Clock Delay (DCD):    3.063ns
    Source Clock Delay      (SCD):    2.393ns
    Clock Pessimism Removal (CPR):    0.670ns

    Location             Delay type                Incr(ns)  Path(ns)    Netlist Resource(s)
  -------------------------------------------------------------------    -------------------
                         (clock clk100 rise edge)     0.000     0.000 r  
    E3                                                0.000     0.000 r  clk100 (IN)
                         net (fo=0)                   0.000     0.000    clk100
    E3                   IBUF (Prop_ibuf_I_O)         0.250     0.250 r  clk100_IBUF_inst/O
                         net (fo=1, routed)           0.644     0.894    clk100_IBUF
    BUFGCTRL_X0Y16       BUFG (Prop_bufg_I_O)         0.026     0.920 r  clk100_IBUF_BUFG_inst/O
                         net (fo=1, routed)           0.683     1.603    clk100_IBUF_BUFG
    SLICE_X34Y25         LUT1 (Prop_lut1_I0_O)        0.045     1.648 r  clk100_inst/O
                         net (fo=9, routed)           0.745     2.393    soc_crg_clkin
    SLICE_X53Y67         FDCE                                         r  FDCE_1/C
  -------------------------------------------------------------------    -------------------
    SLICE_X53Y67         FDCE (Prop_fdce_C_Q)         0.141     2.534 r  FDCE_1/Q
                         net (fo=1, routed)           0.170     2.704    soc_builder_basesoc_reset1
    SLICE_X53Y67         FDCE                                         r  FDCE_2/D
  -------------------------------------------------------------------    -------------------

                         (clock clk100 rise edge)     0.000     0.000 r  
    E3                                                0.000     0.000 r  clk100 (IN)
                         net (fo=0)                   0.000     0.000    clk100
    E3                   IBUF (Prop_ibuf_I_O)         0.438     0.438 r  clk100_IBUF_inst/O
                         net (fo=1, routed)           0.699     1.136    clk100_IBUF
    BUFGCTRL_X0Y16       BUFG (Prop_bufg_I_O)         0.029     1.165 r  clk100_IBUF_BUFG_inst/O
                         net (fo=1, routed)           0.963     2.129    clk100_IBUF_BUFG
    SLICE_X34Y25         LUT1 (Prop_lut1_I0_O)        0.056     2.185 r  clk100_inst/O
                         net (fo=9, routed)           0.878     3.063    soc_crg_clkin
    SLICE_X53Y67         FDCE                                         r  FDCE_2/C
                         clock pessimism             -0.670     2.393    
    SLICE_X53Y67         FDCE (Hold_fdce_C_D)         0.066     2.459    FDCE_2
  -------------------------------------------------------------------
                         required time                         -2.459    
                         arrival time                           2.704    
  -------------------------------------------------------------------
                         slack                                  0.245    

Slack (MET) :             0.280ns  (arrival time - required time)
  Source:                 FDCE/C
                            (rising edge-triggered cell FDCE clocked by clk100  {rise@0.000ns fall@5.000ns period=10.000ns})
  Destination:            FDCE_1/D
                            (rising edge-triggered cell FDCE clocked by clk100  {rise@0.000ns fall@5.000ns period=10.000ns})
  Path Group:             clk100
  Path Type:              Hold (Min at Fast Process Corner)
  Requirement:            0.000ns  (clk100 rise@0.000ns - clk100 rise@0.000ns)
  Data Path Delay:        0.363ns  (logic 0.141ns (38.795%)  route 0.222ns (61.205%))
  Logic Levels:           0  
  Clock Path Skew:        0.013ns (DCD - SCD - CPR)
    Destination Clock Delay (DCD):    3.063ns
    Source Clock Delay      (SCD):    2.393ns
    Clock Pessimism Removal (CPR):    0.657ns

    Location             Delay type                Incr(ns)  Path(ns)    Netlist Resource(s)
  -------------------------------------------------------------------    -------------------
                         (clock clk100 rise edge)     0.000     0.000 r  
    E3                                                0.000     0.000 r  clk100 (IN)
                         net (fo=0)                   0.000     0.000    clk100
    E3                   IBUF (Prop_ibuf_I_O)         0.250     0.250 r  clk100_IBUF_inst/O
                         net (fo=1, routed)           0.644     0.894    clk100_IBUF
    BUFGCTRL_X0Y16       BUFG (Prop_bufg_I_O)         0.026     0.920 r  clk100_IBUF_BUFG_inst/O
                         net (fo=1, routed)           0.683     1.603    clk100_IBUF_BUFG
    SLICE_X34Y25         LUT1 (Prop_lut1_I0_O)        0.045     1.648 r  clk100_inst/O
                         net (fo=9, routed)           0.745     2.393    soc_crg_clkin
    SLICE_X52Y67         FDCE                                         r  FDCE/C
  -------------------------------------------------------------------    -------------------
    SLICE_X52Y67         FDCE (Prop_fdce_C_Q)         0.141     2.534 r  FDCE/Q
                         net (fo=1, routed)           0.222     2.756    soc_builder_basesoc_reset0
    SLICE_X53Y67         FDCE                                         r  FDCE_1/D
  -------------------------------------------------------------------    -------------------

                         (clock clk100 rise edge)     0.000     0.000 r  
    E3                                                0.000     0.000 r  clk100 (IN)
                         net (fo=0)                   0.000     0.000    clk100
    E3                   IBUF (Prop_ibuf_I_O)         0.438     0.438 r  clk100_IBUF_inst/O
                         net (fo=1, routed)           0.699     1.136    clk100_IBUF
    BUFGCTRL_X0Y16       BUFG (Prop_bufg_I_O)         0.029     1.165 r  clk100_IBUF_BUFG_inst/O
                         net (fo=1, routed)           0.963     2.129    clk100_IBUF_BUFG
    SLICE_X34Y25         LUT1 (Prop_lut1_I0_O)        0.056     2.185 r  clk100_inst/O
                         net (fo=9, routed)           0.878     3.063    soc_crg_clkin
    SLICE_X53Y67         FDCE                                         r  FDCE_1/C
                         clock pessimism             -0.657     2.406    
    SLICE_X53Y67         FDCE (Hold_fdce_C_D)         0.070     2.476    FDCE_1
  -------------------------------------------------------------------
                         required time                         -2.476    
                         arrival time                           2.756    
  -------------------------------------------------------------------
                         slack                                  0.280    

Slack (MET) :             0.289ns  (arrival time - required time)
  Source:                 FDCE_3/C
                            (rising edge-triggered cell FDCE clocked by clk100  {rise@0.000ns fall@5.000ns period=10.000ns})
  Destination:            FDCE_4/D
                            (rising edge-triggered cell FDCE clocked by clk100  {rise@0.000ns fall@5.000ns period=10.000ns})
  Path Group:             clk100
  Path Type:              Hold (Min at Fast Process Corner)
  Requirement:            0.000ns  (clk100 rise@0.000ns - clk100 rise@0.000ns)
  Data Path Delay:        0.361ns  (logic 0.141ns (39.054%)  route 0.220ns (60.946%))
  Logic Levels:           0  
  Clock Path Skew:        0.000ns (DCD - SCD - CPR)
    Destination Clock Delay (DCD):    3.063ns
    Source Clock Delay      (SCD):    2.393ns
    Clock Pessimism Removal (CPR):    0.670ns

    Location             Delay type                Incr(ns)  Path(ns)    Netlist Resource(s)
  -------------------------------------------------------------------    -------------------
                         (clock clk100 rise edge)     0.000     0.000 r  
    E3                                                0.000     0.000 r  clk100 (IN)
                         net (fo=0)                   0.000     0.000    clk100
    E3                   IBUF (Prop_ibuf_I_O)         0.250     0.250 r  clk100_IBUF_inst/O
                         net (fo=1, routed)           0.644     0.894    clk100_IBUF
    BUFGCTRL_X0Y16       BUFG (Prop_bufg_I_O)         0.026     0.920 r  clk100_IBUF_BUFG_inst/O
                         net (fo=1, routed)           0.683     1.603    clk100_IBUF_BUFG
    SLICE_X34Y25         LUT1 (Prop_lut1_I0_O)        0.045     1.648 r  clk100_inst/O
                         net (fo=9, routed)           0.745     2.393    soc_crg_clkin
    SLICE_X53Y67         FDCE                                         r  FDCE_3/C
  -------------------------------------------------------------------    -------------------
    SLICE_X53Y67         FDCE (Prop_fdce_C_Q)         0.141     2.534 r  FDCE_3/Q
                         net (fo=1, routed)           0.220     2.754    soc_builder_basesoc_reset3
    SLICE_X53Y67         FDCE                                         r  FDCE_4/D
  -------------------------------------------------------------------    -------------------

                         (clock clk100 rise edge)     0.000     0.000 r  
    E3                                                0.000     0.000 r  clk100 (IN)
                         net (fo=0)                   0.000     0.000    clk100
    E3                   IBUF (Prop_ibuf_I_O)         0.438     0.438 r  clk100_IBUF_inst/O
                         net (fo=1, routed)           0.699     1.136    clk100_IBUF
    BUFGCTRL_X0Y16       BUFG (Prop_bufg_I_O)         0.029     1.165 r  clk100_IBUF_BUFG_inst/O
                         net (fo=1, routed)           0.963     2.129    clk100_IBUF_BUFG
    SLICE_X34Y25         LUT1 (Prop_lut1_I0_O)        0.056     2.185 r  clk100_inst/O
                         net (fo=9, routed)           0.878     3.063    soc_crg_clkin
    SLICE_X53Y67         FDCE                                         r  FDCE_4/C
                         clock pessimism             -0.670     2.393    
    SLICE_X53Y67         FDCE (Hold_fdce_C_D)         0.072     2.465    FDCE_4
  -------------------------------------------------------------------
                         required time                         -2.465    
                         arrival time                           2.754    
  -------------------------------------------------------------------
                         slack                                  0.289    

Slack (MET) :             0.291ns  (arrival time - required time)
  Source:                 FDCE_2/C
                            (rising edge-triggered cell FDCE clocked by clk100  {rise@0.000ns fall@5.000ns period=10.000ns})
  Destination:            FDCE_3/D
                            (rising edge-triggered cell FDCE clocked by clk100  {rise@0.000ns fall@5.000ns period=10.000ns})
  Path Group:             clk100
  Path Type:              Hold (Min at Fast Process Corner)
  Requirement:            0.000ns  (clk100 rise@0.000ns - clk100 rise@0.000ns)
  Data Path Delay:        0.361ns  (logic 0.141ns (39.054%)  route 0.220ns (60.946%))
  Logic Levels:           0  
  Clock Path Skew:        0.000ns (DCD - SCD - CPR)
    Destination Clock Delay (DCD):    3.063ns
    Source Clock Delay      (SCD):    2.393ns
    Clock Pessimism Removal (CPR):    0.670ns

    Location             Delay type                Incr(ns)  Path(ns)    Netlist Resource(s)
  -------------------------------------------------------------------    -------------------
                         (clock clk100 rise edge)     0.000     0.000 r  
    E3                                                0.000     0.000 r  clk100 (IN)
                         net (fo=0)                   0.000     0.000    clk100
    E3                   IBUF (Prop_ibuf_I_O)         0.250     0.250 r  clk100_IBUF_inst/O
                         net (fo=1, routed)           0.644     0.894    clk100_IBUF
    BUFGCTRL_X0Y16       BUFG (Prop_bufg_I_O)         0.026     0.920 r  clk100_IBUF_BUFG_inst/O
                         net (fo=1, routed)           0.683     1.603    clk100_IBUF_BUFG
    SLICE_X34Y25         LUT1 (Prop_lut1_I0_O)        0.045     1.648 r  clk100_inst/O
                         net (fo=9, routed)           0.745     2.393    soc_crg_clkin
    SLICE_X53Y67         FDCE                                         r  FDCE_2/C
  -------------------------------------------------------------------    -------------------
    SLICE_X53Y67         FDCE (Prop_fdce_C_Q)         0.141     2.534 r  FDCE_2/Q
                         net (fo=1, routed)           0.220     2.754    soc_builder_basesoc_reset2
    SLICE_X53Y67         FDCE                                         r  FDCE_3/D
  -------------------------------------------------------------------    -------------------

                         (clock clk100 rise edge)     0.000     0.000 r  
    E3                                                0.000     0.000 r  clk100 (IN)
                         net (fo=0)                   0.000     0.000    clk100
    E3                   IBUF (Prop_ibuf_I_O)         0.438     0.438 r  clk100_IBUF_inst/O
                         net (fo=1, routed)           0.699     1.136    clk100_IBUF
    BUFGCTRL_X0Y16       BUFG (Prop_bufg_I_O)         0.029     1.165 r  clk100_IBUF_BUFG_inst/O
                         net (fo=1, routed)           0.963     2.129    clk100_IBUF_BUFG
    SLICE_X34Y25         LUT1 (Prop_lut1_I0_O)        0.056     2.185 r  clk100_inst/O
                         net (fo=9, routed)           0.878     3.063    soc_crg_clkin
    SLICE_X53Y67         FDCE                                         r  FDCE_3/C
                         clock pessimism             -0.670     2.393    
    SLICE_X53Y67         FDCE (Hold_fdce_C_D)         0.070     2.463    FDCE_3
  -------------------------------------------------------------------
                         required time                         -2.463    
                         arrival time                           2.754    
  -------------------------------------------------------------------
                         slack                                  0.291    





Pulse Width Checks
--------------------------------------------------------------------------------------
Clock Name:         clk100
Waveform(ns):       { 0.000 5.000 }
Period(ns):         10.000
Sources:            { clk100 }

Check Type        Corner  Lib Pin            Reference Pin  Required(ns)  Actual(ns)  Slack(ns)  Location         Pin
Min Period        n/a     BUFG/I             n/a            2.155         10.000      7.845      BUFGCTRL_X0Y16   clk100_IBUF_BUFG_inst/I
Min Period        n/a     MMCME2_ADV/CLKIN1  n/a            1.249         10.000      8.751      MMCME2_ADV_X0Y0  MMCME2_ADV/CLKIN1
Min Period        n/a     FDCE/C             n/a            1.000         10.000      9.000      SLICE_X52Y67     FDCE/C
Min Period        n/a     FDCE/C             n/a            1.000         10.000      9.000      SLICE_X53Y67     FDCE_1/C
Min Period        n/a     FDCE/C             n/a            1.000         10.000      9.000      SLICE_X53Y67     FDCE_2/C
Min Period        n/a     FDCE/C             n/a            1.000         10.000      9.000      SLICE_X53Y67     FDCE_3/C
Min Period        n/a     FDCE/C             n/a            1.000         10.000      9.000      SLICE_X53Y67     FDCE_4/C
Min Period        n/a     FDCE/C             n/a            1.000         10.000      9.000      SLICE_X52Y67     FDCE_5/C
Min Period        n/a     FDCE/C             n/a            1.000         10.000      9.000      SLICE_X52Y67     FDCE_6/C
Min Period        n/a     FDCE/C             n/a            1.000         10.000      9.000      SLICE_X52Y67     FDCE_7/C
Max Period        n/a     MMCME2_ADV/CLKIN1  n/a            100.000       10.000      90.000     MMCME2_ADV_X0Y0  MMCME2_ADV/CLKIN1
Low Pulse Width   Slow    MMCME2_ADV/CLKIN1  n/a            2.000         5.000       3.000      MMCME2_ADV_X0Y0  MMCME2_ADV/CLKIN1
Low Pulse Width   Fast    MMCME2_ADV/CLKIN1  n/a            2.000         5.000       3.000      MMCME2_ADV_X0Y0  MMCME2_ADV/CLKIN1
Low Pulse Width   Slow    FDCE/C             n/a            0.500         5.000       4.500      SLICE_X52Y67     FDCE/C
Low Pulse Width   Fast    FDCE/C             n/a            0.500         5.000       4.500      SLICE_X52Y67     FDCE/C
Low Pulse Width   Slow    FDCE/C             n/a            0.500         5.000       4.500      SLICE_X53Y67     FDCE_1/C
Low Pulse Width   Fast    FDCE/C             n/a            0.500         5.000       4.500      SLICE_X53Y67     FDCE_1/C
Low Pulse Width   Slow    FDCE/C             n/a            0.500         5.000       4.500      SLICE_X53Y67     FDCE_2/C
Low Pulse Width   Fast    FDCE/C             n/a            0.500         5.000       4.500      SLICE_X53Y67     FDCE_2/C
Low Pulse Width   Slow    FDCE/C             n/a            0.500         5.000       4.500      SLICE_X53Y67     FDCE_3/C
Low Pulse Width   Fast    FDCE/C             n/a            0.500         5.000       4.500      SLICE_X53Y67     FDCE_3/C
High Pulse Width  Slow    MMCME2_ADV/CLKIN1  n/a            2.000         5.000       3.000      MMCME2_ADV_X0Y0  MMCME2_ADV/CLKIN1
High Pulse Width  Fast    MMCME2_ADV/CLKIN1  n/a            2.000         5.000       3.000      MMCME2_ADV_X0Y0  MMCME2_ADV/CLKIN1
High Pulse Width  Slow    FDCE/C             n/a            0.500         5.000       4.500      SLICE_X52Y67     FDCE/C
High Pulse Width  Fast    FDCE/C             n/a            0.500         5.000       4.500      SLICE_X52Y67     FDCE/C
High Pulse Width  Slow    FDCE/C             n/a            0.500         5.000       4.500      SLICE_X53Y67     FDCE_1/C
High Pulse Width  Fast    FDCE/C             n/a            0.500         5.000       4.500      SLICE_X53Y67     FDCE_1/C
High Pulse Width  Slow    FDCE/C             n/a            0.500         5.000       4.500      SLICE_X53Y67     FDCE_2/C
High Pulse Width  Fast    FDCE/C             n/a            0.500         5.000       4.500      SLICE_X53Y67     FDCE_2/C
High Pulse Width  Slow    FDCE/C             n/a            0.500         5.000       4.500      SLICE_X53Y67     FDCE_3/C
High Pulse Width  Fast    FDCE/C             n/a            0.500         5.000       4.500      SLICE_X53Y67     FDCE_3/C



---------------------------------------------------------------------------------------------------
From Clock:  soc_builder_basesoc_mmcm_fb
  To Clock:  soc_builder_basesoc_mmcm_fb

Setup :           NA  Failing Endpoints,  Worst Slack           NA  ,  Total Violation           NA
Hold  :           NA  Failing Endpoints,  Worst Slack           NA  ,  Total Violation           NA
PW    :            0  Failing Endpoints,  Worst Slack        8.751ns,  Total Violation        0.000ns
---------------------------------------------------------------------------------------------------


Pulse Width Checks
--------------------------------------------------------------------------------------
Clock Name:         soc_builder_basesoc_mmcm_fb
Waveform(ns):       { 0.000 5.000 }
Period(ns):         10.000
Sources:            { MMCME2_ADV/CLKFBOUT }

Check Type  Corner  Lib Pin              Reference Pin  Required(ns)  Actual(ns)  Slack(ns)  Location         Pin
Min Period  n/a     MMCME2_ADV/CLKFBOUT  n/a            1.249         10.000      8.751      MMCME2_ADV_X0Y0  MMCME2_ADV/CLKFBOUT
Min Period  n/a     MMCME2_ADV/CLKFBIN   n/a            1.249         10.000      8.751      MMCME2_ADV_X0Y0  MMCME2_ADV/CLKFBIN
Max Period  n/a     MMCME2_ADV/CLKFBIN   n/a            100.000       10.000      90.000     MMCME2_ADV_X0Y0  MMCME2_ADV/CLKFBIN
Max Period  n/a     MMCME2_ADV/CLKFBOUT  n/a            213.360       10.000      203.360    MMCME2_ADV_X0Y0  MMCME2_ADV/CLKFBOUT



---------------------------------------------------------------------------------------------------
From Clock:  soc_crg_clkout0
  To Clock:  soc_crg_clkout0

Setup :            0  Failing Endpoints,  Worst Slack        0.372ns,  Total Violation        0.000ns
Hold  :            0  Failing Endpoints,  Worst Slack        0.034ns,  Total Violation        0.000ns
PW    :            0  Failing Endpoints,  Worst Slack        5.417ns,  Total Violation        0.000ns
---------------------------------------------------------------------------------------------------


Max Delay Paths
--------------------------------------------------------------------------------------
Slack (MET) :             0.372ns  (required time - arrival time)
  Source:                 VexRiscv/writeBack_arbitration_isValid_reg/C
                            (rising edge-triggered cell FDRE clocked by soc_crg_clkout0  {rise@0.000ns fall@6.667ns period=13.333ns})
  Destination:            Cfu/fn0/depthwise_3x3/dw_product_6_reg[19]/D
                            (rising edge-triggered cell FDRE clocked by soc_crg_clkout0  {rise@0.000ns fall@6.667ns period=13.333ns})
  Path Group:             soc_crg_clkout0
  Path Type:              Setup (Max at Slow Process Corner)
  Requirement:            13.333ns  (soc_crg_clkout0 rise@13.333ns - soc_crg_clkout0 rise@0.000ns)
  Data Path Delay:        12.931ns  (logic 4.550ns (35.187%)  route 8.381ns (64.813%))
  Logic Levels:           17  (CARRY4=5 LUT2=3 LUT3=2 LUT4=2 LUT6=5)
  Clock Path Skew:        -0.038ns (DCD - SCD + CPR)
    Destination Clock Delay (DCD):    10.516ns = ( 23.850 - 13.333 ) 
    Source Clock Delay      (SCD):    11.346ns
    Clock Pessimism Removal (CPR):    0.792ns
  Clock Uncertainty:      0.070ns  ((TSJ^2 + DJ^2)^1/2) / 2 + PE
    Total System Jitter     (TSJ):    0.071ns
    Discrete Jitter          (DJ):    0.121ns
    Phase Error              (PE):    0.000ns

    Location             Delay type                Incr(ns)  Path(ns)    Netlist Resource(s)
  -------------------------------------------------------------------    -------------------
                         (clock soc_crg_clkout0 rise edge)
                                                      0.000     0.000 r  
    E3                                                0.000     0.000 r  clk100 (IN)
                         net (fo=0)                   0.000     0.000    clk100
    E3                   IBUF (Prop_ibuf_I_O)         1.482     1.482 r  clk100_IBUF_inst/O
                         net (fo=1, routed)           2.025     3.506    clk100_IBUF
    BUFGCTRL_X0Y16       BUFG (Prop_bufg_I_O)         0.096     3.602 r  clk100_IBUF_BUFG_inst/O
                         net (fo=1, routed)           1.955     5.557    clk100_IBUF_BUFG
    SLICE_X34Y25         LUT1 (Prop_lut1_I0_O)        0.124     5.681 r  clk100_inst/O
                         net (fo=9, routed)           1.667     7.349    soc_crg_clkin
    MMCME2_ADV_X0Y0      MMCME2_ADV (Prop_mmcme2_adv_CLKIN1_CLKOUT0)
                                                      0.088     7.437 r  MMCME2_ADV/CLKOUT0
                         net (fo=1, routed)           2.018     9.455    soc_crg_clkout0
    BUFGCTRL_X0Y0        BUFG (Prop_bufg_I_O)         0.096     9.551 r  BUFG/O
                         net (fo=5327, routed)        1.795    11.346    VexRiscv/stageB_flusher_counter_reg[0]
    SLICE_X56Y39         FDRE                                         r  VexRiscv/writeBack_arbitration_isValid_reg/C
  -------------------------------------------------------------------    -------------------
    SLICE_X56Y39         FDRE (Prop_fdre_C_Q)         0.518    11.864 f  VexRiscv/writeBack_arbitration_isValid_reg/Q
                         net (fo=29, routed)          0.848    12.712    VexRiscv/writeBack_arbitration_isValid_reg_n_0
    SLICE_X56Y40         LUT6 (Prop_lut6_I0_O)        0.124    12.836 r  VexRiscv/captured[6]_i_2/O
                         net (fo=1, routed)           0.436    13.272    VexRiscv/execute_CfuPlugin_schedule
    SLICE_X56Y40         LUT6 (Prop_lut6_I2_O)        0.124    13.396 r  VexRiscv/captured[6]_i_1/O
                         net (fo=165, routed)         0.698    14.094    VexRiscv/$signal$2
    SLICE_X55Y40         LUT3 (Prop_lut3_I1_O)        0.124    14.218 f  VexRiscv/weight_offset$5[8]_i_4/O
                         net (fo=18, routed)          0.729    14.947    VexRiscv/Cfu/fn0/f7buf/$1[5]
    SLICE_X55Y40         LUT6 (Prop_lut6_I2_O)        0.124    15.071 f  VexRiscv/weight_offset$5[8]_i_1/O
                         net (fo=33, routed)          0.432    15.504    VexRiscv/depthwise_3x3_configure_start
    SLICE_X53Y39         LUT2 (Prop_lut2_I0_O)        0.124    15.628 f  VexRiscv/dw_product_8[19]_i_2/O
                         net (fo=127, routed)         0.930    16.558    VexRiscv/pipeline_state[1]_i_2_1
    SLICE_X54Y35         LUT2 (Prop_lut2_I0_O)        0.124    16.682 f  VexRiscv/dw_product_2[2]_i_11/O
                         net (fo=16, routed)          0.771    17.453    VexRiscv/dw_product_2[2]_i_11_n_0
    SLICE_X55Y33         LUT6 (Prop_lut6_I0_O)        0.124    17.577 r  VexRiscv/dw_product_2[11]_i_30/O
                         net (fo=2, routed)           0.608    18.186    VexRiscv/dw_product_2[11]_i_30_n_0
    SLICE_X56Y33         LUT6 (Prop_lut6_I0_O)        0.124    18.310 r  VexRiscv/dw_product_2[11]_i_34/O
                         net (fo=1, routed)           0.000    18.310    VexRiscv/dw_product_2[11]_i_34_n_0
    SLICE_X56Y33         CARRY4 (Prop_carry4_S[1]_CO[3])
                                                      0.533    18.843 r  VexRiscv/dw_product_2_reg[11]_i_12/CO[3]
                         net (fo=1, routed)           0.000    18.843    VexRiscv/dw_product_2_reg[11]_i_12_n_0
    SLICE_X56Y34         CARRY4 (Prop_carry4_CI_O[3])
                                                      0.315    19.158 r  VexRiscv/dw_product_2_reg[15]_i_29/O[3]
                         net (fo=3, routed)           0.689    19.847    VexRiscv/dw_product_2_reg[15]_i_29_n_4
    SLICE_X58Y40         LUT4 (Prop_lut4_I0_O)        0.307    20.154 r  VexRiscv/dw_product_2[19]_i_26/O
                         net (fo=1, routed)           0.641    20.794    VexRiscv/dw_product_2[19]_i_26_n_0
    SLICE_X56Y37         CARRY4 (Prop_carry4_DI[0]_O[1])
                                                      0.422    21.216 r  VexRiscv/dw_product_2_reg[19]_i_11/O[1]
                         net (fo=2, routed)           0.520    21.736    VexRiscv/dw_product_2_reg[19]_i_11_n_6
    SLICE_X54Y37         LUT3 (Prop_lut3_I0_O)        0.306    22.042 r  VexRiscv/dw_product_2[15]_i_3/O
                         net (fo=2, routed)           0.495    22.537    VexRiscv/dw_product_2[15]_i_3_n_0
    SLICE_X57Y37         LUT4 (Prop_lut4_I3_O)        0.124    22.661 r  VexRiscv/dw_product_2[15]_i_7/O
                         net (fo=1, routed)           0.000    22.661    VexRiscv/dw_product_2[15]_i_7_n_0
    SLICE_X57Y37         CARRY4 (Prop_carry4_S[2]_CO[3])
                                                      0.398    23.059 r  VexRiscv/dw_product_2_reg[15]_i_1/CO[3]
                         net (fo=1, routed)           0.000    23.059    VexRiscv/dw_product_2_reg[15]_i_1_n_0
    SLICE_X57Y38         CARRY4 (Prop_carry4_CI_O[3])
                                                      0.329    23.388 r  VexRiscv/dw_product_2_reg[19]_i_1/O[3]
                         net (fo=2, routed)           0.583    23.971    VexRiscv/dw_product_2[19]_i_8_0[18]
    SLICE_X58Y39         LUT2 (Prop_lut2_I0_O)        0.306    24.277 r  VexRiscv/dw_product_6[19]_i_1/O
                         net (fo=1, routed)           0.000    24.277    Cfu/fn0/depthwise_3x3/dw_product_6_reg[19]_0[19]
    SLICE_X58Y39         FDRE                                         r  Cfu/fn0/depthwise_3x3/dw_product_6_reg[19]/D
  -------------------------------------------------------------------    -------------------

                         (clock soc_crg_clkout0 rise edge)
                                                     13.333    13.333 r  
    E3                                                0.000    13.333 r  clk100 (IN)
                         net (fo=0)                   0.000    13.333    clk100
    E3                   IBUF (Prop_ibuf_I_O)         1.411    14.745 r  clk100_IBUF_inst/O
                         net (fo=1, routed)           1.920    16.665    clk100_IBUF
    BUFGCTRL_X0Y16       BUFG (Prop_bufg_I_O)         0.091    16.756 r  clk100_IBUF_BUFG_inst/O
                         net (fo=1, routed)           1.796    18.551    clk100_IBUF_BUFG
    SLICE_X34Y25         LUT1 (Prop_lut1_I0_O)        0.100    18.651 r  clk100_inst/O
                         net (fo=9, routed)           1.432    20.084    soc_crg_clkin
    MMCME2_ADV_X0Y0      MMCME2_ADV (Prop_mmcme2_adv_CLKIN1_CLKOUT0)
                                                      0.083    20.167 r  MMCME2_ADV/CLKOUT0
                         net (fo=1, routed)           1.923    22.090    soc_crg_clkout0
    BUFGCTRL_X0Y0        BUFG (Prop_bufg_I_O)         0.091    22.181 r  BUFG/O
                         net (fo=5327, routed)        1.669    23.850    Cfu/fn0/depthwise_3x3/out
    SLICE_X58Y39         FDRE                                         r  Cfu/fn0/depthwise_3x3/dw_product_6_reg[19]/C
                         clock pessimism              0.792    24.642    
                         clock uncertainty           -0.070    24.572    
    SLICE_X58Y39         FDRE (Setup_fdre_C_D)        0.077    24.649    Cfu/fn0/depthwise_3x3/dw_product_6_reg[19]
  -------------------------------------------------------------------
                         required time                         24.649    
                         arrival time                         -24.277    
  -------------------------------------------------------------------
                         slack                                  0.372    

Slack (MET) :             0.437ns  (required time - arrival time)
  Source:                 VexRiscv/writeBack_arbitration_isValid_reg/C
                            (rising edge-triggered cell FDRE clocked by soc_crg_clkout0  {rise@0.000ns fall@6.667ns period=13.333ns})
  Destination:            Cfu/fn0/depthwise_3x3/dw_product_6_reg[18]/D
                            (rising edge-triggered cell FDRE clocked by soc_crg_clkout0  {rise@0.000ns fall@6.667ns period=13.333ns})
  Path Group:             soc_crg_clkout0
  Path Type:              Setup (Max at Slow Process Corner)
  Requirement:            13.333ns  (soc_crg_clkout0 rise@13.333ns - soc_crg_clkout0 rise@0.000ns)
  Data Path Delay:        12.868ns  (logic 4.473ns (34.761%)  route 8.395ns (65.239%))
  Logic Levels:           17  (CARRY4=5 LUT2=3 LUT3=2 LUT4=2 LUT6=5)
  Clock Path Skew:        -0.038ns (DCD - SCD + CPR)
    Destination Clock Delay (DCD):    10.516ns = ( 23.850 - 13.333 ) 
    Source Clock Delay      (SCD):    11.346ns
    Clock Pessimism Removal (CPR):    0.792ns
  Clock Uncertainty:      0.070ns  ((TSJ^2 + DJ^2)^1/2) / 2 + PE
    Total System Jitter     (TSJ):    0.071ns
    Discrete Jitter          (DJ):    0.121ns
    Phase Error              (PE):    0.000ns

    Location             Delay type                Incr(ns)  Path(ns)    Netlist Resource(s)
  -------------------------------------------------------------------    -------------------
                         (clock soc_crg_clkout0 rise edge)
                                                      0.000     0.000 r  
    E3                                                0.000     0.000 r  clk100 (IN)
                         net (fo=0)                   0.000     0.000    clk100
    E3                   IBUF (Prop_ibuf_I_O)         1.482     1.482 r  clk100_IBUF_inst/O
                         net (fo=1, routed)           2.025     3.506    clk100_IBUF
    BUFGCTRL_X0Y16       BUFG (Prop_bufg_I_O)         0.096     3.602 r  clk100_IBUF_BUFG_inst/O
                         net (fo=1, routed)           1.955     5.557    clk100_IBUF_BUFG
    SLICE_X34Y25         LUT1 (Prop_lut1_I0_O)        0.124     5.681 r  clk100_inst/O
                         net (fo=9, routed)           1.667     7.349    soc_crg_clkin
    MMCME2_ADV_X0Y0      MMCME2_ADV (Prop_mmcme2_adv_CLKIN1_CLKOUT0)
                                                      0.088     7.437 r  MMCME2_ADV/CLKOUT0
                         net (fo=1, routed)           2.018     9.455    soc_crg_clkout0
    BUFGCTRL_X0Y0        BUFG (Prop_bufg_I_O)         0.096     9.551 r  BUFG/O
                         net (fo=5327, routed)        1.795    11.346    VexRiscv/stageB_flusher_counter_reg[0]
    SLICE_X56Y39         FDRE                                         r  VexRiscv/writeBack_arbitration_isValid_reg/C
  -------------------------------------------------------------------    -------------------
    SLICE_X56Y39         FDRE (Prop_fdre_C_Q)         0.518    11.864 f  VexRiscv/writeBack_arbitration_isValid_reg/Q
                         net (fo=29, routed)          0.848    12.712    VexRiscv/writeBack_arbitration_isValid_reg_n_0
    SLICE_X56Y40         LUT6 (Prop_lut6_I0_O)        0.124    12.836 r  VexRiscv/captured[6]_i_2/O
                         net (fo=1, routed)           0.436    13.272    VexRiscv/execute_CfuPlugin_schedule
    SLICE_X56Y40         LUT6 (Prop_lut6_I2_O)        0.124    13.396 r  VexRiscv/captured[6]_i_1/O
                         net (fo=165, routed)         0.698    14.094    VexRiscv/$signal$2
    SLICE_X55Y40         LUT3 (Prop_lut3_I1_O)        0.124    14.218 f  VexRiscv/weight_offset$5[8]_i_4/O
                         net (fo=18, routed)          0.729    14.947    VexRiscv/Cfu/fn0/f7buf/$1[5]
    SLICE_X55Y40         LUT6 (Prop_lut6_I2_O)        0.124    15.071 f  VexRiscv/weight_offset$5[8]_i_1/O
                         net (fo=33, routed)          0.432    15.504    VexRiscv/depthwise_3x3_configure_start
    SLICE_X53Y39         LUT2 (Prop_lut2_I0_O)        0.124    15.628 f  VexRiscv/dw_product_8[19]_i_2/O
                         net (fo=127, routed)         0.930    16.558    VexRiscv/pipeline_state[1]_i_2_1
    SLICE_X54Y35         LUT2 (Prop_lut2_I0_O)        0.124    16.682 f  VexRiscv/dw_product_2[2]_i_11/O
                         net (fo=16, routed)          0.771    17.453    VexRiscv/dw_product_2[2]_i_11_n_0
    SLICE_X55Y33         LUT6 (Prop_lut6_I0_O)        0.124    17.577 r  VexRiscv/dw_product_2[11]_i_30/O
                         net (fo=2, routed)           0.608    18.186    VexRiscv/dw_product_2[11]_i_30_n_0
    SLICE_X56Y33         LUT6 (Prop_lut6_I0_O)        0.124    18.310 r  VexRiscv/dw_product_2[11]_i_34/O
                         net (fo=1, routed)           0.000    18.310    VexRiscv/dw_product_2[11]_i_34_n_0
    SLICE_X56Y33         CARRY4 (Prop_carry4_S[1]_CO[3])
                                                      0.533    18.843 r  VexRiscv/dw_product_2_reg[11]_i_12/CO[3]
                         net (fo=1, routed)           0.000    18.843    VexRiscv/dw_product_2_reg[11]_i_12_n_0
    SLICE_X56Y34         CARRY4 (Prop_carry4_CI_O[3])
                                                      0.315    19.158 r  VexRiscv/dw_product_2_reg[15]_i_29/O[3]
                         net (fo=3, routed)           0.689    19.847    VexRiscv/dw_product_2_reg[15]_i_29_n_4
    SLICE_X58Y40         LUT4 (Prop_lut4_I0_O)        0.307    20.154 r  VexRiscv/dw_product_2[19]_i_26/O
                         net (fo=1, routed)           0.641    20.794    VexRiscv/dw_product_2[19]_i_26_n_0
    SLICE_X56Y37         CARRY4 (Prop_carry4_DI[0]_O[1])
                                                      0.422    21.216 r  VexRiscv/dw_product_2_reg[19]_i_11/O[1]
                         net (fo=2, routed)           0.520    21.736    VexRiscv/dw_product_2_reg[19]_i_11_n_6
    SLICE_X54Y37         LUT3 (Prop_lut3_I0_O)        0.306    22.042 r  VexRiscv/dw_product_2[15]_i_3/O
                         net (fo=2, routed)           0.495    22.537    VexRiscv/dw_product_2[15]_i_3_n_0
    SLICE_X57Y37         LUT4 (Prop_lut4_I3_O)        0.124    22.661 r  VexRiscv/dw_product_2[15]_i_7/O
                         net (fo=1, routed)           0.000    22.661    VexRiscv/dw_product_2[15]_i_7_n_0
    SLICE_X57Y37         CARRY4 (Prop_carry4_S[2]_CO[3])
                                                      0.398    23.059 r  VexRiscv/dw_product_2_reg[15]_i_1/CO[3]
                         net (fo=1, routed)           0.000    23.059    VexRiscv/dw_product_2_reg[15]_i_1_n_0
    SLICE_X57Y38         CARRY4 (Prop_carry4_CI_O[2])
                                                      0.256    23.315 r  VexRiscv/dw_product_2_reg[19]_i_1/O[2]
                         net (fo=2, routed)           0.597    23.912    VexRiscv/dw_product_2[19]_i_8_0[17]
    SLICE_X58Y39         LUT2 (Prop_lut2_I0_O)        0.302    24.214 r  VexRiscv/dw_product_6[18]_i_1/O
                         net (fo=1, routed)           0.000    24.214    Cfu/fn0/depthwise_3x3/dw_product_6_reg[19]_0[18]
    SLICE_X58Y39         FDRE                                         r  Cfu/fn0/depthwise_3x3/dw_product_6_reg[18]/D
  -------------------------------------------------------------------    -------------------

                         (clock soc_crg_clkout0 rise edge)
                                                     13.333    13.333 r  
    E3                                                0.000    13.333 r  clk100 (IN)
                         net (fo=0)                   0.000    13.333    clk100
    E3                   IBUF (Prop_ibuf_I_O)         1.411    14.745 r  clk100_IBUF_inst/O
                         net (fo=1, routed)           1.920    16.665    clk100_IBUF
    BUFGCTRL_X0Y16       BUFG (Prop_bufg_I_O)         0.091    16.756 r  clk100_IBUF_BUFG_inst/O
                         net (fo=1, routed)           1.796    18.551    clk100_IBUF_BUFG
    SLICE_X34Y25         LUT1 (Prop_lut1_I0_O)        0.100    18.651 r  clk100_inst/O
                         net (fo=9, routed)           1.432    20.084    soc_crg_clkin
    MMCME2_ADV_X0Y0      MMCME2_ADV (Prop_mmcme2_adv_CLKIN1_CLKOUT0)
                                                      0.083    20.167 r  MMCME2_ADV/CLKOUT0
                         net (fo=1, routed)           1.923    22.090    soc_crg_clkout0
    BUFGCTRL_X0Y0        BUFG (Prop_bufg_I_O)         0.091    22.181 r  BUFG/O
                         net (fo=5327, routed)        1.669    23.850    Cfu/fn0/depthwise_3x3/out
    SLICE_X58Y39         FDRE                                         r  Cfu/fn0/depthwise_3x3/dw_product_6_reg[18]/C
                         clock pessimism              0.792    24.642    
                         clock uncertainty           -0.070    24.572    
    SLICE_X58Y39         FDRE (Setup_fdre_C_D)        0.079    24.651    Cfu/fn0/depthwise_3x3/dw_product_6_reg[18]
  -------------------------------------------------------------------
                         required time                         24.651    
                         arrival time                         -24.214    
  -------------------------------------------------------------------
                         slack                                  0.437    

Slack (MET) :             0.486ns  (required time - arrival time)
  Source:                 VexRiscv/writeBack_arbitration_isValid_reg/C
                            (rising edge-triggered cell FDRE clocked by soc_crg_clkout0  {rise@0.000ns fall@6.667ns period=13.333ns})
  Destination:            Cfu/fn0/depthwise_3x3/dw_product_6_reg[16]/D
                            (rising edge-triggered cell FDRE clocked by soc_crg_clkout0  {rise@0.000ns fall@6.667ns period=13.333ns})
  Path Group:             soc_crg_clkout0
  Path Type:              Setup (Max at Slow Process Corner)
  Requirement:            13.333ns  (soc_crg_clkout0 rise@13.333ns - soc_crg_clkout0 rise@0.000ns)
  Data Path Delay:        12.816ns  (logic 4.449ns (34.715%)  route 8.367ns (65.285%))
  Logic Levels:           17  (CARRY4=5 LUT2=3 LUT3=2 LUT4=2 LUT6=5)
  Clock Path Skew:        -0.039ns (DCD - SCD + CPR)
    Destination Clock Delay (DCD):    10.515ns = ( 23.849 - 13.333 ) 
    Source Clock Delay      (SCD):    11.346ns
    Clock Pessimism Removal (CPR):    0.792ns
  Clock Uncertainty:      0.070ns  ((TSJ^2 + DJ^2)^1/2) / 2 + PE
    Total System Jitter     (TSJ):    0.071ns
    Discrete Jitter          (DJ):    0.121ns
    Phase Error              (PE):    0.000ns

    Location             Delay type                Incr(ns)  Path(ns)    Netlist Resource(s)
  -------------------------------------------------------------------    -------------------
                         (clock soc_crg_clkout0 rise edge)
                                                      0.000     0.000 r  
    E3                                                0.000     0.000 r  clk100 (IN)
                         net (fo=0)                   0.000     0.000    clk100
    E3                   IBUF (Prop_ibuf_I_O)         1.482     1.482 r  clk100_IBUF_inst/O
                         net (fo=1, routed)           2.025     3.506    clk100_IBUF
    BUFGCTRL_X0Y16       BUFG (Prop_bufg_I_O)         0.096     3.602 r  clk100_IBUF_BUFG_inst/O
                         net (fo=1, routed)           1.955     5.557    clk100_IBUF_BUFG
    SLICE_X34Y25         LUT1 (Prop_lut1_I0_O)        0.124     5.681 r  clk100_inst/O
                         net (fo=9, routed)           1.667     7.349    soc_crg_clkin
    MMCME2_ADV_X0Y0      MMCME2_ADV (Prop_mmcme2_adv_CLKIN1_CLKOUT0)
                                                      0.088     7.437 r  MMCME2_ADV/CLKOUT0
                         net (fo=1, routed)           2.018     9.455    soc_crg_clkout0
    BUFGCTRL_X0Y0        BUFG (Prop_bufg_I_O)         0.096     9.551 r  BUFG/O
                         net (fo=5327, routed)        1.795    11.346    VexRiscv/stageB_flusher_counter_reg[0]
    SLICE_X56Y39         FDRE                                         r  VexRiscv/writeBack_arbitration_isValid_reg/C
  -------------------------------------------------------------------    -------------------
    SLICE_X56Y39         FDRE (Prop_fdre_C_Q)         0.518    11.864 f  VexRiscv/writeBack_arbitration_isValid_reg/Q
                         net (fo=29, routed)          0.848    12.712    VexRiscv/writeBack_arbitration_isValid_reg_n_0
    SLICE_X56Y40         LUT6 (Prop_lut6_I0_O)        0.124    12.836 r  VexRiscv/captured[6]_i_2/O
                         net (fo=1, routed)           0.436    13.272    VexRiscv/execute_CfuPlugin_schedule
    SLICE_X56Y40         LUT6 (Prop_lut6_I2_O)        0.124    13.396 r  VexRiscv/captured[6]_i_1/O
                         net (fo=165, routed)         0.698    14.094    VexRiscv/$signal$2
    SLICE_X55Y40         LUT3 (Prop_lut3_I1_O)        0.124    14.218 f  VexRiscv/weight_offset$5[8]_i_4/O
                         net (fo=18, routed)          0.729    14.947    VexRiscv/Cfu/fn0/f7buf/$1[5]
    SLICE_X55Y40         LUT6 (Prop_lut6_I2_O)        0.124    15.071 f  VexRiscv/weight_offset$5[8]_i_1/O
                         net (fo=33, routed)          0.432    15.504    VexRiscv/depthwise_3x3_configure_start
    SLICE_X53Y39         LUT2 (Prop_lut2_I0_O)        0.124    15.628 f  VexRiscv/dw_product_8[19]_i_2/O
                         net (fo=127, routed)         0.930    16.558    VexRiscv/pipeline_state[1]_i_2_1
    SLICE_X54Y35         LUT2 (Prop_lut2_I0_O)        0.124    16.682 f  VexRiscv/dw_product_2[2]_i_11/O
                         net (fo=16, routed)          0.771    17.453    VexRiscv/dw_product_2[2]_i_11_n_0
    SLICE_X55Y33         LUT6 (Prop_lut6_I0_O)        0.124    17.577 r  VexRiscv/dw_product_2[11]_i_30/O
                         net (fo=2, routed)           0.608    18.186    VexRiscv/dw_product_2[11]_i_30_n_0
    SLICE_X56Y33         LUT6 (Prop_lut6_I0_O)        0.124    18.310 r  VexRiscv/dw_product_2[11]_i_34/O
                         net (fo=1, routed)           0.000    18.310    VexRiscv/dw_product_2[11]_i_34_n_0
    SLICE_X56Y33         CARRY4 (Prop_carry4_S[1]_CO[3])
                                                      0.533    18.843 r  VexRiscv/dw_product_2_reg[11]_i_12/CO[3]
                         net (fo=1, routed)           0.000    18.843    VexRiscv/dw_product_2_reg[11]_i_12_n_0
    SLICE_X56Y34         CARRY4 (Prop_carry4_CI_O[3])
                                                      0.315    19.158 r  VexRiscv/dw_product_2_reg[15]_i_29/O[3]
                         net (fo=3, routed)           0.689    19.847    VexRiscv/dw_product_2_reg[15]_i_29_n_4
    SLICE_X58Y40         LUT4 (Prop_lut4_I0_O)        0.307    20.154 r  VexRiscv/dw_product_2[19]_i_26/O
                         net (fo=1, routed)           0.641    20.794    VexRiscv/dw_product_2[19]_i_26_n_0
    SLICE_X56Y37         CARRY4 (Prop_carry4_DI[0]_O[1])
                                                      0.422    21.216 r  VexRiscv/dw_product_2_reg[19]_i_11/O[1]
                         net (fo=2, routed)           0.520    21.736    VexRiscv/dw_product_2_reg[19]_i_11_n_6
    SLICE_X54Y37         LUT3 (Prop_lut3_I0_O)        0.306    22.042 r  VexRiscv/dw_product_2[15]_i_3/O
                         net (fo=2, routed)           0.495    22.537    VexRiscv/dw_product_2[15]_i_3_n_0
    SLICE_X57Y37         LUT4 (Prop_lut4_I3_O)        0.124    22.661 r  VexRiscv/dw_product_2[15]_i_7/O
                         net (fo=1, routed)           0.000    22.661    VexRiscv/dw_product_2[15]_i_7_n_0
    SLICE_X57Y37         CARRY4 (Prop_carry4_S[2]_CO[3])
                                                      0.398    23.059 r  VexRiscv/dw_product_2_reg[15]_i_1/CO[3]
                         net (fo=1, routed)           0.000    23.059    VexRiscv/dw_product_2_reg[15]_i_1_n_0
    SLICE_X57Y38         CARRY4 (Prop_carry4_CI_O[0])
                                                      0.235    23.294 r  VexRiscv/dw_product_2_reg[19]_i_1/O[0]
                         net (fo=2, routed)           0.569    23.863    VexRiscv/dw_product_2[19]_i_8_0[15]
    SLICE_X58Y38         LUT2 (Prop_lut2_I0_O)        0.299    24.162 r  VexRiscv/dw_product_6[16]_i_1/O
                         net (fo=1, routed)           0.000    24.162    Cfu/fn0/depthwise_3x3/dw_product_6_reg[19]_0[16]
    SLICE_X58Y38         FDRE                                         r  Cfu/fn0/depthwise_3x3/dw_product_6_reg[16]/D
  -------------------------------------------------------------------    -------------------

                         (clock soc_crg_clkout0 rise edge)
                                                     13.333    13.333 r  
    E3                                                0.000    13.333 r  clk100 (IN)
                         net (fo=0)                   0.000    13.333    clk100
    E3                   IBUF (Prop_ibuf_I_O)         1.411    14.745 r  clk100_IBUF_inst/O
                         net (fo=1, routed)           1.920    16.665    clk100_IBUF
    BUFGCTRL_X0Y16       BUFG (Prop_bufg_I_O)         0.091    16.756 r  clk100_IBUF_BUFG_inst/O
                         net (fo=1, routed)           1.796    18.551    clk100_IBUF_BUFG
    SLICE_X34Y25         LUT1 (Prop_lut1_I0_O)        0.100    18.651 r  clk100_inst/O
                         net (fo=9, routed)           1.432    20.084    soc_crg_clkin
    MMCME2_ADV_X0Y0      MMCME2_ADV (Prop_mmcme2_adv_CLKIN1_CLKOUT0)
                                                      0.083    20.167 r  MMCME2_ADV/CLKOUT0
                         net (fo=1, routed)           1.923    22.090    soc_crg_clkout0
    BUFGCTRL_X0Y0        BUFG (Prop_bufg_I_O)         0.091    22.181 r  BUFG/O
                         net (fo=5327, routed)        1.668    23.849    Cfu/fn0/depthwise_3x3/out
    SLICE_X58Y38         FDRE                                         r  Cfu/fn0/depthwise_3x3/dw_product_6_reg[16]/C
                         clock pessimism              0.792    24.641    
                         clock uncertainty           -0.070    24.571    
    SLICE_X58Y38         FDRE (Setup_fdre_C_D)        0.077    24.648    Cfu/fn0/depthwise_3x3/dw_product_6_reg[16]
  -------------------------------------------------------------------
                         required time                         24.648    
                         arrival time                         -24.162    
  -------------------------------------------------------------------
                         slack                                  0.486    

Slack (MET) :             0.494ns  (required time - arrival time)
  Source:                 VexRiscv/writeBack_arbitration_isValid_reg/C
                            (rising edge-triggered cell FDRE clocked by soc_crg_clkout0  {rise@0.000ns fall@6.667ns period=13.333ns})
  Destination:            Cfu/fn0/depthwise_3x3/dw_product_6_reg[17]/D
                            (rising edge-triggered cell FDRE clocked by soc_crg_clkout0  {rise@0.000ns fall@6.667ns period=13.333ns})
  Path Group:             soc_crg_clkout0
  Path Type:              Setup (Max at Slow Process Corner)
  Requirement:            13.333ns  (soc_crg_clkout0 rise@13.333ns - soc_crg_clkout0 rise@0.000ns)
  Data Path Delay:        12.809ns  (logic 4.566ns (35.646%)  route 8.243ns (64.354%))
  Logic Levels:           17  (CARRY4=5 LUT2=3 LUT3=2 LUT4=2 LUT6=5)
  Clock Path Skew:        -0.039ns (DCD - SCD + CPR)
    Destination Clock Delay (DCD):    10.515ns = ( 23.849 - 13.333 ) 
    Source Clock Delay      (SCD):    11.346ns
    Clock Pessimism Removal (CPR):    0.792ns
  Clock Uncertainty:      0.070ns  ((TSJ^2 + DJ^2)^1/2) / 2 + PE
    Total System Jitter     (TSJ):    0.071ns
    Discrete Jitter          (DJ):    0.121ns
    Phase Error              (PE):    0.000ns

    Location             Delay type                Incr(ns)  Path(ns)    Netlist Resource(s)
  -------------------------------------------------------------------    -------------------
                         (clock soc_crg_clkout0 rise edge)
                                                      0.000     0.000 r  
    E3                                                0.000     0.000 r  clk100 (IN)
                         net (fo=0)                   0.000     0.000    clk100
    E3                   IBUF (Prop_ibuf_I_O)         1.482     1.482 r  clk100_IBUF_inst/O
                         net (fo=1, routed)           2.025     3.506    clk100_IBUF
    BUFGCTRL_X0Y16       BUFG (Prop_bufg_I_O)         0.096     3.602 r  clk100_IBUF_BUFG_inst/O
                         net (fo=1, routed)           1.955     5.557    clk100_IBUF_BUFG
    SLICE_X34Y25         LUT1 (Prop_lut1_I0_O)        0.124     5.681 r  clk100_inst/O
                         net (fo=9, routed)           1.667     7.349    soc_crg_clkin
    MMCME2_ADV_X0Y0      MMCME2_ADV (Prop_mmcme2_adv_CLKIN1_CLKOUT0)
                                                      0.088     7.437 r  MMCME2_ADV/CLKOUT0
                         net (fo=1, routed)           2.018     9.455    soc_crg_clkout0
    BUFGCTRL_X0Y0        BUFG (Prop_bufg_I_O)         0.096     9.551 r  BUFG/O
                         net (fo=5327, routed)        1.795    11.346    VexRiscv/stageB_flusher_counter_reg[0]
    SLICE_X56Y39         FDRE                                         r  VexRiscv/writeBack_arbitration_isValid_reg/C
  -------------------------------------------------------------------    -------------------
    SLICE_X56Y39         FDRE (Prop_fdre_C_Q)         0.518    11.864 f  VexRiscv/writeBack_arbitration_isValid_reg/Q
                         net (fo=29, routed)          0.848    12.712    VexRiscv/writeBack_arbitration_isValid_reg_n_0
    SLICE_X56Y40         LUT6 (Prop_lut6_I0_O)        0.124    12.836 r  VexRiscv/captured[6]_i_2/O
                         net (fo=1, routed)           0.436    13.272    VexRiscv/execute_CfuPlugin_schedule
    SLICE_X56Y40         LUT6 (Prop_lut6_I2_O)        0.124    13.396 r  VexRiscv/captured[6]_i_1/O
                         net (fo=165, routed)         0.698    14.094    VexRiscv/$signal$2
    SLICE_X55Y40         LUT3 (Prop_lut3_I1_O)        0.124    14.218 f  VexRiscv/weight_offset$5[8]_i_4/O
                         net (fo=18, routed)          0.729    14.947    VexRiscv/Cfu/fn0/f7buf/$1[5]
    SLICE_X55Y40         LUT6 (Prop_lut6_I2_O)        0.124    15.071 f  VexRiscv/weight_offset$5[8]_i_1/O
                         net (fo=33, routed)          0.432    15.504    VexRiscv/depthwise_3x3_configure_start
    SLICE_X53Y39         LUT2 (Prop_lut2_I0_O)        0.124    15.628 f  VexRiscv/dw_product_8[19]_i_2/O
                         net (fo=127, routed)         0.930    16.558    VexRiscv/pipeline_state[1]_i_2_1
    SLICE_X54Y35         LUT2 (Prop_lut2_I0_O)        0.124    16.682 f  VexRiscv/dw_product_2[2]_i_11/O
                         net (fo=16, routed)          0.771    17.453    VexRiscv/dw_product_2[2]_i_11_n_0
    SLICE_X55Y33         LUT6 (Prop_lut6_I0_O)        0.124    17.577 r  VexRiscv/dw_product_2[11]_i_30/O
                         net (fo=2, routed)           0.608    18.186    VexRiscv/dw_product_2[11]_i_30_n_0
    SLICE_X56Y33         LUT6 (Prop_lut6_I0_O)        0.124    18.310 r  VexRiscv/dw_product_2[11]_i_34/O
                         net (fo=1, routed)           0.000    18.310    VexRiscv/dw_product_2[11]_i_34_n_0
    SLICE_X56Y33         CARRY4 (Prop_carry4_S[1]_CO[3])
                                                      0.533    18.843 r  VexRiscv/dw_product_2_reg[11]_i_12/CO[3]
                         net (fo=1, routed)           0.000    18.843    VexRiscv/dw_product_2_reg[11]_i_12_n_0
    SLICE_X56Y34         CARRY4 (Prop_carry4_CI_O[3])
                                                      0.315    19.158 r  VexRiscv/dw_product_2_reg[15]_i_29/O[3]
                         net (fo=3, routed)           0.689    19.847    VexRiscv/dw_product_2_reg[15]_i_29_n_4
    SLICE_X58Y40         LUT4 (Prop_lut4_I0_O)        0.307    20.154 r  VexRiscv/dw_product_2[19]_i_26/O
                         net (fo=1, routed)           0.641    20.794    VexRiscv/dw_product_2[19]_i_26_n_0
    SLICE_X56Y37         CARRY4 (Prop_carry4_DI[0]_O[1])
                                                      0.422    21.216 r  VexRiscv/dw_product_2_reg[19]_i_11/O[1]
                         net (fo=2, routed)           0.520    21.736    VexRiscv/dw_product_2_reg[19]_i_11_n_6
    SLICE_X54Y37         LUT3 (Prop_lut3_I0_O)        0.306    22.042 r  VexRiscv/dw_product_2[15]_i_3/O
                         net (fo=2, routed)           0.495    22.537    VexRiscv/dw_product_2[15]_i_3_n_0
    SLICE_X57Y37         LUT4 (Prop_lut4_I3_O)        0.124    22.661 r  VexRiscv/dw_product_2[15]_i_7/O
                         net (fo=1, routed)           0.000    22.661    VexRiscv/dw_product_2[15]_i_7_n_0
    SLICE_X57Y37         CARRY4 (Prop_carry4_S[2]_CO[3])
                                                      0.398    23.059 r  VexRiscv/dw_product_2_reg[15]_i_1/CO[3]
                         net (fo=1, routed)           0.000    23.059    VexRiscv/dw_product_2_reg[15]_i_1_n_0
    SLICE_X57Y38         CARRY4 (Prop_carry4_CI_O[1])
                                                      0.348    23.407 r  VexRiscv/dw_product_2_reg[19]_i_1/O[1]
                         net (fo=2, routed)           0.446    23.853    VexRiscv/dw_product_2[19]_i_8_0[16]
    SLICE_X58Y38         LUT2 (Prop_lut2_I0_O)        0.303    24.156 r  VexRiscv/dw_product_6[17]_i_1/O
                         net (fo=1, routed)           0.000    24.156    Cfu/fn0/depthwise_3x3/dw_product_6_reg[19]_0[17]
    SLICE_X58Y38         FDRE                                         r  Cfu/fn0/depthwise_3x3/dw_product_6_reg[17]/D
  -------------------------------------------------------------------    -------------------

                         (clock soc_crg_clkout0 rise edge)
                                                     13.333    13.333 r  
    E3                                                0.000    13.333 r  clk100 (IN)
                         net (fo=0)                   0.000    13.333    clk100
    E3                   IBUF (Prop_ibuf_I_O)         1.411    14.745 r  clk100_IBUF_inst/O
                         net (fo=1, routed)           1.920    16.665    clk100_IBUF
    BUFGCTRL_X0Y16       BUFG (Prop_bufg_I_O)         0.091    16.756 r  clk100_IBUF_BUFG_inst/O
                         net (fo=1, routed)           1.796    18.551    clk100_IBUF_BUFG
    SLICE_X34Y25         LUT1 (Prop_lut1_I0_O)        0.100    18.651 r  clk100_inst/O
                         net (fo=9, routed)           1.432    20.084    soc_crg_clkin
    MMCME2_ADV_X0Y0      MMCME2_ADV (Prop_mmcme2_adv_CLKIN1_CLKOUT0)
                                                      0.083    20.167 r  MMCME2_ADV/CLKOUT0
                         net (fo=1, routed)           1.923    22.090    soc_crg_clkout0
    BUFGCTRL_X0Y0        BUFG (Prop_bufg_I_O)         0.091    22.181 r  BUFG/O
                         net (fo=5327, routed)        1.668    23.849    Cfu/fn0/depthwise_3x3/out
    SLICE_X58Y38         FDRE                                         r  Cfu/fn0/depthwise_3x3/dw_product_6_reg[17]/C
                         clock pessimism              0.792    24.641    
                         clock uncertainty           -0.070    24.571    
    SLICE_X58Y38         FDRE (Setup_fdre_C_D)        0.079    24.650    Cfu/fn0/depthwise_3x3/dw_product_6_reg[17]
  -------------------------------------------------------------------
                         required time                         24.650    
                         arrival time                         -24.156    
  -------------------------------------------------------------------
                         slack                                  0.494    

Slack (MET) :             0.564ns  (required time - arrival time)
  Source:                 VexRiscv/writeBack_arbitration_isValid_reg/C
                            (rising edge-triggered cell FDRE clocked by soc_crg_clkout0  {rise@0.000ns fall@6.667ns period=13.333ns})
  Destination:            Cfu/fn0/depthwise_3x3/dw_product_4_reg[17]/D
                            (rising edge-triggered cell FDRE clocked by soc_crg_clkout0  {rise@0.000ns fall@6.667ns period=13.333ns})
  Path Group:             soc_crg_clkout0
  Path Type:              Setup (Max at Slow Process Corner)
  Requirement:            13.333ns  (soc_crg_clkout0 rise@13.333ns - soc_crg_clkout0 rise@0.000ns)
  Data Path Delay:        12.675ns  (logic 5.050ns (39.843%)  route 7.625ns (60.157%))
  Logic Levels:           18  (CARRY4=6 LUT2=3 LUT3=2 LUT4=2 LUT6=5)
  Clock Path Skew:        -0.106ns (DCD - SCD + CPR)
    Destination Clock Delay (DCD):    10.520ns = ( 23.854 - 13.333 ) 
    Source Clock Delay      (SCD):    11.346ns
    Clock Pessimism Removal (CPR):    0.720ns
  Clock Uncertainty:      0.070ns  ((TSJ^2 + DJ^2)^1/2) / 2 + PE
    Total System Jitter     (TSJ):    0.071ns
    Discrete Jitter          (DJ):    0.121ns
    Phase Error              (PE):    0.000ns

    Location             Delay type                Incr(ns)  Path(ns)    Netlist Resource(s)
  -------------------------------------------------------------------    -------------------
                         (clock soc_crg_clkout0 rise edge)
                                                      0.000     0.000 r  
    E3                                                0.000     0.000 r  clk100 (IN)
                         net (fo=0)                   0.000     0.000    clk100
    E3                   IBUF (Prop_ibuf_I_O)         1.482     1.482 r  clk100_IBUF_inst/O
                         net (fo=1, routed)           2.025     3.506    clk100_IBUF
    BUFGCTRL_X0Y16       BUFG (Prop_bufg_I_O)         0.096     3.602 r  clk100_IBUF_BUFG_inst/O
                         net (fo=1, routed)           1.955     5.557    clk100_IBUF_BUFG
    SLICE_X34Y25         LUT1 (Prop_lut1_I0_O)        0.124     5.681 r  clk100_inst/O
                         net (fo=9, routed)           1.667     7.349    soc_crg_clkin
    MMCME2_ADV_X0Y0      MMCME2_ADV (Prop_mmcme2_adv_CLKIN1_CLKOUT0)
                                                      0.088     7.437 r  MMCME2_ADV/CLKOUT0
                         net (fo=1, routed)           2.018     9.455    soc_crg_clkout0
    BUFGCTRL_X0Y0        BUFG (Prop_bufg_I_O)         0.096     9.551 r  BUFG/O
                         net (fo=5327, routed)        1.795    11.346    VexRiscv/stageB_flusher_counter_reg[0]
    SLICE_X56Y39         FDRE                                         r  VexRiscv/writeBack_arbitration_isValid_reg/C
  -------------------------------------------------------------------    -------------------
    SLICE_X56Y39         FDRE (Prop_fdre_C_Q)         0.518    11.864 f  VexRiscv/writeBack_arbitration_isValid_reg/Q
                         net (fo=29, routed)          0.848    12.712    VexRiscv/writeBack_arbitration_isValid_reg_n_0
    SLICE_X56Y40         LUT6 (Prop_lut6_I0_O)        0.124    12.836 r  VexRiscv/captured[6]_i_2/O
                         net (fo=1, routed)           0.436    13.272    VexRiscv/execute_CfuPlugin_schedule
    SLICE_X56Y40         LUT6 (Prop_lut6_I2_O)        0.124    13.396 r  VexRiscv/captured[6]_i_1/O
                         net (fo=165, routed)         0.698    14.094    VexRiscv/$signal$2
    SLICE_X55Y40         LUT3 (Prop_lut3_I1_O)        0.124    14.218 f  VexRiscv/weight_offset$5[8]_i_4/O
                         net (fo=18, routed)          0.729    14.947    VexRiscv/Cfu/fn0/f7buf/$1[5]
    SLICE_X55Y40         LUT6 (Prop_lut6_I2_O)        0.124    15.071 f  VexRiscv/weight_offset$5[8]_i_1/O
                         net (fo=33, routed)          0.432    15.504    VexRiscv/depthwise_3x3_configure_start
    SLICE_X53Y39         LUT2 (Prop_lut2_I0_O)        0.124    15.628 f  VexRiscv/dw_product_8[19]_i_2/O
                         net (fo=127, routed)         0.787    16.415    VexRiscv/pipeline_state[1]_i_2_1
    SLICE_X49Y40         LUT2 (Prop_lut2_I0_O)        0.124    16.539 f  VexRiscv/dw_product_0[2]_i_12/O
                         net (fo=10, routed)          0.694    17.232    VexRiscv/dw_product_0[2]_i_12_n_0
    SLICE_X46Y40         LUT6 (Prop_lut6_I2_O)        0.124    17.356 r  VexRiscv/dw_product_0[11]_i_31/O
                         net (fo=2, routed)           0.605    17.962    VexRiscv/dw_product_0[11]_i_31_n_0
    SLICE_X45Y38         LUT6 (Prop_lut6_I0_O)        0.124    18.086 r  VexRiscv/dw_product_0[11]_i_35/O
                         net (fo=1, routed)           0.000    18.086    VexRiscv/dw_product_0[11]_i_35_n_0
    SLICE_X45Y38         CARRY4 (Prop_carry4_S[0]_CO[3])
                                                      0.532    18.618 r  VexRiscv/dw_product_0_reg[11]_i_12/CO[3]
                         net (fo=1, routed)           0.000    18.618    VexRiscv/dw_product_0_reg[11]_i_12_n_0
    SLICE_X45Y39         CARRY4 (Prop_carry4_CI_O[1])
                                                      0.334    18.952 r  VexRiscv/dw_product_0_reg[15]_i_29/O[1]
                         net (fo=2, routed)           0.708    19.659    VexRiscv/dw_product_0_reg[15]_i_29_n_6
    SLICE_X43Y37         LUT4 (Prop_lut4_I3_O)        0.303    19.962 r  VexRiscv/dw_product_0[15]_i_33/O
                         net (fo=1, routed)           0.000    19.962    VexRiscv/dw_product_0[15]_i_33_n_0
    SLICE_X43Y37         CARRY4 (Prop_carry4_S[1]_CO[3])
                                                      0.550    20.512 r  VexRiscv/dw_product_0_reg[15]_i_12/CO[3]
                         net (fo=1, routed)           0.000    20.512    VexRiscv/dw_product_0_reg[15]_i_12_n_0
    SLICE_X43Y38         CARRY4 (Prop_carry4_CI_O[0])
                                                      0.222    20.734 r  VexRiscv/dw_product_0_reg[19]_i_11/O[0]
                         net (fo=2, routed)           0.504    21.239    VexRiscv/dw_product_0_reg[19]_i_11_n_7
    SLICE_X43Y36         LUT3 (Prop_lut3_I0_O)        0.299    21.538 r  VexRiscv/dw_product_0[15]_i_4/O
                         net (fo=2, routed)           0.454    21.992    VexRiscv/dw_product_0[15]_i_4_n_0
    SLICE_X46Y37         LUT4 (Prop_lut4_I3_O)        0.124    22.116 r  VexRiscv/dw_product_0[15]_i_8/O
                         net (fo=1, routed)           0.000    22.116    VexRiscv/dw_product_0[15]_i_8_n_0
    SLICE_X46Y37         CARRY4 (Prop_carry4_S[1]_CO[3])
                                                      0.533    22.649 r  VexRiscv/dw_product_0_reg[15]_i_1/CO[3]
                         net (fo=1, routed)           0.000    22.649    VexRiscv/dw_product_0_reg[15]_i_1_n_0
    SLICE_X46Y38         CARRY4 (Prop_carry4_CI_O[1])
                                                      0.337    22.986 r  VexRiscv/dw_product_0_reg[19]_i_1/O[1]
                         net (fo=3, routed)           0.729    23.715    VexRiscv/dw_product_0[19]_i_8_0[16]
    SLICE_X46Y39         LUT2 (Prop_lut2_I0_O)        0.306    24.021 r  VexRiscv/dw_product_4[17]_i_1/O
                         net (fo=1, routed)           0.000    24.021    Cfu/fn0/depthwise_3x3/dw_product_4_reg[19]_0[17]
    SLICE_X46Y39         FDRE                                         r  Cfu/fn0/depthwise_3x3/dw_product_4_reg[17]/D
  -------------------------------------------------------------------    -------------------

                         (clock soc_crg_clkout0 rise edge)
                                                     13.333    13.333 r  
    E3                                                0.000    13.333 r  clk100 (IN)
                         net (fo=0)                   0.000    13.333    clk100
    E3                   IBUF (Prop_ibuf_I_O)         1.411    14.745 r  clk100_IBUF_inst/O
                         net (fo=1, routed)           1.920    16.665    clk100_IBUF
    BUFGCTRL_X0Y16       BUFG (Prop_bufg_I_O)         0.091    16.756 r  clk100_IBUF_BUFG_inst/O
                         net (fo=1, routed)           1.796    18.551    clk100_IBUF_BUFG
    SLICE_X34Y25         LUT1 (Prop_lut1_I0_O)        0.100    18.651 r  clk100_inst/O
                         net (fo=9, routed)           1.432    20.084    soc_crg_clkin
    MMCME2_ADV_X0Y0      MMCME2_ADV (Prop_mmcme2_adv_CLKIN1_CLKOUT0)
                                                      0.083    20.167 r  MMCME2_ADV/CLKOUT0
                         net (fo=1, routed)           1.923    22.090    soc_crg_clkout0
    BUFGCTRL_X0Y0        BUFG (Prop_bufg_I_O)         0.091    22.181 r  BUFG/O
                         net (fo=5327, routed)        1.673    23.854    Cfu/fn0/depthwise_3x3/out
    SLICE_X46Y39         FDRE                                         r  Cfu/fn0/depthwise_3x3/dw_product_4_reg[17]/C
                         clock pessimism              0.720    24.574    
                         clock uncertainty           -0.070    24.504    
    SLICE_X46Y39         FDRE (Setup_fdre_C_D)        0.081    24.585    Cfu/fn0/depthwise_3x3/dw_product_4_reg[17]
  -------------------------------------------------------------------
                         required time                         24.585    
                         arrival time                         -24.021    
  -------------------------------------------------------------------
                         slack                                  0.564    

Slack (MET) :             0.601ns  (required time - arrival time)
  Source:                 VexRiscv/writeBack_arbitration_isValid_reg/C
                            (rising edge-triggered cell FDRE clocked by soc_crg_clkout0  {rise@0.000ns fall@6.667ns period=13.333ns})
  Destination:            Cfu/fn0/depthwise_3x3/dw_product_6_reg[15]/D
                            (rising edge-triggered cell FDRE clocked by soc_crg_clkout0  {rise@0.000ns fall@6.667ns period=13.333ns})
  Path Group:             soc_crg_clkout0
  Path Type:              Setup (Max at Slow Process Corner)
  Requirement:            13.333ns  (soc_crg_clkout0 rise@13.333ns - soc_crg_clkout0 rise@0.000ns)
  Data Path Delay:        12.705ns  (logic 4.175ns (32.860%)  route 8.530ns (67.140%))
  Logic Levels:           16  (CARRY4=4 LUT2=3 LUT3=2 LUT4=2 LUT6=5)
  Clock Path Skew:        -0.038ns (DCD - SCD + CPR)
    Destination Clock Delay (DCD):    10.516ns = ( 23.850 - 13.333 ) 
    Source Clock Delay      (SCD):    11.346ns
    Clock Pessimism Removal (CPR):    0.792ns
  Clock Uncertainty:      0.070ns  ((TSJ^2 + DJ^2)^1/2) / 2 + PE
    Total System Jitter     (TSJ):    0.071ns
    Discrete Jitter          (DJ):    0.121ns
    Phase Error              (PE):    0.000ns

    Location             Delay type                Incr(ns)  Path(ns)    Netlist Resource(s)
  -------------------------------------------------------------------    -------------------
                         (clock soc_crg_clkout0 rise edge)
                                                      0.000     0.000 r  
    E3                                                0.000     0.000 r  clk100 (IN)
                         net (fo=0)                   0.000     0.000    clk100
    E3                   IBUF (Prop_ibuf_I_O)         1.482     1.482 r  clk100_IBUF_inst/O
                         net (fo=1, routed)           2.025     3.506    clk100_IBUF
    BUFGCTRL_X0Y16       BUFG (Prop_bufg_I_O)         0.096     3.602 r  clk100_IBUF_BUFG_inst/O
                         net (fo=1, routed)           1.955     5.557    clk100_IBUF_BUFG
    SLICE_X34Y25         LUT1 (Prop_lut1_I0_O)        0.124     5.681 r  clk100_inst/O
                         net (fo=9, routed)           1.667     7.349    soc_crg_clkin
    MMCME2_ADV_X0Y0      MMCME2_ADV (Prop_mmcme2_adv_CLKIN1_CLKOUT0)
                                                      0.088     7.437 r  MMCME2_ADV/CLKOUT0
                         net (fo=1, routed)           2.018     9.455    soc_crg_clkout0
    BUFGCTRL_X0Y0        BUFG (Prop_bufg_I_O)         0.096     9.551 r  BUFG/O
                         net (fo=5327, routed)        1.795    11.346    VexRiscv/stageB_flusher_counter_reg[0]
    SLICE_X56Y39         FDRE                                         r  VexRiscv/writeBack_arbitration_isValid_reg/C
  -------------------------------------------------------------------    -------------------
    SLICE_X56Y39         FDRE (Prop_fdre_C_Q)         0.518    11.864 f  VexRiscv/writeBack_arbitration_isValid_reg/Q
                         net (fo=29, routed)          0.848    12.712    VexRiscv/writeBack_arbitration_isValid_reg_n_0
    SLICE_X56Y40         LUT6 (Prop_lut6_I0_O)        0.124    12.836 r  VexRiscv/captured[6]_i_2/O
                         net (fo=1, routed)           0.436    13.272    VexRiscv/execute_CfuPlugin_schedule
    SLICE_X56Y40         LUT6 (Prop_lut6_I2_O)        0.124    13.396 r  VexRiscv/captured[6]_i_1/O
                         net (fo=165, routed)         0.698    14.094    VexRiscv/$signal$2
    SLICE_X55Y40         LUT3 (Prop_lut3_I1_O)        0.124    14.218 f  VexRiscv/weight_offset$5[8]_i_4/O
                         net (fo=18, routed)          0.729    14.947    VexRiscv/Cfu/fn0/f7buf/$1[5]
    SLICE_X55Y40         LUT6 (Prop_lut6_I2_O)        0.124    15.071 f  VexRiscv/weight_offset$5[8]_i_1/O
                         net (fo=33, routed)          0.432    15.504    VexRiscv/depthwise_3x3_configure_start
    SLICE_X53Y39         LUT2 (Prop_lut2_I0_O)        0.124    15.628 f  VexRiscv/dw_product_8[19]_i_2/O
                         net (fo=127, routed)         0.930    16.558    VexRiscv/pipeline_state[1]_i_2_1
    SLICE_X54Y35         LUT2 (Prop_lut2_I0_O)        0.124    16.682 f  VexRiscv/dw_product_2[2]_i_11/O
                         net (fo=16, routed)          0.771    17.453    VexRiscv/dw_product_2[2]_i_11_n_0
    SLICE_X55Y33         LUT6 (Prop_lut6_I0_O)        0.124    17.577 r  VexRiscv/dw_product_2[11]_i_30/O
                         net (fo=2, routed)           0.608    18.186    VexRiscv/dw_product_2[11]_i_30_n_0
    SLICE_X56Y33         LUT6 (Prop_lut6_I0_O)        0.124    18.310 r  VexRiscv/dw_product_2[11]_i_34/O
                         net (fo=1, routed)           0.000    18.310    VexRiscv/dw_product_2[11]_i_34_n_0
    SLICE_X56Y33         CARRY4 (Prop_carry4_S[1]_CO[3])
                                                      0.533    18.843 r  VexRiscv/dw_product_2_reg[11]_i_12/CO[3]
                         net (fo=1, routed)           0.000    18.843    VexRiscv/dw_product_2_reg[11]_i_12_n_0
    SLICE_X56Y34         CARRY4 (Prop_carry4_CI_O[3])
                                                      0.315    19.158 r  VexRiscv/dw_product_2_reg[15]_i_29/O[3]
                         net (fo=3, routed)           0.689    19.847    VexRiscv/dw_product_2_reg[15]_i_29_n_4
    SLICE_X58Y40         LUT4 (Prop_lut4_I0_O)        0.307    20.154 r  VexRiscv/dw_product_2[19]_i_26/O
                         net (fo=1, routed)           0.641    20.794    VexRiscv/dw_product_2[19]_i_26_n_0
    SLICE_X56Y37         CARRY4 (Prop_carry4_DI[0]_O[1])
                                                      0.422    21.216 r  VexRiscv/dw_product_2_reg[19]_i_11/O[1]
                         net (fo=2, routed)           0.520    21.736    VexRiscv/dw_product_2_reg[19]_i_11_n_6
    SLICE_X54Y37         LUT3 (Prop_lut3_I0_O)        0.306    22.042 r  VexRiscv/dw_product_2[15]_i_3/O
                         net (fo=2, routed)           0.495    22.537    VexRiscv/dw_product_2[15]_i_3_n_0
    SLICE_X57Y37         LUT4 (Prop_lut4_I3_O)        0.124    22.661 r  VexRiscv/dw_product_2[15]_i_7/O
                         net (fo=1, routed)           0.000    22.661    VexRiscv/dw_product_2[15]_i_7_n_0
    SLICE_X57Y37         CARRY4 (Prop_carry4_S[2]_O[3])
                                                      0.352    23.013 r  VexRiscv/dw_product_2_reg[15]_i_1/O[3]
                         net (fo=2, routed)           0.733    23.746    VexRiscv/dw_product_2[19]_i_8_0[14]
    SLICE_X58Y39         LUT2 (Prop_lut2_I0_O)        0.306    24.052 r  VexRiscv/dw_product_6[15]_i_1/O
                         net (fo=1, routed)           0.000    24.052    Cfu/fn0/depthwise_3x3/dw_product_6_reg[19]_0[15]
    SLICE_X58Y39         FDRE                                         r  Cfu/fn0/depthwise_3x3/dw_product_6_reg[15]/D
  -------------------------------------------------------------------    -------------------

                         (clock soc_crg_clkout0 rise edge)
                                                     13.333    13.333 r  
    E3                                                0.000    13.333 r  clk100 (IN)
                         net (fo=0)                   0.000    13.333    clk100
    E3                   IBUF (Prop_ibuf_I_O)         1.411    14.745 r  clk100_IBUF_inst/O
                         net (fo=1, routed)           1.920    16.665    clk100_IBUF
    BUFGCTRL_X0Y16       BUFG (Prop_bufg_I_O)         0.091    16.756 r  clk100_IBUF_BUFG_inst/O
                         net (fo=1, routed)           1.796    18.551    clk100_IBUF_BUFG
    SLICE_X34Y25         LUT1 (Prop_lut1_I0_O)        0.100    18.651 r  clk100_inst/O
                         net (fo=9, routed)           1.432    20.084    soc_crg_clkin
    MMCME2_ADV_X0Y0      MMCME2_ADV (Prop_mmcme2_adv_CLKIN1_CLKOUT0)
                                                      0.083    20.167 r  MMCME2_ADV/CLKOUT0
                         net (fo=1, routed)           1.923    22.090    soc_crg_clkout0
    BUFGCTRL_X0Y0        BUFG (Prop_bufg_I_O)         0.091    22.181 r  BUFG/O
                         net (fo=5327, routed)        1.669    23.850    Cfu/fn0/depthwise_3x3/out
    SLICE_X58Y39         FDRE                                         r  Cfu/fn0/depthwise_3x3/dw_product_6_reg[15]/C
                         clock pessimism              0.792    24.642    
                         clock uncertainty           -0.070    24.572    
    SLICE_X58Y39         FDRE (Setup_fdre_C_D)        0.081    24.653    Cfu/fn0/depthwise_3x3/dw_product_6_reg[15]
  -------------------------------------------------------------------
                         required time                         24.653    
                         arrival time                         -24.052    
  -------------------------------------------------------------------
                         slack                                  0.601    

Slack (MET) :             0.615ns  (required time - arrival time)
  Source:                 VexRiscv/writeBack_arbitration_isValid_reg/C
                            (rising edge-triggered cell FDRE clocked by soc_crg_clkout0  {rise@0.000ns fall@6.667ns period=13.333ns})
  Destination:            Cfu/fn0/depthwise_3x3/dw_product_8_reg[12]/D
                            (rising edge-triggered cell FDRE clocked by soc_crg_clkout0  {rise@0.000ns fall@6.667ns period=13.333ns})
  Path Group:             soc_crg_clkout0
  Path Type:              Setup (Max at Slow Process Corner)
  Requirement:            13.333ns  (soc_crg_clkout0 rise@13.333ns - soc_crg_clkout0 rise@0.000ns)
  Data Path Delay:        12.267ns  (logic 4.026ns (32.821%)  route 8.241ns (67.179%))
  Logic Levels:           15  (CARRY4=5 LUT2=2 LUT3=2 LUT4=1 LUT6=5)
  Clock Path Skew:        -0.106ns (DCD - SCD + CPR)
    Destination Clock Delay (DCD):    10.520ns = ( 23.854 - 13.333 ) 
    Source Clock Delay      (SCD):    11.346ns
    Clock Pessimism Removal (CPR):    0.720ns
  Clock Uncertainty:      0.070ns  ((TSJ^2 + DJ^2)^1/2) / 2 + PE
    Total System Jitter     (TSJ):    0.071ns
    Discrete Jitter          (DJ):    0.121ns
    Phase Error              (PE):    0.000ns

    Location             Delay type                Incr(ns)  Path(ns)    Netlist Resource(s)
  -------------------------------------------------------------------    -------------------
                         (clock soc_crg_clkout0 rise edge)
                                                      0.000     0.000 r  
    E3                                                0.000     0.000 r  clk100 (IN)
                         net (fo=0)                   0.000     0.000    clk100
    E3                   IBUF (Prop_ibuf_I_O)         1.482     1.482 r  clk100_IBUF_inst/O
                         net (fo=1, routed)           2.025     3.506    clk100_IBUF
    BUFGCTRL_X0Y16       BUFG (Prop_bufg_I_O)         0.096     3.602 r  clk100_IBUF_BUFG_inst/O
                         net (fo=1, routed)           1.955     5.557    clk100_IBUF_BUFG
    SLICE_X34Y25         LUT1 (Prop_lut1_I0_O)        0.124     5.681 r  clk100_inst/O
                         net (fo=9, routed)           1.667     7.349    soc_crg_clkin
    MMCME2_ADV_X0Y0      MMCME2_ADV (Prop_mmcme2_adv_CLKIN1_CLKOUT0)
                                                      0.088     7.437 r  MMCME2_ADV/CLKOUT0
                         net (fo=1, routed)           2.018     9.455    soc_crg_clkout0
    BUFGCTRL_X0Y0        BUFG (Prop_bufg_I_O)         0.096     9.551 r  BUFG/O
                         net (fo=5327, routed)        1.795    11.346    VexRiscv/stageB_flusher_counter_reg[0]
    SLICE_X56Y39         FDRE                                         r  VexRiscv/writeBack_arbitration_isValid_reg/C
  -------------------------------------------------------------------    -------------------
    SLICE_X56Y39         FDRE (Prop_fdre_C_Q)         0.518    11.864 f  VexRiscv/writeBack_arbitration_isValid_reg/Q
                         net (fo=29, routed)          0.848    12.712    VexRiscv/writeBack_arbitration_isValid_reg_n_0
    SLICE_X56Y40         LUT6 (Prop_lut6_I0_O)        0.124    12.836 r  VexRiscv/captured[6]_i_2/O
                         net (fo=1, routed)           0.436    13.272    VexRiscv/execute_CfuPlugin_schedule
    SLICE_X56Y40         LUT6 (Prop_lut6_I2_O)        0.124    13.396 r  VexRiscv/captured[6]_i_1/O
                         net (fo=165, routed)         0.698    14.094    VexRiscv/$signal$2
    SLICE_X55Y40         LUT3 (Prop_lut3_I1_O)        0.124    14.218 f  VexRiscv/weight_offset$5[8]_i_4/O
                         net (fo=18, routed)          0.729    14.947    VexRiscv/Cfu/fn0/f7buf/$1[5]
    SLICE_X55Y40         LUT6 (Prop_lut6_I2_O)        0.124    15.071 f  VexRiscv/weight_offset$5[8]_i_1/O
                         net (fo=33, routed)          0.432    15.504    VexRiscv/depthwise_3x3_configure_start
    SLICE_X53Y39         LUT2 (Prop_lut2_I0_O)        0.124    15.628 f  VexRiscv/dw_product_8[19]_i_2/O
                         net (fo=127, routed)         0.787    16.415    VexRiscv/pipeline_state[1]_i_2_1
    SLICE_X49Y40         LUT2 (Prop_lut2_I0_O)        0.124    16.539 f  VexRiscv/dw_product_0[2]_i_12/O
                         net (fo=10, routed)          0.694    17.232    VexRiscv/dw_product_0[2]_i_12_n_0
    SLICE_X46Y40         LUT6 (Prop_lut6_I2_O)        0.124    17.356 r  VexRiscv/dw_product_0[11]_i_31/O
                         net (fo=2, routed)           0.605    17.962    VexRiscv/dw_product_0[11]_i_31_n_0
    SLICE_X45Y38         LUT6 (Prop_lut6_I0_O)        0.124    18.086 r  VexRiscv/dw_product_0[11]_i_35/O
                         net (fo=1, routed)           0.000    18.086    VexRiscv/dw_product_0[11]_i_35_n_0
    SLICE_X45Y38         CARRY4 (Prop_carry4_S[0]_CO[3])
                                                      0.532    18.618 r  VexRiscv/dw_product_0_reg[11]_i_12/CO[3]
                         net (fo=1, routed)           0.000    18.618    VexRiscv/dw_product_0_reg[11]_i_12_n_0
    SLICE_X45Y39         CARRY4 (Prop_carry4_CI_O[0])
                                                      0.222    18.840 r  VexRiscv/dw_product_0_reg[15]_i_29/O[0]
                         net (fo=1, routed)           0.704    19.543    VexRiscv/dw_product_0_reg[15]_i_29_n_7
    SLICE_X43Y37         CARRY4 (Prop_carry4_S[0]_O[1])
                                                      0.723    20.266 r  VexRiscv/dw_product_0_reg[15]_i_12/O[1]
                         net (fo=2, routed)           0.566    20.833    VexRiscv/dw_product_0_reg[15]_i_12_n_6
    SLICE_X45Y34         LUT3 (Prop_lut3_I0_O)        0.303    21.136 r  VexRiscv/dw_product_0[11]_i_3/O
                         net (fo=2, routed)           0.767    21.903    VexRiscv/dw_product_0[11]_i_3_n_0
    SLICE_X46Y36         LUT4 (Prop_lut4_I3_O)        0.124    22.027 r  VexRiscv/dw_product_0[11]_i_7/O
                         net (fo=1, routed)           0.000    22.027    VexRiscv/dw_product_0[11]_i_7_n_0
    SLICE_X46Y36         CARRY4 (Prop_carry4_S[2]_CO[3])
                                                      0.380    22.407 r  VexRiscv/dw_product_0_reg[11]_i_1/CO[3]
                         net (fo=1, routed)           0.000    22.407    VexRiscv/dw_product_0_reg[11]_i_1_n_0
    SLICE_X46Y37         CARRY4 (Prop_carry4_CI_O[0])
                                                      0.232    22.639 r  VexRiscv/dw_product_0_reg[15]_i_1/O[0]
                         net (fo=3, routed)           0.975    23.613    Cfu/fn0/depthwise_3x3/dw_product_0_reg[19]_0[11]
    SLICE_X47Y39         FDRE                                         r  Cfu/fn0/depthwise_3x3/dw_product_8_reg[12]/D
  -------------------------------------------------------------------    -------------------

                         (clock soc_crg_clkout0 rise edge)
                                                     13.333    13.333 r  
    E3                                                0.000    13.333 r  clk100 (IN)
                         net (fo=0)                   0.000    13.333    clk100
    E3                   IBUF (Prop_ibuf_I_O)         1.411    14.745 r  clk100_IBUF_inst/O
                         net (fo=1, routed)           1.920    16.665    clk100_IBUF
    BUFGCTRL_X0Y16       BUFG (Prop_bufg_I_O)         0.091    16.756 r  clk100_IBUF_BUFG_inst/O
                         net (fo=1, routed)           1.796    18.551    clk100_IBUF_BUFG
    SLICE_X34Y25         LUT1 (Prop_lut1_I0_O)        0.100    18.651 r  clk100_inst/O
                         net (fo=9, routed)           1.432    20.084    soc_crg_clkin
    MMCME2_ADV_X0Y0      MMCME2_ADV (Prop_mmcme2_adv_CLKIN1_CLKOUT0)
                                                      0.083    20.167 r  MMCME2_ADV/CLKOUT0
                         net (fo=1, routed)           1.923    22.090    soc_crg_clkout0
    BUFGCTRL_X0Y0        BUFG (Prop_bufg_I_O)         0.091    22.181 r  BUFG/O
                         net (fo=5327, routed)        1.673    23.854    Cfu/fn0/depthwise_3x3/out
    SLICE_X47Y39         FDRE                                         r  Cfu/fn0/depthwise_3x3/dw_product_8_reg[12]/C
                         clock pessimism              0.720    24.574    
                         clock uncertainty           -0.070    24.504    
    SLICE_X47Y39         FDRE (Setup_fdre_C_D)       -0.276    24.228    Cfu/fn0/depthwise_3x3/dw_product_8_reg[12]
  -------------------------------------------------------------------
                         required time                         24.228    
                         arrival time                         -23.613    
  -------------------------------------------------------------------
                         slack                                  0.615    

Slack (MET) :             0.640ns  (required time - arrival time)
  Source:                 VexRiscv/writeBack_arbitration_isValid_reg/C
                            (rising edge-triggered cell FDRE clocked by soc_crg_clkout0  {rise@0.000ns fall@6.667ns period=13.333ns})
  Destination:            Cfu/fn0/depthwise_3x3/dw_product_7_reg[16]/D
                            (rising edge-triggered cell FDRE clocked by soc_crg_clkout0  {rise@0.000ns fall@6.667ns period=13.333ns})
  Path Group:             soc_crg_clkout0
  Path Type:              Setup (Max at Slow Process Corner)
  Requirement:            13.333ns  (soc_crg_clkout0 rise@13.333ns - soc_crg_clkout0 rise@0.000ns)
  Data Path Delay:        12.703ns  (logic 4.921ns (38.740%)  route 7.782ns (61.260%))
  Logic Levels:           18  (CARRY4=6 LUT2=3 LUT3=2 LUT4=2 LUT6=5)
  Clock Path Skew:        -0.039ns (DCD - SCD + CPR)
    Destination Clock Delay (DCD):    10.515ns = ( 23.849 - 13.333 ) 
    Source Clock Delay      (SCD):    11.346ns
    Clock Pessimism Removal (CPR):    0.792ns
  Clock Uncertainty:      0.070ns  ((TSJ^2 + DJ^2)^1/2) / 2 + PE
    Total System Jitter     (TSJ):    0.071ns
    Discrete Jitter          (DJ):    0.121ns
    Phase Error              (PE):    0.000ns

    Location             Delay type                Incr(ns)  Path(ns)    Netlist Resource(s)
  -------------------------------------------------------------------    -------------------
                         (clock soc_crg_clkout0 rise edge)
                                                      0.000     0.000 r  
    E3                                                0.000     0.000 r  clk100 (IN)
                         net (fo=0)                   0.000     0.000    clk100
    E3                   IBUF (Prop_ibuf_I_O)         1.482     1.482 r  clk100_IBUF_inst/O
                         net (fo=1, routed)           2.025     3.506    clk100_IBUF
    BUFGCTRL_X0Y16       BUFG (Prop_bufg_I_O)         0.096     3.602 r  clk100_IBUF_BUFG_inst/O
                         net (fo=1, routed)           1.955     5.557    clk100_IBUF_BUFG
    SLICE_X34Y25         LUT1 (Prop_lut1_I0_O)        0.124     5.681 r  clk100_inst/O
                         net (fo=9, routed)           1.667     7.349    soc_crg_clkin
    MMCME2_ADV_X0Y0      MMCME2_ADV (Prop_mmcme2_adv_CLKIN1_CLKOUT0)
                                                      0.088     7.437 r  MMCME2_ADV/CLKOUT0
                         net (fo=1, routed)           2.018     9.455    soc_crg_clkout0
    BUFGCTRL_X0Y0        BUFG (Prop_bufg_I_O)         0.096     9.551 r  BUFG/O
                         net (fo=5327, routed)        1.795    11.346    VexRiscv/stageB_flusher_counter_reg[0]
    SLICE_X56Y39         FDRE                                         r  VexRiscv/writeBack_arbitration_isValid_reg/C
  -------------------------------------------------------------------    -------------------
    SLICE_X56Y39         FDRE (Prop_fdre_C_Q)         0.518    11.864 f  VexRiscv/writeBack_arbitration_isValid_reg/Q
                         net (fo=29, routed)          0.848    12.712    VexRiscv/writeBack_arbitration_isValid_reg_n_0
    SLICE_X56Y40         LUT6 (Prop_lut6_I0_O)        0.124    12.836 r  VexRiscv/captured[6]_i_2/O
                         net (fo=1, routed)           0.436    13.272    VexRiscv/execute_CfuPlugin_schedule
    SLICE_X56Y40         LUT6 (Prop_lut6_I2_O)        0.124    13.396 r  VexRiscv/captured[6]_i_1/O
                         net (fo=165, routed)         0.698    14.094    VexRiscv/$signal$2
    SLICE_X55Y40         LUT3 (Prop_lut3_I1_O)        0.124    14.218 f  VexRiscv/weight_offset$5[8]_i_4/O
                         net (fo=18, routed)          0.729    14.947    VexRiscv/Cfu/fn0/f7buf/$1[5]
    SLICE_X55Y40         LUT6 (Prop_lut6_I2_O)        0.124    15.071 f  VexRiscv/weight_offset$5[8]_i_1/O
                         net (fo=33, routed)          0.445    15.516    VexRiscv/depthwise_3x3_configure_start
    SLICE_X54Y39         LUT2 (Prop_lut2_I0_O)        0.124    15.640 f  VexRiscv/dw_product_7[2]_i_2/O
                         net (fo=127, routed)         0.540    16.181    VexRiscv/pipeline_state[1]_i_2_0
    SLICE_X57Y39         LUT2 (Prop_lut2_I0_O)        0.124    16.305 f  VexRiscv/dw_product_3[2]_i_11/O
                         net (fo=16, routed)          1.045    17.349    VexRiscv/dw_product_3[2]_i_11_n_0
    SLICE_X58Y34         LUT6 (Prop_lut6_I0_O)        0.124    17.473 r  VexRiscv/dw_product_3[11]_i_31/O
                         net (fo=2, routed)           0.559    18.032    VexRiscv/dw_product_3[11]_i_31_n_0
    SLICE_X60Y34         LUT6 (Prop_lut6_I0_O)        0.124    18.156 r  VexRiscv/dw_product_3[11]_i_35/O
                         net (fo=1, routed)           0.000    18.156    VexRiscv/dw_product_3[11]_i_35_n_0
    SLICE_X60Y34         CARRY4 (Prop_carry4_S[0]_CO[3])
                                                      0.513    18.669 r  VexRiscv/dw_product_3_reg[11]_i_12/CO[3]
                         net (fo=1, routed)           0.000    18.669    VexRiscv/dw_product_3_reg[11]_i_12_n_0
    SLICE_X60Y35         CARRY4 (Prop_carry4_CI_O[1])
                                                      0.323    18.992 r  VexRiscv/dw_product_3_reg[15]_i_29/O[1]
                         net (fo=2, routed)           0.660    19.652    VexRiscv/dw_product_3_reg[15]_i_29_n_6
    SLICE_X59Y40         LUT4 (Prop_lut4_I3_O)        0.306    19.958 r  VexRiscv/dw_product_3[15]_i_33/O
                         net (fo=1, routed)           0.000    19.958    VexRiscv/dw_product_3[15]_i_33_n_0
    SLICE_X59Y40         CARRY4 (Prop_carry4_S[1]_CO[3])
                                                      0.550    20.508 r  VexRiscv/dw_product_3_reg[15]_i_12/CO[3]
                         net (fo=1, routed)           0.000    20.508    VexRiscv/dw_product_3_reg[15]_i_12_n_0
    SLICE_X59Y41         CARRY4 (Prop_carry4_CI_O[1])
                                                      0.334    20.842 r  VexRiscv/dw_product_3_reg[19]_i_12/O[1]
                         net (fo=2, routed)           0.443    21.285    VexRiscv/dw_product_3_reg[19]_i_12_n_6
    SLICE_X58Y40         LUT3 (Prop_lut3_I0_O)        0.303    21.588 r  VexRiscv/dw_product_3[15]_i_3/O
                         net (fo=2, routed)           0.593    22.181    VexRiscv/dw_product_3[15]_i_3_n_0
    SLICE_X59Y38         LUT4 (Prop_lut4_I3_O)        0.124    22.305 r  VexRiscv/dw_product_3[15]_i_7/O
                         net (fo=1, routed)           0.000    22.305    VexRiscv/dw_product_3[15]_i_7_n_0
    SLICE_X59Y38         CARRY4 (Prop_carry4_S[2]_CO[3])
                                                      0.398    22.703 r  VexRiscv/dw_product_3_reg[15]_i_1/CO[3]
                         net (fo=1, routed)           0.000    22.703    VexRiscv/dw_product_3_reg[15]_i_1_n_0
    SLICE_X59Y39         CARRY4 (Prop_carry4_CI_O[0])
                                                      0.235    22.938 r  VexRiscv/dw_product_3_reg[19]_i_2/O[0]
                         net (fo=2, routed)           0.786    23.724    VexRiscv/dw_product_3[19]_i_9_0[15]
    SLICE_X58Y38         LUT2 (Prop_lut2_I0_O)        0.325    24.049 r  VexRiscv/dw_product_7[16]_i_1/O
                         net (fo=1, routed)           0.000    24.049    Cfu/fn0/depthwise_3x3/D[16]
    SLICE_X58Y38         FDRE                                         r  Cfu/fn0/depthwise_3x3/dw_product_7_reg[16]/D
  -------------------------------------------------------------------    -------------------

                         (clock soc_crg_clkout0 rise edge)
                                                     13.333    13.333 r  
    E3                                                0.000    13.333 r  clk100 (IN)
                         net (fo=0)                   0.000    13.333    clk100
    E3                   IBUF (Prop_ibuf_I_O)         1.411    14.745 r  clk100_IBUF_inst/O
                         net (fo=1, routed)           1.920    16.665    clk100_IBUF
    BUFGCTRL_X0Y16       BUFG (Prop_bufg_I_O)         0.091    16.756 r  clk100_IBUF_BUFG_inst/O
                         net (fo=1, routed)           1.796    18.551    clk100_IBUF_BUFG
    SLICE_X34Y25         LUT1 (Prop_lut1_I0_O)        0.100    18.651 r  clk100_inst/O
                         net (fo=9, routed)           1.432    20.084    soc_crg_clkin
    MMCME2_ADV_X0Y0      MMCME2_ADV (Prop_mmcme2_adv_CLKIN1_CLKOUT0)
                                                      0.083    20.167 r  MMCME2_ADV/CLKOUT0
                         net (fo=1, routed)           1.923    22.090    soc_crg_clkout0
    BUFGCTRL_X0Y0        BUFG (Prop_bufg_I_O)         0.091    22.181 r  BUFG/O
                         net (fo=5327, routed)        1.668    23.849    Cfu/fn0/depthwise_3x3/out
    SLICE_X58Y38         FDRE                                         r  Cfu/fn0/depthwise_3x3/dw_product_7_reg[16]/C
                         clock pessimism              0.792    24.641    
                         clock uncertainty           -0.070    24.571    
    SLICE_X58Y38         FDRE (Setup_fdre_C_D)        0.118    24.689    Cfu/fn0/depthwise_3x3/dw_product_7_reg[16]
  -------------------------------------------------------------------
                         required time                         24.689    
                         arrival time                         -24.049    
  -------------------------------------------------------------------
                         slack                                  0.640    

Slack (MET) :             0.643ns  (required time - arrival time)
  Source:                 VexRiscv/writeBack_arbitration_isValid_reg/C
                            (rising edge-triggered cell FDRE clocked by soc_crg_clkout0  {rise@0.000ns fall@6.667ns period=13.333ns})
  Destination:            Cfu/fn0/depthwise_3x3/dw_product_8_reg[13]/D
                            (rising edge-triggered cell FDRE clocked by soc_crg_clkout0  {rise@0.000ns fall@6.667ns period=13.333ns})
  Path Group:             soc_crg_clkout0
  Path Type:              Setup (Max at Slow Process Corner)
  Requirement:            13.333ns  (soc_crg_clkout0 rise@13.333ns - soc_crg_clkout0 rise@0.000ns)
  Data Path Delay:        12.228ns  (logic 4.131ns (33.784%)  route 8.097ns (66.216%))
  Logic Levels:           15  (CARRY4=5 LUT2=2 LUT3=2 LUT4=1 LUT6=5)
  Clock Path Skew:        -0.106ns (DCD - SCD + CPR)
    Destination Clock Delay (DCD):    10.520ns = ( 23.854 - 13.333 ) 
    Source Clock Delay      (SCD):    11.346ns
    Clock Pessimism Removal (CPR):    0.720ns
  Clock Uncertainty:      0.070ns  ((TSJ^2 + DJ^2)^1/2) / 2 + PE
    Total System Jitter     (TSJ):    0.071ns
    Discrete Jitter          (DJ):    0.121ns
    Phase Error              (PE):    0.000ns

    Location             Delay type                Incr(ns)  Path(ns)    Netlist Resource(s)
  -------------------------------------------------------------------    -------------------
                         (clock soc_crg_clkout0 rise edge)
                                                      0.000     0.000 r  
    E3                                                0.000     0.000 r  clk100 (IN)
                         net (fo=0)                   0.000     0.000    clk100
    E3                   IBUF (Prop_ibuf_I_O)         1.482     1.482 r  clk100_IBUF_inst/O
                         net (fo=1, routed)           2.025     3.506    clk100_IBUF
    BUFGCTRL_X0Y16       BUFG (Prop_bufg_I_O)         0.096     3.602 r  clk100_IBUF_BUFG_inst/O
                         net (fo=1, routed)           1.955     5.557    clk100_IBUF_BUFG
    SLICE_X34Y25         LUT1 (Prop_lut1_I0_O)        0.124     5.681 r  clk100_inst/O
                         net (fo=9, routed)           1.667     7.349    soc_crg_clkin
    MMCME2_ADV_X0Y0      MMCME2_ADV (Prop_mmcme2_adv_CLKIN1_CLKOUT0)
                                                      0.088     7.437 r  MMCME2_ADV/CLKOUT0
                         net (fo=1, routed)           2.018     9.455    soc_crg_clkout0
    BUFGCTRL_X0Y0        BUFG (Prop_bufg_I_O)         0.096     9.551 r  BUFG/O
                         net (fo=5327, routed)        1.795    11.346    VexRiscv/stageB_flusher_counter_reg[0]
    SLICE_X56Y39         FDRE                                         r  VexRiscv/writeBack_arbitration_isValid_reg/C
  -------------------------------------------------------------------    -------------------
    SLICE_X56Y39         FDRE (Prop_fdre_C_Q)         0.518    11.864 f  VexRiscv/writeBack_arbitration_isValid_reg/Q
                         net (fo=29, routed)          0.848    12.712    VexRiscv/writeBack_arbitration_isValid_reg_n_0
    SLICE_X56Y40         LUT6 (Prop_lut6_I0_O)        0.124    12.836 r  VexRiscv/captured[6]_i_2/O
                         net (fo=1, routed)           0.436    13.272    VexRiscv/execute_CfuPlugin_schedule
    SLICE_X56Y40         LUT6 (Prop_lut6_I2_O)        0.124    13.396 r  VexRiscv/captured[6]_i_1/O
                         net (fo=165, routed)         0.698    14.094    VexRiscv/$signal$2
    SLICE_X55Y40         LUT3 (Prop_lut3_I1_O)        0.124    14.218 f  VexRiscv/weight_offset$5[8]_i_4/O
                         net (fo=18, routed)          0.729    14.947    VexRiscv/Cfu/fn0/f7buf/$1[5]
    SLICE_X55Y40         LUT6 (Prop_lut6_I2_O)        0.124    15.071 f  VexRiscv/weight_offset$5[8]_i_1/O
                         net (fo=33, routed)          0.432    15.504    VexRiscv/depthwise_3x3_configure_start
    SLICE_X53Y39         LUT2 (Prop_lut2_I0_O)        0.124    15.628 f  VexRiscv/dw_product_8[19]_i_2/O
                         net (fo=127, routed)         0.787    16.415    VexRiscv/pipeline_state[1]_i_2_1
    SLICE_X49Y40         LUT2 (Prop_lut2_I0_O)        0.124    16.539 f  VexRiscv/dw_product_0[2]_i_12/O
                         net (fo=10, routed)          0.694    17.232    VexRiscv/dw_product_0[2]_i_12_n_0
    SLICE_X46Y40         LUT6 (Prop_lut6_I2_O)        0.124    17.356 r  VexRiscv/dw_product_0[11]_i_31/O
                         net (fo=2, routed)           0.605    17.962    VexRiscv/dw_product_0[11]_i_31_n_0
    SLICE_X45Y38         LUT6 (Prop_lut6_I0_O)        0.124    18.086 r  VexRiscv/dw_product_0[11]_i_35/O
                         net (fo=1, routed)           0.000    18.086    VexRiscv/dw_product_0[11]_i_35_n_0
    SLICE_X45Y38         CARRY4 (Prop_carry4_S[0]_CO[3])
                                                      0.532    18.618 r  VexRiscv/dw_product_0_reg[11]_i_12/CO[3]
                         net (fo=1, routed)           0.000    18.618    VexRiscv/dw_product_0_reg[11]_i_12_n_0
    SLICE_X45Y39         CARRY4 (Prop_carry4_CI_O[0])
                                                      0.222    18.840 r  VexRiscv/dw_product_0_reg[15]_i_29/O[0]
                         net (fo=1, routed)           0.704    19.543    VexRiscv/dw_product_0_reg[15]_i_29_n_7
    SLICE_X43Y37         CARRY4 (Prop_carry4_S[0]_O[1])
                                                      0.723    20.266 r  VexRiscv/dw_product_0_reg[15]_i_12/O[1]
                         net (fo=2, routed)           0.566    20.833    VexRiscv/dw_product_0_reg[15]_i_12_n_6
    SLICE_X45Y34         LUT3 (Prop_lut3_I0_O)        0.303    21.136 r  VexRiscv/dw_product_0[11]_i_3/O
                         net (fo=2, routed)           0.767    21.903    VexRiscv/dw_product_0[11]_i_3_n_0
    SLICE_X46Y36         LUT4 (Prop_lut4_I3_O)        0.124    22.027 r  VexRiscv/dw_product_0[11]_i_7/O
                         net (fo=1, routed)           0.000    22.027    VexRiscv/dw_product_0[11]_i_7_n_0
    SLICE_X46Y36         CARRY4 (Prop_carry4_S[2]_CO[3])
                                                      0.380    22.407 r  VexRiscv/dw_product_0_reg[11]_i_1/CO[3]
                         net (fo=1, routed)           0.000    22.407    VexRiscv/dw_product_0_reg[11]_i_1_n_0
    SLICE_X46Y37         CARRY4 (Prop_carry4_CI_O[1])
                                                      0.337    22.744 r  VexRiscv/dw_product_0_reg[15]_i_1/O[1]
                         net (fo=3, routed)           0.831    23.574    Cfu/fn0/depthwise_3x3/dw_product_0_reg[19]_0[12]
    SLICE_X47Y39         FDRE                                         r  Cfu/fn0/depthwise_3x3/dw_product_8_reg[13]/D
  -------------------------------------------------------------------    -------------------

                         (clock soc_crg_clkout0 rise edge)
                                                     13.333    13.333 r  
    E3                                                0.000    13.333 r  clk100 (IN)
                         net (fo=0)                   0.000    13.333    clk100
    E3                   IBUF (Prop_ibuf_I_O)         1.411    14.745 r  clk100_IBUF_inst/O
                         net (fo=1, routed)           1.920    16.665    clk100_IBUF
    BUFGCTRL_X0Y16       BUFG (Prop_bufg_I_O)         0.091    16.756 r  clk100_IBUF_BUFG_inst/O
                         net (fo=1, routed)           1.796    18.551    clk100_IBUF_BUFG
    SLICE_X34Y25         LUT1 (Prop_lut1_I0_O)        0.100    18.651 r  clk100_inst/O
                         net (fo=9, routed)           1.432    20.084    soc_crg_clkin
    MMCME2_ADV_X0Y0      MMCME2_ADV (Prop_mmcme2_adv_CLKIN1_CLKOUT0)
                                                      0.083    20.167 r  MMCME2_ADV/CLKOUT0
                         net (fo=1, routed)           1.923    22.090    soc_crg_clkout0
    BUFGCTRL_X0Y0        BUFG (Prop_bufg_I_O)         0.091    22.181 r  BUFG/O
                         net (fo=5327, routed)        1.673    23.854    Cfu/fn0/depthwise_3x3/out
    SLICE_X47Y39         FDRE                                         r  Cfu/fn0/depthwise_3x3/dw_product_8_reg[13]/C
                         clock pessimism              0.720    24.574    
                         clock uncertainty           -0.070    24.504    
    SLICE_X47Y39         FDRE (Setup_fdre_C_D)       -0.287    24.217    Cfu/fn0/depthwise_3x3/dw_product_8_reg[13]
  -------------------------------------------------------------------
                         required time                         24.217    
                         arrival time                         -23.574    
  -------------------------------------------------------------------
                         slack                                  0.643    

Slack (MET) :             0.644ns  (required time - arrival time)
  Source:                 VexRiscv/writeBack_arbitration_isValid_reg/C
                            (rising edge-triggered cell FDRE clocked by soc_crg_clkout0  {rise@0.000ns fall@6.667ns period=13.333ns})
  Destination:            Cfu/fn0/depthwise_3x3/dw_product_7_reg[17]/D
                            (rising edge-triggered cell FDRE clocked by soc_crg_clkout0  {rise@0.000ns fall@6.667ns period=13.333ns})
  Path Group:             soc_crg_clkout0
  Path Type:              Setup (Max at Slow Process Corner)
  Requirement:            13.333ns  (soc_crg_clkout0 rise@13.333ns - soc_crg_clkout0 rise@0.000ns)
  Data Path Delay:        12.699ns  (logic 5.041ns (39.698%)  route 7.658ns (60.302%))
  Logic Levels:           18  (CARRY4=6 LUT2=3 LUT3=2 LUT4=2 LUT6=5)
  Clock Path Skew:        -0.039ns (DCD - SCD + CPR)
    Destination Clock Delay (DCD):    10.515ns = ( 23.849 - 13.333 ) 
    Source Clock Delay      (SCD):    11.346ns
    Clock Pessimism Removal (CPR):    0.792ns
  Clock Uncertainty:      0.070ns  ((TSJ^2 + DJ^2)^1/2) / 2 + PE
    Total System Jitter     (TSJ):    0.071ns
    Discrete Jitter          (DJ):    0.121ns
    Phase Error              (PE):    0.000ns

    Location             Delay type                Incr(ns)  Path(ns)    Netlist Resource(s)
  -------------------------------------------------------------------    -------------------
                         (clock soc_crg_clkout0 rise edge)
                                                      0.000     0.000 r  
    E3                                                0.000     0.000 r  clk100 (IN)
                         net (fo=0)                   0.000     0.000    clk100
    E3                   IBUF (Prop_ibuf_I_O)         1.482     1.482 r  clk100_IBUF_inst/O
                         net (fo=1, routed)           2.025     3.506    clk100_IBUF
    BUFGCTRL_X0Y16       BUFG (Prop_bufg_I_O)         0.096     3.602 r  clk100_IBUF_BUFG_inst/O
                         net (fo=1, routed)           1.955     5.557    clk100_IBUF_BUFG
    SLICE_X34Y25         LUT1 (Prop_lut1_I0_O)        0.124     5.681 r  clk100_inst/O
                         net (fo=9, routed)           1.667     7.349    soc_crg_clkin
    MMCME2_ADV_X0Y0      MMCME2_ADV (Prop_mmcme2_adv_CLKIN1_CLKOUT0)
                                                      0.088     7.437 r  MMCME2_ADV/CLKOUT0
                         net (fo=1, routed)           2.018     9.455    soc_crg_clkout0
    BUFGCTRL_X0Y0        BUFG (Prop_bufg_I_O)         0.096     9.551 r  BUFG/O
                         net (fo=5327, routed)        1.795    11.346    VexRiscv/stageB_flusher_counter_reg[0]
    SLICE_X56Y39         FDRE                                         r  VexRiscv/writeBack_arbitration_isValid_reg/C
  -------------------------------------------------------------------    -------------------
    SLICE_X56Y39         FDRE (Prop_fdre_C_Q)         0.518    11.864 f  VexRiscv/writeBack_arbitration_isValid_reg/Q
                         net (fo=29, routed)          0.848    12.712    VexRiscv/writeBack_arbitration_isValid_reg_n_0
    SLICE_X56Y40         LUT6 (Prop_lut6_I0_O)        0.124    12.836 r  VexRiscv/captured[6]_i_2/O
                         net (fo=1, routed)           0.436    13.272    VexRiscv/execute_CfuPlugin_schedule
    SLICE_X56Y40         LUT6 (Prop_lut6_I2_O)        0.124    13.396 r  VexRiscv/captured[6]_i_1/O
                         net (fo=165, routed)         0.698    14.094    VexRiscv/$signal$2
    SLICE_X55Y40         LUT3 (Prop_lut3_I1_O)        0.124    14.218 f  VexRiscv/weight_offset$5[8]_i_4/O
                         net (fo=18, routed)          0.729    14.947    VexRiscv/Cfu/fn0/f7buf/$1[5]
    SLICE_X55Y40         LUT6 (Prop_lut6_I2_O)        0.124    15.071 f  VexRiscv/weight_offset$5[8]_i_1/O
                         net (fo=33, routed)          0.445    15.516    VexRiscv/depthwise_3x3_configure_start
    SLICE_X54Y39         LUT2 (Prop_lut2_I0_O)        0.124    15.640 f  VexRiscv/dw_product_7[2]_i_2/O
                         net (fo=127, routed)         0.540    16.181    VexRiscv/pipeline_state[1]_i_2_0
    SLICE_X57Y39         LUT2 (Prop_lut2_I0_O)        0.124    16.305 f  VexRiscv/dw_product_3[2]_i_11/O
                         net (fo=16, routed)          1.045    17.349    VexRiscv/dw_product_3[2]_i_11_n_0
    SLICE_X58Y34         LUT6 (Prop_lut6_I0_O)        0.124    17.473 r  VexRiscv/dw_product_3[11]_i_31/O
                         net (fo=2, routed)           0.559    18.032    VexRiscv/dw_product_3[11]_i_31_n_0
    SLICE_X60Y34         LUT6 (Prop_lut6_I0_O)        0.124    18.156 r  VexRiscv/dw_product_3[11]_i_35/O
                         net (fo=1, routed)           0.000    18.156    VexRiscv/dw_product_3[11]_i_35_n_0
    SLICE_X60Y34         CARRY4 (Prop_carry4_S[0]_CO[3])
                                                      0.513    18.669 r  VexRiscv/dw_product_3_reg[11]_i_12/CO[3]
                         net (fo=1, routed)           0.000    18.669    VexRiscv/dw_product_3_reg[11]_i_12_n_0
    SLICE_X60Y35         CARRY4 (Prop_carry4_CI_O[1])
                                                      0.323    18.992 r  VexRiscv/dw_product_3_reg[15]_i_29/O[1]
                         net (fo=2, routed)           0.660    19.652    VexRiscv/dw_product_3_reg[15]_i_29_n_6
    SLICE_X59Y40         LUT4 (Prop_lut4_I3_O)        0.306    19.958 r  VexRiscv/dw_product_3[15]_i_33/O
                         net (fo=1, routed)           0.000    19.958    VexRiscv/dw_product_3[15]_i_33_n_0
    SLICE_X59Y40         CARRY4 (Prop_carry4_S[1]_CO[3])
                                                      0.550    20.508 r  VexRiscv/dw_product_3_reg[15]_i_12/CO[3]
                         net (fo=1, routed)           0.000    20.508    VexRiscv/dw_product_3_reg[15]_i_12_n_0
    SLICE_X59Y41         CARRY4 (Prop_carry4_CI_O[1])
                                                      0.334    20.842 r  VexRiscv/dw_product_3_reg[19]_i_12/O[1]
                         net (fo=2, routed)           0.443    21.285    VexRiscv/dw_product_3_reg[19]_i_12_n_6
    SLICE_X58Y40         LUT3 (Prop_lut3_I0_O)        0.303    21.588 r  VexRiscv/dw_product_3[15]_i_3/O
                         net (fo=2, routed)           0.593    22.181    VexRiscv/dw_product_3[15]_i_3_n_0
    SLICE_X59Y38         LUT4 (Prop_lut4_I3_O)        0.124    22.305 r  VexRiscv/dw_product_3[15]_i_7/O
                         net (fo=1, routed)           0.000    22.305    VexRiscv/dw_product_3[15]_i_7_n_0
    SLICE_X59Y38         CARRY4 (Prop_carry4_S[2]_CO[3])
                                                      0.398    22.703 r  VexRiscv/dw_product_3_reg[15]_i_1/CO[3]
                         net (fo=1, routed)           0.000    22.703    VexRiscv/dw_product_3_reg[15]_i_1_n_0
    SLICE_X59Y39         CARRY4 (Prop_carry4_CI_O[1])
                                                      0.348    23.051 r  VexRiscv/dw_product_3_reg[19]_i_2/O[1]
                         net (fo=2, routed)           0.662    23.713    VexRiscv/dw_product_3[19]_i_9_0[16]
    SLICE_X58Y38         LUT2 (Prop_lut2_I0_O)        0.332    24.045 r  VexRiscv/dw_product_7[17]_i_1/O
                         net (fo=1, routed)           0.000    24.045    Cfu/fn0/depthwise_3x3/D[17]
    SLICE_X58Y38         FDRE                                         r  Cfu/fn0/depthwise_3x3/dw_product_7_reg[17]/D
  -------------------------------------------------------------------    -------------------

                         (clock soc_crg_clkout0 rise edge)
                                                     13.333    13.333 r  
    E3                                                0.000    13.333 r  clk100 (IN)
                         net (fo=0)                   0.000    13.333    clk100
    E3                   IBUF (Prop_ibuf_I_O)         1.411    14.745 r  clk100_IBUF_inst/O
                         net (fo=1, routed)           1.920    16.665    clk100_IBUF
    BUFGCTRL_X0Y16       BUFG (Prop_bufg_I_O)         0.091    16.756 r  clk100_IBUF_BUFG_inst/O
                         net (fo=1, routed)           1.796    18.551    clk100_IBUF_BUFG
    SLICE_X34Y25         LUT1 (Prop_lut1_I0_O)        0.100    18.651 r  clk100_inst/O
                         net (fo=9, routed)           1.432    20.084    soc_crg_clkin
    MMCME2_ADV_X0Y0      MMCME2_ADV (Prop_mmcme2_adv_CLKIN1_CLKOUT0)
                                                      0.083    20.167 r  MMCME2_ADV/CLKOUT0
                         net (fo=1, routed)           1.923    22.090    soc_crg_clkout0
    BUFGCTRL_X0Y0        BUFG (Prop_bufg_I_O)         0.091    22.181 r  BUFG/O
                         net (fo=5327, routed)        1.668    23.849    Cfu/fn0/depthwise_3x3/out
    SLICE_X58Y38         FDRE                                         r  Cfu/fn0/depthwise_3x3/dw_product_7_reg[17]/C
                         clock pessimism              0.792    24.641    
                         clock uncertainty           -0.070    24.571    
    SLICE_X58Y38         FDRE (Setup_fdre_C_D)        0.118    24.689    Cfu/fn0/depthwise_3x3/dw_product_7_reg[17]
  -------------------------------------------------------------------
                         required time                         24.689    
                         arrival time                         -24.045    
  -------------------------------------------------------------------
                         slack                                  0.644    





Min Delay Paths
--------------------------------------------------------------------------------------
Slack (MET) :             0.034ns  (arrival time - required time)
  Source:                 VexRiscv/decode_to_execute_MEMORY_ENABLE_reg/C
                            (rising edge-triggered cell FDRE clocked by soc_crg_clkout0  {rise@0.000ns fall@6.667ns period=13.333ns})
  Destination:            VexRiscv/execute_to_memory_MEMORY_ENABLE_reg/D
                            (rising edge-triggered cell FDRE clocked by soc_crg_clkout0  {rise@0.000ns fall@6.667ns period=13.333ns})
  Path Group:             soc_crg_clkout0
  Path Type:              Hold (Min at Fast Process Corner)
  Requirement:            0.000ns  (soc_crg_clkout0 rise@0.000ns - soc_crg_clkout0 rise@0.000ns)
  Data Path Delay:        0.369ns  (logic 0.148ns (40.112%)  route 0.221ns (59.888%))
  Logic Levels:           0  
  Clock Path Skew:        0.328ns (DCD - SCD - CPR)
    Destination Clock Delay (DCD):    4.746ns
    Source Clock Delay      (SCD):    3.712ns
    Clock Pessimism Removal (CPR):    0.705ns

    Location             Delay type                Incr(ns)  Path(ns)    Netlist Resource(s)
  -------------------------------------------------------------------    -------------------
                         (clock soc_crg_clkout0 rise edge)
                                                      0.000     0.000 r  
    E3                                                0.000     0.000 r  clk100 (IN)
                         net (fo=0)                   0.000     0.000    clk100
    E3                   IBUF (Prop_ibuf_I_O)         0.250     0.250 r  clk100_IBUF_inst/O
                         net (fo=1, routed)           0.644     0.894    clk100_IBUF
    BUFGCTRL_X0Y16       BUFG (Prop_bufg_I_O)         0.026     0.920 r  clk100_IBUF_BUFG_inst/O
                         net (fo=1, routed)           0.683     1.603    clk100_IBUF_BUFG
    SLICE_X34Y25         LUT1 (Prop_lut1_I0_O)        0.045     1.648 r  clk100_inst/O
                         net (fo=9, routed)           0.745     2.393    soc_crg_clkin
    MMCME2_ADV_X0Y0      MMCME2_ADV (Prop_mmcme2_adv_CLKIN1_CLKOUT0)
                                                      0.050     2.443 r  MMCME2_ADV/CLKOUT0
                         net (fo=1, routed)           0.648     3.091    soc_crg_clkout0
    BUFGCTRL_X0Y0        BUFG (Prop_bufg_I_O)         0.026     3.117 r  BUFG/O
                         net (fo=5327, routed)        0.596     3.712    VexRiscv/stageB_flusher_counter_reg[0]
    SLICE_X76Y50         FDRE                                         r  VexRiscv/decode_to_execute_MEMORY_ENABLE_reg/C
  -------------------------------------------------------------------    -------------------
    SLICE_X76Y50         FDRE (Prop_fdre_C_Q)         0.148     3.860 r  VexRiscv/decode_to_execute_MEMORY_ENABLE_reg/Q
                         net (fo=3, routed)           0.221     4.081    VexRiscv/decode_to_execute_MEMORY_ENABLE
    SLICE_X76Y49         FDRE                                         r  VexRiscv/execute_to_memory_MEMORY_ENABLE_reg/D
  -------------------------------------------------------------------    -------------------

                         (clock soc_crg_clkout0 rise edge)
                                                      0.000     0.000 r  
    E3                                                0.000     0.000 r  clk100 (IN)
                         net (fo=0)                   0.000     0.000    clk100
    E3                   IBUF (Prop_ibuf_I_O)         0.438     0.438 r  clk100_IBUF_inst/O
                         net (fo=1, routed)           0.699     1.136    clk100_IBUF
    BUFGCTRL_X0Y16       BUFG (Prop_bufg_I_O)         0.029     1.165 r  clk100_IBUF_BUFG_inst/O
                         net (fo=1, routed)           0.963     2.129    clk100_IBUF_BUFG
    SLICE_X34Y25         LUT1 (Prop_lut1_I0_O)        0.056     2.185 r  clk100_inst/O
                         net (fo=9, routed)           0.850     3.035    soc_crg_clkin
    MMCME2_ADV_X0Y0      MMCME2_ADV (Prop_mmcme2_adv_CLKIN1_CLKOUT0)
                                                      0.053     3.088 r  MMCME2_ADV/CLKOUT0
                         net (fo=1, routed)           0.700     3.788    soc_crg_clkout0
    BUFGCTRL_X0Y0        BUFG (Prop_bufg_I_O)         0.029     3.817 r  BUFG/O
                         net (fo=5327, routed)        0.929     4.746    VexRiscv/stageB_flusher_counter_reg[0]
    SLICE_X76Y49         FDRE                                         r  VexRiscv/execute_to_memory_MEMORY_ENABLE_reg/C
                         clock pessimism             -0.705     4.040    
    SLICE_X76Y49         FDRE (Hold_fdre_C_D)         0.007     4.047    VexRiscv/execute_to_memory_MEMORY_ENABLE_reg
  -------------------------------------------------------------------
                         required time                         -4.047    
                         arrival time                           4.081    
  -------------------------------------------------------------------
                         slack                                  0.034    

Slack (MET) :             0.035ns  (arrival time - required time)
  Source:                 soc_basesoc_uart_rx_fifo_produce_reg[0]/C
                            (rising edge-triggered cell FDRE clocked by soc_crg_clkout0  {rise@0.000ns fall@6.667ns period=13.333ns})
  Destination:            storage_1_reg_0_15_6_9/RAMA/WADR0
                            (rising edge-triggered cell RAMD32 clocked by soc_crg_clkout0  {rise@0.000ns fall@6.667ns period=13.333ns})
  Path Group:             soc_crg_clkout0
  Path Type:              Hold (Min at Fast Process Corner)
  Requirement:            0.000ns  (soc_crg_clkout0 rise@0.000ns - soc_crg_clkout0 rise@0.000ns)
  Data Path Delay:        0.358ns  (logic 0.141ns (39.348%)  route 0.217ns (60.652%))
  Logic Levels:           0  
  Clock Path Skew:        0.013ns (DCD - SCD - CPR)
    Destination Clock Delay (DCD):    4.670ns
    Source Clock Delay      (SCD):    3.699ns
    Clock Pessimism Removal (CPR):    0.957ns

    Location             Delay type                Incr(ns)  Path(ns)    Netlist Resource(s)
  -------------------------------------------------------------------    -------------------
                         (clock soc_crg_clkout0 rise edge)
                                                      0.000     0.000 r  
    E3                                                0.000     0.000 r  clk100 (IN)
                         net (fo=0)                   0.000     0.000    clk100
    E3                   IBUF (Prop_ibuf_I_O)         0.250     0.250 r  clk100_IBUF_inst/O
                         net (fo=1, routed)           0.644     0.894    clk100_IBUF
    BUFGCTRL_X0Y16       BUFG (Prop_bufg_I_O)         0.026     0.920 r  clk100_IBUF_BUFG_inst/O
                         net (fo=1, routed)           0.683     1.603    clk100_IBUF_BUFG
    SLICE_X34Y25         LUT1 (Prop_lut1_I0_O)        0.045     1.648 r  clk100_inst/O
                         net (fo=9, routed)           0.745     2.393    soc_crg_clkin
    MMCME2_ADV_X0Y0      MMCME2_ADV (Prop_mmcme2_adv_CLKIN1_CLKOUT0)
                                                      0.050     2.443 r  MMCME2_ADV/CLKOUT0
                         net (fo=1, routed)           0.648     3.091    soc_crg_clkout0
    BUFGCTRL_X0Y0        BUFG (Prop_bufg_I_O)         0.026     3.117 r  BUFG/O
                         net (fo=5327, routed)        0.583     3.699    sys_clk
    SLICE_X77Y73         FDRE                                         r  soc_basesoc_uart_rx_fifo_produce_reg[0]/C
  -------------------------------------------------------------------    -------------------
    SLICE_X77Y73         FDRE (Prop_fdre_C_Q)         0.141     3.840 r  soc_basesoc_uart_rx_fifo_produce_reg[0]/Q
                         net (fo=20, routed)          0.217     4.058    storage_1_reg_0_15_6_9/ADDRD0
    SLICE_X76Y73         RAMD32                                       r  storage_1_reg_0_15_6_9/RAMA/WADR0
  -------------------------------------------------------------------    -------------------

                         (clock soc_crg_clkout0 rise edge)
                                                      0.000     0.000 r  
    E3                                                0.000     0.000 r  clk100 (IN)
                         net (fo=0)                   0.000     0.000    clk100
    E3                   IBUF (Prop_ibuf_I_O)         0.438     0.438 r  clk100_IBUF_inst/O
                         net (fo=1, routed)           0.699     1.136    clk100_IBUF
    BUFGCTRL_X0Y16       BUFG (Prop_bufg_I_O)         0.029     1.165 r  clk100_IBUF_BUFG_inst/O
                         net (fo=1, routed)           0.963     2.129    clk100_IBUF_BUFG
    SLICE_X34Y25         LUT1 (Prop_lut1_I0_O)        0.056     2.185 r  clk100_inst/O
                         net (fo=9, routed)           0.850     3.035    soc_crg_clkin
    MMCME2_ADV_X0Y0      MMCME2_ADV (Prop_mmcme2_adv_CLKIN1_CLKOUT0)
                                                      0.053     3.088 r  MMCME2_ADV/CLKOUT0
                         net (fo=1, routed)           0.700     3.788    soc_crg_clkout0
    BUFGCTRL_X0Y0        BUFG (Prop_bufg_I_O)         0.029     3.817 r  BUFG/O
                         net (fo=5327, routed)        0.853     4.670    storage_1_reg_0_15_6_9/WCLK
    SLICE_X76Y73         RAMD32                                       r  storage_1_reg_0_15_6_9/RAMA/CLK
                         clock pessimism             -0.957     3.712    
    SLICE_X76Y73         RAMD32 (Hold_ramd32_CLK_WADR0)
                                                      0.310     4.022    storage_1_reg_0_15_6_9/RAMA
  -------------------------------------------------------------------
                         required time                         -4.022    
                         arrival time                           4.058    
  -------------------------------------------------------------------
                         slack                                  0.035    

Slack (MET) :             0.035ns  (arrival time - required time)
  Source:                 soc_basesoc_uart_rx_fifo_produce_reg[0]/C
                            (rising edge-triggered cell FDRE clocked by soc_crg_clkout0  {rise@0.000ns fall@6.667ns period=13.333ns})
  Destination:            storage_1_reg_0_15_6_9/RAMA_D1/WADR0
                            (rising edge-triggered cell RAMD32 clocked by soc_crg_clkout0  {rise@0.000ns fall@6.667ns period=13.333ns})
  Path Group:             soc_crg_clkout0
  Path Type:              Hold (Min at Fast Process Corner)
  Requirement:            0.000ns  (soc_crg_clkout0 rise@0.000ns - soc_crg_clkout0 rise@0.000ns)
  Data Path Delay:        0.358ns  (logic 0.141ns (39.348%)  route 0.217ns (60.652%))
  Logic Levels:           0  
  Clock Path Skew:        0.013ns (DCD - SCD - CPR)
    Destination Clock Delay (DCD):    4.670ns
    Source Clock Delay      (SCD):    3.699ns
    Clock Pessimism Removal (CPR):    0.957ns

    Location             Delay type                Incr(ns)  Path(ns)    Netlist Resource(s)
  -------------------------------------------------------------------    -------------------
                         (clock soc_crg_clkout0 rise edge)
                                                      0.000     0.000 r  
    E3                                                0.000     0.000 r  clk100 (IN)
                         net (fo=0)                   0.000     0.000    clk100
    E3                   IBUF (Prop_ibuf_I_O)         0.250     0.250 r  clk100_IBUF_inst/O
                         net (fo=1, routed)           0.644     0.894    clk100_IBUF
    BUFGCTRL_X0Y16       BUFG (Prop_bufg_I_O)         0.026     0.920 r  clk100_IBUF_BUFG_inst/O
                         net (fo=1, routed)           0.683     1.603    clk100_IBUF_BUFG
    SLICE_X34Y25         LUT1 (Prop_lut1_I0_O)        0.045     1.648 r  clk100_inst/O
                         net (fo=9, routed)           0.745     2.393    soc_crg_clkin
    MMCME2_ADV_X0Y0      MMCME2_ADV (Prop_mmcme2_adv_CLKIN1_CLKOUT0)
                                                      0.050     2.443 r  MMCME2_ADV/CLKOUT0
                         net (fo=1, routed)           0.648     3.091    soc_crg_clkout0
    BUFGCTRL_X0Y0        BUFG (Prop_bufg_I_O)         0.026     3.117 r  BUFG/O
                         net (fo=5327, routed)        0.583     3.699    sys_clk
    SLICE_X77Y73         FDRE                                         r  soc_basesoc_uart_rx_fifo_produce_reg[0]/C
  -------------------------------------------------------------------    -------------------
    SLICE_X77Y73         FDRE (Prop_fdre_C_Q)         0.141     3.840 r  soc_basesoc_uart_rx_fifo_produce_reg[0]/Q
                         net (fo=20, routed)          0.217     4.058    storage_1_reg_0_15_6_9/ADDRD0
    SLICE_X76Y73         RAMD32                                       r  storage_1_reg_0_15_6_9/RAMA_D1/WADR0
  -------------------------------------------------------------------    -------------------

                         (clock soc_crg_clkout0 rise edge)
                                                      0.000     0.000 r  
    E3                                                0.000     0.000 r  clk100 (IN)
                         net (fo=0)                   0.000     0.000    clk100
    E3                   IBUF (Prop_ibuf_I_O)         0.438     0.438 r  clk100_IBUF_inst/O
                         net (fo=1, routed)           0.699     1.136    clk100_IBUF
    BUFGCTRL_X0Y16       BUFG (Prop_bufg_I_O)         0.029     1.165 r  clk100_IBUF_BUFG_inst/O
                         net (fo=1, routed)           0.963     2.129    clk100_IBUF_BUFG
    SLICE_X34Y25         LUT1 (Prop_lut1_I0_O)        0.056     2.185 r  clk100_inst/O
                         net (fo=9, routed)           0.850     3.035    soc_crg_clkin
    MMCME2_ADV_X0Y0      MMCME2_ADV (Prop_mmcme2_adv_CLKIN1_CLKOUT0)
                                                      0.053     3.088 r  MMCME2_ADV/CLKOUT0
                         net (fo=1, routed)           0.700     3.788    soc_crg_clkout0
    BUFGCTRL_X0Y0        BUFG (Prop_bufg_I_O)         0.029     3.817 r  BUFG/O
                         net (fo=5327, routed)        0.853     4.670    storage_1_reg_0_15_6_9/WCLK
    SLICE_X76Y73         RAMD32                                       r  storage_1_reg_0_15_6_9/RAMA_D1/CLK
                         clock pessimism             -0.957     3.712    
    SLICE_X76Y73         RAMD32 (Hold_ramd32_CLK_WADR0)
                                                      0.310     4.022    storage_1_reg_0_15_6_9/RAMA_D1
  -------------------------------------------------------------------
                         required time                         -4.022    
                         arrival time                           4.058    
  -------------------------------------------------------------------
                         slack                                  0.035    

Slack (MET) :             0.035ns  (arrival time - required time)
  Source:                 soc_basesoc_uart_rx_fifo_produce_reg[0]/C
                            (rising edge-triggered cell FDRE clocked by soc_crg_clkout0  {rise@0.000ns fall@6.667ns period=13.333ns})
  Destination:            storage_1_reg_0_15_6_9/RAMB/WADR0
                            (rising edge-triggered cell RAMD32 clocked by soc_crg_clkout0  {rise@0.000ns fall@6.667ns period=13.333ns})
  Path Group:             soc_crg_clkout0
  Path Type:              Hold (Min at Fast Process Corner)
  Requirement:            0.000ns  (soc_crg_clkout0 rise@0.000ns - soc_crg_clkout0 rise@0.000ns)
  Data Path Delay:        0.358ns  (logic 0.141ns (39.348%)  route 0.217ns (60.652%))
  Logic Levels:           0  
  Clock Path Skew:        0.013ns (DCD - SCD - CPR)
    Destination Clock Delay (DCD):    4.670ns
    Source Clock Delay      (SCD):    3.699ns
    Clock Pessimism Removal (CPR):    0.957ns

    Location             Delay type                Incr(ns)  Path(ns)    Netlist Resource(s)
  -------------------------------------------------------------------    -------------------
                         (clock soc_crg_clkout0 rise edge)
                                                      0.000     0.000 r  
    E3                                                0.000     0.000 r  clk100 (IN)
                         net (fo=0)                   0.000     0.000    clk100
    E3                   IBUF (Prop_ibuf_I_O)         0.250     0.250 r  clk100_IBUF_inst/O
                         net (fo=1, routed)           0.644     0.894    clk100_IBUF
    BUFGCTRL_X0Y16       BUFG (Prop_bufg_I_O)         0.026     0.920 r  clk100_IBUF_BUFG_inst/O
                         net (fo=1, routed)           0.683     1.603    clk100_IBUF_BUFG
    SLICE_X34Y25         LUT1 (Prop_lut1_I0_O)        0.045     1.648 r  clk100_inst/O
                         net (fo=9, routed)           0.745     2.393    soc_crg_clkin
    MMCME2_ADV_X0Y0      MMCME2_ADV (Prop_mmcme2_adv_CLKIN1_CLKOUT0)
                                                      0.050     2.443 r  MMCME2_ADV/CLKOUT0
                         net (fo=1, routed)           0.648     3.091    soc_crg_clkout0
    BUFGCTRL_X0Y0        BUFG (Prop_bufg_I_O)         0.026     3.117 r  BUFG/O
                         net (fo=5327, routed)        0.583     3.699    sys_clk
    SLICE_X77Y73         FDRE                                         r  soc_basesoc_uart_rx_fifo_produce_reg[0]/C
  -------------------------------------------------------------------    -------------------
    SLICE_X77Y73         FDRE (Prop_fdre_C_Q)         0.141     3.840 r  soc_basesoc_uart_rx_fifo_produce_reg[0]/Q
                         net (fo=20, routed)          0.217     4.058    storage_1_reg_0_15_6_9/ADDRD0
    SLICE_X76Y73         RAMD32                                       r  storage_1_reg_0_15_6_9/RAMB/WADR0
  -------------------------------------------------------------------    -------------------

                         (clock soc_crg_clkout0 rise edge)
                                                      0.000     0.000 r  
    E3                                                0.000     0.000 r  clk100 (IN)
                         net (fo=0)                   0.000     0.000    clk100
    E3                   IBUF (Prop_ibuf_I_O)         0.438     0.438 r  clk100_IBUF_inst/O
                         net (fo=1, routed)           0.699     1.136    clk100_IBUF
    BUFGCTRL_X0Y16       BUFG (Prop_bufg_I_O)         0.029     1.165 r  clk100_IBUF_BUFG_inst/O
                         net (fo=1, routed)           0.963     2.129    clk100_IBUF_BUFG
    SLICE_X34Y25         LUT1 (Prop_lut1_I0_O)        0.056     2.185 r  clk100_inst/O
                         net (fo=9, routed)           0.850     3.035    soc_crg_clkin
    MMCME2_ADV_X0Y0      MMCME2_ADV (Prop_mmcme2_adv_CLKIN1_CLKOUT0)
                                                      0.053     3.088 r  MMCME2_ADV/CLKOUT0
                         net (fo=1, routed)           0.700     3.788    soc_crg_clkout0
    BUFGCTRL_X0Y0        BUFG (Prop_bufg_I_O)         0.029     3.817 r  BUFG/O
                         net (fo=5327, routed)        0.853     4.670    storage_1_reg_0_15_6_9/WCLK
    SLICE_X76Y73         RAMD32                                       r  storage_1_reg_0_15_6_9/RAMB/CLK
                         clock pessimism             -0.957     3.712    
    SLICE_X76Y73         RAMD32 (Hold_ramd32_CLK_WADR0)
                                                      0.310     4.022    storage_1_reg_0_15_6_9/RAMB
  -------------------------------------------------------------------
                         required time                         -4.022    
                         arrival time                           4.058    
  -------------------------------------------------------------------
                         slack                                  0.035    

Slack (MET) :             0.035ns  (arrival time - required time)
  Source:                 soc_basesoc_uart_rx_fifo_produce_reg[0]/C
                            (rising edge-triggered cell FDRE clocked by soc_crg_clkout0  {rise@0.000ns fall@6.667ns period=13.333ns})
  Destination:            storage_1_reg_0_15_6_9/RAMB_D1/WADR0
                            (rising edge-triggered cell RAMD32 clocked by soc_crg_clkout0  {rise@0.000ns fall@6.667ns period=13.333ns})
  Path Group:             soc_crg_clkout0
  Path Type:              Hold (Min at Fast Process Corner)
  Requirement:            0.000ns  (soc_crg_clkout0 rise@0.000ns - soc_crg_clkout0 rise@0.000ns)
  Data Path Delay:        0.358ns  (logic 0.141ns (39.348%)  route 0.217ns (60.652%))
  Logic Levels:           0  
  Clock Path Skew:        0.013ns (DCD - SCD - CPR)
    Destination Clock Delay (DCD):    4.670ns
    Source Clock Delay      (SCD):    3.699ns
    Clock Pessimism Removal (CPR):    0.957ns

    Location             Delay type                Incr(ns)  Path(ns)    Netlist Resource(s)
  -------------------------------------------------------------------    -------------------
                         (clock soc_crg_clkout0 rise edge)
                                                      0.000     0.000 r  
    E3                                                0.000     0.000 r  clk100 (IN)
                         net (fo=0)                   0.000     0.000    clk100
    E3                   IBUF (Prop_ibuf_I_O)         0.250     0.250 r  clk100_IBUF_inst/O
                         net (fo=1, routed)           0.644     0.894    clk100_IBUF
    BUFGCTRL_X0Y16       BUFG (Prop_bufg_I_O)         0.026     0.920 r  clk100_IBUF_BUFG_inst/O
                         net (fo=1, routed)           0.683     1.603    clk100_IBUF_BUFG
    SLICE_X34Y25         LUT1 (Prop_lut1_I0_O)        0.045     1.648 r  clk100_inst/O
                         net (fo=9, routed)           0.745     2.393    soc_crg_clkin
    MMCME2_ADV_X0Y0      MMCME2_ADV (Prop_mmcme2_adv_CLKIN1_CLKOUT0)
                                                      0.050     2.443 r  MMCME2_ADV/CLKOUT0
                         net (fo=1, routed)           0.648     3.091    soc_crg_clkout0
    BUFGCTRL_X0Y0        BUFG (Prop_bufg_I_O)         0.026     3.117 r  BUFG/O
                         net (fo=5327, routed)        0.583     3.699    sys_clk
    SLICE_X77Y73         FDRE                                         r  soc_basesoc_uart_rx_fifo_produce_reg[0]/C
  -------------------------------------------------------------------    -------------------
    SLICE_X77Y73         FDRE (Prop_fdre_C_Q)         0.141     3.840 r  soc_basesoc_uart_rx_fifo_produce_reg[0]/Q
                         net (fo=20, routed)          0.217     4.058    storage_1_reg_0_15_6_9/ADDRD0
    SLICE_X76Y73         RAMD32                                       r  storage_1_reg_0_15_6_9/RAMB_D1/WADR0
  -------------------------------------------------------------------    -------------------

                         (clock soc_crg_clkout0 rise edge)
                                                      0.000     0.000 r  
    E3                                                0.000     0.000 r  clk100 (IN)
                         net (fo=0)                   0.000     0.000    clk100
    E3                   IBUF (Prop_ibuf_I_O)         0.438     0.438 r  clk100_IBUF_inst/O
                         net (fo=1, routed)           0.699     1.136    clk100_IBUF
    BUFGCTRL_X0Y16       BUFG (Prop_bufg_I_O)         0.029     1.165 r  clk100_IBUF_BUFG_inst/O
                         net (fo=1, routed)           0.963     2.129    clk100_IBUF_BUFG
    SLICE_X34Y25         LUT1 (Prop_lut1_I0_O)        0.056     2.185 r  clk100_inst/O
                         net (fo=9, routed)           0.850     3.035    soc_crg_clkin
    MMCME2_ADV_X0Y0      MMCME2_ADV (Prop_mmcme2_adv_CLKIN1_CLKOUT0)
                                                      0.053     3.088 r  MMCME2_ADV/CLKOUT0
                         net (fo=1, routed)           0.700     3.788    soc_crg_clkout0
    BUFGCTRL_X0Y0        BUFG (Prop_bufg_I_O)         0.029     3.817 r  BUFG/O
                         net (fo=5327, routed)        0.853     4.670    storage_1_reg_0_15_6_9/WCLK
    SLICE_X76Y73         RAMD32                                       r  storage_1_reg_0_15_6_9/RAMB_D1/CLK
                         clock pessimism             -0.957     3.712    
    SLICE_X76Y73         RAMD32 (Hold_ramd32_CLK_WADR0)
                                                      0.310     4.022    storage_1_reg_0_15_6_9/RAMB_D1
  -------------------------------------------------------------------
                         required time                         -4.022    
                         arrival time                           4.058    
  -------------------------------------------------------------------
                         slack                                  0.035    

Slack (MET) :             0.035ns  (arrival time - required time)
  Source:                 soc_basesoc_uart_rx_fifo_produce_reg[0]/C
                            (rising edge-triggered cell FDRE clocked by soc_crg_clkout0  {rise@0.000ns fall@6.667ns period=13.333ns})
  Destination:            storage_1_reg_0_15_6_9/RAMC/WADR0
                            (rising edge-triggered cell RAMD32 clocked by soc_crg_clkout0  {rise@0.000ns fall@6.667ns period=13.333ns})
  Path Group:             soc_crg_clkout0
  Path Type:              Hold (Min at Fast Process Corner)
  Requirement:            0.000ns  (soc_crg_clkout0 rise@0.000ns - soc_crg_clkout0 rise@0.000ns)
  Data Path Delay:        0.358ns  (logic 0.141ns (39.348%)  route 0.217ns (60.652%))
  Logic Levels:           0  
  Clock Path Skew:        0.013ns (DCD - SCD - CPR)
    Destination Clock Delay (DCD):    4.670ns
    Source Clock Delay      (SCD):    3.699ns
    Clock Pessimism Removal (CPR):    0.957ns

    Location             Delay type                Incr(ns)  Path(ns)    Netlist Resource(s)
  -------------------------------------------------------------------    -------------------
                         (clock soc_crg_clkout0 rise edge)
                                                      0.000     0.000 r  
    E3                                                0.000     0.000 r  clk100 (IN)
                         net (fo=0)                   0.000     0.000    clk100
    E3                   IBUF (Prop_ibuf_I_O)         0.250     0.250 r  clk100_IBUF_inst/O
                         net (fo=1, routed)           0.644     0.894    clk100_IBUF
    BUFGCTRL_X0Y16       BUFG (Prop_bufg_I_O)         0.026     0.920 r  clk100_IBUF_BUFG_inst/O
                         net (fo=1, routed)           0.683     1.603    clk100_IBUF_BUFG
    SLICE_X34Y25         LUT1 (Prop_lut1_I0_O)        0.045     1.648 r  clk100_inst/O
                         net (fo=9, routed)           0.745     2.393    soc_crg_clkin
    MMCME2_ADV_X0Y0      MMCME2_ADV (Prop_mmcme2_adv_CLKIN1_CLKOUT0)
                                                      0.050     2.443 r  MMCME2_ADV/CLKOUT0
                         net (fo=1, routed)           0.648     3.091    soc_crg_clkout0
    BUFGCTRL_X0Y0        BUFG (Prop_bufg_I_O)         0.026     3.117 r  BUFG/O
                         net (fo=5327, routed)        0.583     3.699    sys_clk
    SLICE_X77Y73         FDRE                                         r  soc_basesoc_uart_rx_fifo_produce_reg[0]/C
  -------------------------------------------------------------------    -------------------
    SLICE_X77Y73         FDRE (Prop_fdre_C_Q)         0.141     3.840 r  soc_basesoc_uart_rx_fifo_produce_reg[0]/Q
                         net (fo=20, routed)          0.217     4.058    storage_1_reg_0_15_6_9/ADDRD0
    SLICE_X76Y73         RAMD32                                       r  storage_1_reg_0_15_6_9/RAMC/WADR0
  -------------------------------------------------------------------    -------------------

                         (clock soc_crg_clkout0 rise edge)
                                                      0.000     0.000 r  
    E3                                                0.000     0.000 r  clk100 (IN)
                         net (fo=0)                   0.000     0.000    clk100
    E3                   IBUF (Prop_ibuf_I_O)         0.438     0.438 r  clk100_IBUF_inst/O
                         net (fo=1, routed)           0.699     1.136    clk100_IBUF
    BUFGCTRL_X0Y16       BUFG (Prop_bufg_I_O)         0.029     1.165 r  clk100_IBUF_BUFG_inst/O
                         net (fo=1, routed)           0.963     2.129    clk100_IBUF_BUFG
    SLICE_X34Y25         LUT1 (Prop_lut1_I0_O)        0.056     2.185 r  clk100_inst/O
                         net (fo=9, routed)           0.850     3.035    soc_crg_clkin
    MMCME2_ADV_X0Y0      MMCME2_ADV (Prop_mmcme2_adv_CLKIN1_CLKOUT0)
                                                      0.053     3.088 r  MMCME2_ADV/CLKOUT0
                         net (fo=1, routed)           0.700     3.788    soc_crg_clkout0
    BUFGCTRL_X0Y0        BUFG (Prop_bufg_I_O)         0.029     3.817 r  BUFG/O
                         net (fo=5327, routed)        0.853     4.670    storage_1_reg_0_15_6_9/WCLK
    SLICE_X76Y73         RAMD32                                       r  storage_1_reg_0_15_6_9/RAMC/CLK
                         clock pessimism             -0.957     3.712    
    SLICE_X76Y73         RAMD32 (Hold_ramd32_CLK_WADR0)
                                                      0.310     4.022    storage_1_reg_0_15_6_9/RAMC
  -------------------------------------------------------------------
                         required time                         -4.022    
                         arrival time                           4.058    
  -------------------------------------------------------------------
                         slack                                  0.035    

Slack (MET) :             0.035ns  (arrival time - required time)
  Source:                 soc_basesoc_uart_rx_fifo_produce_reg[0]/C
                            (rising edge-triggered cell FDRE clocked by soc_crg_clkout0  {rise@0.000ns fall@6.667ns period=13.333ns})
  Destination:            storage_1_reg_0_15_6_9/RAMC_D1/WADR0
                            (rising edge-triggered cell RAMD32 clocked by soc_crg_clkout0  {rise@0.000ns fall@6.667ns period=13.333ns})
  Path Group:             soc_crg_clkout0
  Path Type:              Hold (Min at Fast Process Corner)
  Requirement:            0.000ns  (soc_crg_clkout0 rise@0.000ns - soc_crg_clkout0 rise@0.000ns)
  Data Path Delay:        0.358ns  (logic 0.141ns (39.348%)  route 0.217ns (60.652%))
  Logic Levels:           0  
  Clock Path Skew:        0.013ns (DCD - SCD - CPR)
    Destination Clock Delay (DCD):    4.670ns
    Source Clock Delay      (SCD):    3.699ns
    Clock Pessimism Removal (CPR):    0.957ns

    Location             Delay type                Incr(ns)  Path(ns)    Netlist Resource(s)
  -------------------------------------------------------------------    -------------------
                         (clock soc_crg_clkout0 rise edge)
                                                      0.000     0.000 r  
    E3                                                0.000     0.000 r  clk100 (IN)
                         net (fo=0)                   0.000     0.000    clk100
    E3                   IBUF (Prop_ibuf_I_O)         0.250     0.250 r  clk100_IBUF_inst/O
                         net (fo=1, routed)           0.644     0.894    clk100_IBUF
    BUFGCTRL_X0Y16       BUFG (Prop_bufg_I_O)         0.026     0.920 r  clk100_IBUF_BUFG_inst/O
                         net (fo=1, routed)           0.683     1.603    clk100_IBUF_BUFG
    SLICE_X34Y25         LUT1 (Prop_lut1_I0_O)        0.045     1.648 r  clk100_inst/O
                         net (fo=9, routed)           0.745     2.393    soc_crg_clkin
    MMCME2_ADV_X0Y0      MMCME2_ADV (Prop_mmcme2_adv_CLKIN1_CLKOUT0)
                                                      0.050     2.443 r  MMCME2_ADV/CLKOUT0
                         net (fo=1, routed)           0.648     3.091    soc_crg_clkout0
    BUFGCTRL_X0Y0        BUFG (Prop_bufg_I_O)         0.026     3.117 r  BUFG/O
                         net (fo=5327, routed)        0.583     3.699    sys_clk
    SLICE_X77Y73         FDRE                                         r  soc_basesoc_uart_rx_fifo_produce_reg[0]/C
  -------------------------------------------------------------------    -------------------
    SLICE_X77Y73         FDRE (Prop_fdre_C_Q)         0.141     3.840 r  soc_basesoc_uart_rx_fifo_produce_reg[0]/Q
                         net (fo=20, routed)          0.217     4.058    storage_1_reg_0_15_6_9/ADDRD0
    SLICE_X76Y73         RAMD32                                       r  storage_1_reg_0_15_6_9/RAMC_D1/WADR0
  -------------------------------------------------------------------    -------------------

                         (clock soc_crg_clkout0 rise edge)
                                                      0.000     0.000 r  
    E3                                                0.000     0.000 r  clk100 (IN)
                         net (fo=0)                   0.000     0.000    clk100
    E3                   IBUF (Prop_ibuf_I_O)         0.438     0.438 r  clk100_IBUF_inst/O
                         net (fo=1, routed)           0.699     1.136    clk100_IBUF
    BUFGCTRL_X0Y16       BUFG (Prop_bufg_I_O)         0.029     1.165 r  clk100_IBUF_BUFG_inst/O
                         net (fo=1, routed)           0.963     2.129    clk100_IBUF_BUFG
    SLICE_X34Y25         LUT1 (Prop_lut1_I0_O)        0.056     2.185 r  clk100_inst/O
                         net (fo=9, routed)           0.850     3.035    soc_crg_clkin
    MMCME2_ADV_X0Y0      MMCME2_ADV (Prop_mmcme2_adv_CLKIN1_CLKOUT0)
                                                      0.053     3.088 r  MMCME2_ADV/CLKOUT0
                         net (fo=1, routed)           0.700     3.788    soc_crg_clkout0
    BUFGCTRL_X0Y0        BUFG (Prop_bufg_I_O)         0.029     3.817 r  BUFG/O
                         net (fo=5327, routed)        0.853     4.670    storage_1_reg_0_15_6_9/WCLK
    SLICE_X76Y73         RAMD32                                       r  storage_1_reg_0_15_6_9/RAMC_D1/CLK
                         clock pessimism             -0.957     3.712    
    SLICE_X76Y73         RAMD32 (Hold_ramd32_CLK_WADR0)
                                                      0.310     4.022    storage_1_reg_0_15_6_9/RAMC_D1
  -------------------------------------------------------------------
                         required time                         -4.022    
                         arrival time                           4.058    
  -------------------------------------------------------------------
                         slack                                  0.035    

Slack (MET) :             0.035ns  (arrival time - required time)
  Source:                 soc_basesoc_uart_rx_fifo_produce_reg[0]/C
                            (rising edge-triggered cell FDRE clocked by soc_crg_clkout0  {rise@0.000ns fall@6.667ns period=13.333ns})
  Destination:            storage_1_reg_0_15_6_9/RAMD/ADR0
                            (rising edge-triggered cell RAMS32 clocked by soc_crg_clkout0  {rise@0.000ns fall@6.667ns period=13.333ns})
  Path Group:             soc_crg_clkout0
  Path Type:              Hold (Min at Fast Process Corner)
  Requirement:            0.000ns  (soc_crg_clkout0 rise@0.000ns - soc_crg_clkout0 rise@0.000ns)
  Data Path Delay:        0.358ns  (logic 0.141ns (39.348%)  route 0.217ns (60.652%))
  Logic Levels:           0  
  Clock Path Skew:        0.013ns (DCD - SCD - CPR)
    Destination Clock Delay (DCD):    4.670ns
    Source Clock Delay      (SCD):    3.699ns
    Clock Pessimism Removal (CPR):    0.957ns

    Location             Delay type                Incr(ns)  Path(ns)    Netlist Resource(s)
  -------------------------------------------------------------------    -------------------
                         (clock soc_crg_clkout0 rise edge)
                                                      0.000     0.000 r  
    E3                                                0.000     0.000 r  clk100 (IN)
                         net (fo=0)                   0.000     0.000    clk100
    E3                   IBUF (Prop_ibuf_I_O)         0.250     0.250 r  clk100_IBUF_inst/O
                         net (fo=1, routed)           0.644     0.894    clk100_IBUF
    BUFGCTRL_X0Y16       BUFG (Prop_bufg_I_O)         0.026     0.920 r  clk100_IBUF_BUFG_inst/O
                         net (fo=1, routed)           0.683     1.603    clk100_IBUF_BUFG
    SLICE_X34Y25         LUT1 (Prop_lut1_I0_O)        0.045     1.648 r  clk100_inst/O
                         net (fo=9, routed)           0.745     2.393    soc_crg_clkin
    MMCME2_ADV_X0Y0      MMCME2_ADV (Prop_mmcme2_adv_CLKIN1_CLKOUT0)
                                                      0.050     2.443 r  MMCME2_ADV/CLKOUT0
                         net (fo=1, routed)           0.648     3.091    soc_crg_clkout0
    BUFGCTRL_X0Y0        BUFG (Prop_bufg_I_O)         0.026     3.117 r  BUFG/O
                         net (fo=5327, routed)        0.583     3.699    sys_clk
    SLICE_X77Y73         FDRE                                         r  soc_basesoc_uart_rx_fifo_produce_reg[0]/C
  -------------------------------------------------------------------    -------------------
    SLICE_X77Y73         FDRE (Prop_fdre_C_Q)         0.141     3.840 r  soc_basesoc_uart_rx_fifo_produce_reg[0]/Q
                         net (fo=20, routed)          0.217     4.058    storage_1_reg_0_15_6_9/ADDRD0
    SLICE_X76Y73         RAMS32                                       r  storage_1_reg_0_15_6_9/RAMD/ADR0
  -------------------------------------------------------------------    -------------------

                         (clock soc_crg_clkout0 rise edge)
                                                      0.000     0.000 r  
    E3                                                0.000     0.000 r  clk100 (IN)
                         net (fo=0)                   0.000     0.000    clk100
    E3                   IBUF (Prop_ibuf_I_O)         0.438     0.438 r  clk100_IBUF_inst/O
                         net (fo=1, routed)           0.699     1.136    clk100_IBUF
    BUFGCTRL_X0Y16       BUFG (Prop_bufg_I_O)         0.029     1.165 r  clk100_IBUF_BUFG_inst/O
                         net (fo=1, routed)           0.963     2.129    clk100_IBUF_BUFG
    SLICE_X34Y25         LUT1 (Prop_lut1_I0_O)        0.056     2.185 r  clk100_inst/O
                         net (fo=9, routed)           0.850     3.035    soc_crg_clkin
    MMCME2_ADV_X0Y0      MMCME2_ADV (Prop_mmcme2_adv_CLKIN1_CLKOUT0)
                                                      0.053     3.088 r  MMCME2_ADV/CLKOUT0
                         net (fo=1, routed)           0.700     3.788    soc_crg_clkout0
    BUFGCTRL_X0Y0        BUFG (Prop_bufg_I_O)         0.029     3.817 r  BUFG/O
                         net (fo=5327, routed)        0.853     4.670    storage_1_reg_0_15_6_9/WCLK
    SLICE_X76Y73         RAMS32                                       r  storage_1_reg_0_15_6_9/RAMD/CLK
                         clock pessimism             -0.957     3.712    
    SLICE_X76Y73         RAMS32 (Hold_rams32_CLK_ADR0)
                                                      0.310     4.022    storage_1_reg_0_15_6_9/RAMD
  -------------------------------------------------------------------
                         required time                         -4.022    
                         arrival time                           4.058    
  -------------------------------------------------------------------
                         slack                                  0.035    

Slack (MET) :             0.035ns  (arrival time - required time)
  Source:                 soc_basesoc_uart_rx_fifo_produce_reg[0]/C
                            (rising edge-triggered cell FDRE clocked by soc_crg_clkout0  {rise@0.000ns fall@6.667ns period=13.333ns})
  Destination:            storage_1_reg_0_15_6_9/RAMD_D1/ADR0
                            (rising edge-triggered cell RAMS32 clocked by soc_crg_clkout0  {rise@0.000ns fall@6.667ns period=13.333ns})
  Path Group:             soc_crg_clkout0
  Path Type:              Hold (Min at Fast Process Corner)
  Requirement:            0.000ns  (soc_crg_clkout0 rise@0.000ns - soc_crg_clkout0 rise@0.000ns)
  Data Path Delay:        0.358ns  (logic 0.141ns (39.348%)  route 0.217ns (60.652%))
  Logic Levels:           0  
  Clock Path Skew:        0.013ns (DCD - SCD - CPR)
    Destination Clock Delay (DCD):    4.670ns
    Source Clock Delay      (SCD):    3.699ns
    Clock Pessimism Removal (CPR):    0.957ns

    Location             Delay type                Incr(ns)  Path(ns)    Netlist Resource(s)
  -------------------------------------------------------------------    -------------------
                         (clock soc_crg_clkout0 rise edge)
                                                      0.000     0.000 r  
    E3                                                0.000     0.000 r  clk100 (IN)
                         net (fo=0)                   0.000     0.000    clk100
    E3                   IBUF (Prop_ibuf_I_O)         0.250     0.250 r  clk100_IBUF_inst/O
                         net (fo=1, routed)           0.644     0.894    clk100_IBUF
    BUFGCTRL_X0Y16       BUFG (Prop_bufg_I_O)         0.026     0.920 r  clk100_IBUF_BUFG_inst/O
                         net (fo=1, routed)           0.683     1.603    clk100_IBUF_BUFG
    SLICE_X34Y25         LUT1 (Prop_lut1_I0_O)        0.045     1.648 r  clk100_inst/O
                         net (fo=9, routed)           0.745     2.393    soc_crg_clkin
    MMCME2_ADV_X0Y0      MMCME2_ADV (Prop_mmcme2_adv_CLKIN1_CLKOUT0)
                                                      0.050     2.443 r  MMCME2_ADV/CLKOUT0
                         net (fo=1, routed)           0.648     3.091    soc_crg_clkout0
    BUFGCTRL_X0Y0        BUFG (Prop_bufg_I_O)         0.026     3.117 r  BUFG/O
                         net (fo=5327, routed)        0.583     3.699    sys_clk
    SLICE_X77Y73         FDRE                                         r  soc_basesoc_uart_rx_fifo_produce_reg[0]/C
  -------------------------------------------------------------------    -------------------
    SLICE_X77Y73         FDRE (Prop_fdre_C_Q)         0.141     3.840 r  soc_basesoc_uart_rx_fifo_produce_reg[0]/Q
                         net (fo=20, routed)          0.217     4.058    storage_1_reg_0_15_6_9/ADDRD0
    SLICE_X76Y73         RAMS32                                       r  storage_1_reg_0_15_6_9/RAMD_D1/ADR0
  -------------------------------------------------------------------    -------------------

                         (clock soc_crg_clkout0 rise edge)
                                                      0.000     0.000 r  
    E3                                                0.000     0.000 r  clk100 (IN)
                         net (fo=0)                   0.000     0.000    clk100
    E3                   IBUF (Prop_ibuf_I_O)         0.438     0.438 r  clk100_IBUF_inst/O
                         net (fo=1, routed)           0.699     1.136    clk100_IBUF
    BUFGCTRL_X0Y16       BUFG (Prop_bufg_I_O)         0.029     1.165 r  clk100_IBUF_BUFG_inst/O
                         net (fo=1, routed)           0.963     2.129    clk100_IBUF_BUFG
    SLICE_X34Y25         LUT1 (Prop_lut1_I0_O)        0.056     2.185 r  clk100_inst/O
                         net (fo=9, routed)           0.850     3.035    soc_crg_clkin
    MMCME2_ADV_X0Y0      MMCME2_ADV (Prop_mmcme2_adv_CLKIN1_CLKOUT0)
                                                      0.053     3.088 r  MMCME2_ADV/CLKOUT0
                         net (fo=1, routed)           0.700     3.788    soc_crg_clkout0
    BUFGCTRL_X0Y0        BUFG (Prop_bufg_I_O)         0.029     3.817 r  BUFG/O
                         net (fo=5327, routed)        0.853     4.670    storage_1_reg_0_15_6_9/WCLK
    SLICE_X76Y73         RAMS32                                       r  storage_1_reg_0_15_6_9/RAMD_D1/CLK
                         clock pessimism             -0.957     3.712    
    SLICE_X76Y73         RAMS32 (Hold_rams32_CLK_ADR0)
                                                      0.310     4.022    storage_1_reg_0_15_6_9/RAMD_D1
  -------------------------------------------------------------------
                         required time                         -4.022    
                         arrival time                           4.058    
  -------------------------------------------------------------------
                         slack                                  0.035    

Slack (MET) :             0.046ns  (arrival time - required time)
  Source:                 VexRiscv/dataCache_1/stageB_mmuRsp_physicalAddress_reg[22]/C
                            (rising edge-triggered cell FDRE clocked by soc_crg_clkout0  {rise@0.000ns fall@6.667ns period=13.333ns})
  Destination:            VexRiscv/dataCache_1/ways_0_tags_reg/DIADI[12]
                            (rising edge-triggered cell RAMB18E1 clocked by soc_crg_clkout0  {rise@0.000ns fall@6.667ns period=13.333ns})
  Path Group:             soc_crg_clkout0
  Path Type:              Hold (Min at Fast Process Corner)
  Requirement:            0.000ns  (soc_crg_clkout0 rise@0.000ns - soc_crg_clkout0 rise@0.000ns)
  Data Path Delay:        0.258ns  (logic 0.141ns (54.590%)  route 0.117ns (45.410%))
  Logic Levels:           0  
  Clock Path Skew:        0.057ns (DCD - SCD - CPR)
    Destination Clock Delay (DCD):    4.765ns
    Source Clock Delay      (SCD):    3.749ns
    Clock Pessimism Removal (CPR):    0.959ns

    Location             Delay type                Incr(ns)  Path(ns)    Netlist Resource(s)
  -------------------------------------------------------------------    -------------------
                         (clock soc_crg_clkout0 rise edge)
                                                      0.000     0.000 r  
    E3                                                0.000     0.000 r  clk100 (IN)
                         net (fo=0)                   0.000     0.000    clk100
    E3                   IBUF (Prop_ibuf_I_O)         0.250     0.250 r  clk100_IBUF_inst/O
                         net (fo=1, routed)           0.644     0.894    clk100_IBUF
    BUFGCTRL_X0Y16       BUFG (Prop_bufg_I_O)         0.026     0.920 r  clk100_IBUF_BUFG_inst/O
                         net (fo=1, routed)           0.683     1.603    clk100_IBUF_BUFG
    SLICE_X34Y25         LUT1 (Prop_lut1_I0_O)        0.045     1.648 r  clk100_inst/O
                         net (fo=9, routed)           0.745     2.393    soc_crg_clkin
    MMCME2_ADV_X0Y0      MMCME2_ADV (Prop_mmcme2_adv_CLKIN1_CLKOUT0)
                                                      0.050     2.443 r  MMCME2_ADV/CLKOUT0
                         net (fo=1, routed)           0.648     3.091    soc_crg_clkout0
    BUFGCTRL_X0Y0        BUFG (Prop_bufg_I_O)         0.026     3.117 r  BUFG/O
                         net (fo=5327, routed)        0.632     3.749    VexRiscv/dataCache_1/stageB_flusher_counter_reg[0]_0
    SLICE_X63Y45         FDRE                                         r  VexRiscv/dataCache_1/stageB_mmuRsp_physicalAddress_reg[22]/C
  -------------------------------------------------------------------    -------------------
    SLICE_X63Y45         FDRE (Prop_fdre_C_Q)         0.141     3.890 r  VexRiscv/dataCache_1/stageB_mmuRsp_physicalAddress_reg[22]/Q
                         net (fo=3, routed)           0.117     4.007    VexRiscv/dataCache_1/dataCache_1_io_mem_cmd_payload_address[20]
    RAMB18_X1Y17         RAMB18E1                                     r  VexRiscv/dataCache_1/ways_0_tags_reg/DIADI[12]
  -------------------------------------------------------------------    -------------------

                         (clock soc_crg_clkout0 rise edge)
                                                      0.000     0.000 r  
    E3                                                0.000     0.000 r  clk100 (IN)
                         net (fo=0)                   0.000     0.000    clk100
    E3                   IBUF (Prop_ibuf_I_O)         0.438     0.438 r  clk100_IBUF_inst/O
                         net (fo=1, routed)           0.699     1.136    clk100_IBUF
    BUFGCTRL_X0Y16       BUFG (Prop_bufg_I_O)         0.029     1.165 r  clk100_IBUF_BUFG_inst/O
                         net (fo=1, routed)           0.963     2.129    clk100_IBUF_BUFG
    SLICE_X34Y25         LUT1 (Prop_lut1_I0_O)        0.056     2.185 r  clk100_inst/O
                         net (fo=9, routed)           0.850     3.035    soc_crg_clkin
    MMCME2_ADV_X0Y0      MMCME2_ADV (Prop_mmcme2_adv_CLKIN1_CLKOUT0)
                                                      0.053     3.088 r  MMCME2_ADV/CLKOUT0
                         net (fo=1, routed)           0.700     3.788    soc_crg_clkout0
    BUFGCTRL_X0Y0        BUFG (Prop_bufg_I_O)         0.029     3.817 r  BUFG/O
                         net (fo=5327, routed)        0.948     4.765    VexRiscv/dataCache_1/stageB_flusher_counter_reg[0]_0
    RAMB18_X1Y17         RAMB18E1                                     r  VexRiscv/dataCache_1/ways_0_tags_reg/CLKBWRCLK
                         clock pessimism             -0.959     3.806    
    RAMB18_X1Y17         RAMB18E1 (Hold_ramb18e1_CLKBWRCLK_DIADI[12])
                                                      0.155     3.961    VexRiscv/dataCache_1/ways_0_tags_reg
  -------------------------------------------------------------------
                         required time                         -3.961    
                         arrival time                           4.007    
  -------------------------------------------------------------------
                         slack                                  0.046    





Pulse Width Checks
--------------------------------------------------------------------------------------
Clock Name:         soc_crg_clkout0
Waveform(ns):       { 0.000 6.667 }
Period(ns):         13.333
Sources:            { MMCME2_ADV/CLKOUT0 }

Check Type        Corner  Lib Pin             Reference Pin  Required(ns)  Actual(ns)  Slack(ns)  Location         Pin
Min Period        n/a     DSP48E1/CLK         n/a            3.884         13.333      9.449      DSP48_X0Y15      Cfu/fn0/pp/srdhm/ab_reg/CLK
Min Period        n/a     DSP48E1/CLK         n/a            3.687         13.333      9.646      DSP48_X0Y17      Cfu/fn0/pp/srdhm/ab_reg__0/CLK
Min Period        n/a     RAMB18E1/CLKARDCLK  n/a            2.944         13.333      10.389     RAMB18_X1Y16     Cfu/fn0/FIFO/unbuffered/storage_reg/CLKARDCLK
Min Period        n/a     RAMB18E1/CLKBWRCLK  n/a            2.944         13.333      10.389     RAMB18_X1Y16     Cfu/fn0/FIFO/unbuffered/storage_reg/CLKBWRCLK
Min Period        n/a     RAMB36E1/CLKARDCLK  n/a            2.944         13.333      10.389     RAMB36_X2Y4      Cfu/fn0/ins/dp_0/mem_reg/CLKARDCLK
Min Period        n/a     RAMB36E1/CLKARDCLK  n/a            2.944         13.333      10.389     RAMB36_X2Y5      Cfu/fn0/ins/dp_1/mem_reg/CLKARDCLK
Min Period        n/a     RAMB36E1/CLKARDCLK  n/a            2.944         13.333      10.389     RAMB36_X1Y5      Cfu/fn0/ins/dp_2/mem_reg/CLKARDCLK
Min Period        n/a     RAMB36E1/CLKARDCLK  n/a            2.944         13.333      10.389     RAMB36_X1Y4      Cfu/fn0/ins/dp_3/mem_reg/CLKARDCLK
Min Period        n/a     RAMB18E1/CLKARDCLK  n/a            2.944         13.333      10.389     RAMB18_X1Y6      Cfu/fn0/store_filter_values_dp_0/mem_reg/CLKARDCLK
Min Period        n/a     RAMB18E1/CLKBWRCLK  n/a            2.944         13.333      10.389     RAMB18_X1Y6      Cfu/fn0/store_filter_values_dp_0/mem_reg/CLKBWRCLK
Max Period        n/a     MMCME2_ADV/CLKOUT0  n/a            213.360       13.333      200.027    MMCME2_ADV_X0Y0  MMCME2_ADV/CLKOUT0
Low Pulse Width   Slow    RAMD32/CLK          n/a            1.250         6.667       5.417      SLICE_X76Y72     storage_1_reg_0_15_0_5/RAMA/CLK
Low Pulse Width   Fast    RAMD32/CLK          n/a            1.250         6.667       5.417      SLICE_X76Y72     storage_1_reg_0_15_0_5/RAMA/CLK
Low Pulse Width   Slow    RAMD32/CLK          n/a            1.250         6.667       5.417      SLICE_X76Y72     storage_1_reg_0_15_0_5/RAMA_D1/CLK
Low Pulse Width   Fast    RAMD32/CLK          n/a            1.250         6.667       5.417      SLICE_X76Y72     storage_1_reg_0_15_0_5/RAMA_D1/CLK
Low Pulse Width   Slow    RAMD32/CLK          n/a            1.250         6.667       5.417      SLICE_X76Y72     storage_1_reg_0_15_0_5/RAMB/CLK
Low Pulse Width   Fast    RAMD32/CLK          n/a            1.250         6.667       5.417      SLICE_X76Y72     storage_1_reg_0_15_0_5/RAMB/CLK
Low Pulse Width   Slow    RAMD32/CLK          n/a            1.250         6.667       5.417      SLICE_X76Y72     storage_1_reg_0_15_0_5/RAMB_D1/CLK
Low Pulse Width   Fast    RAMD32/CLK          n/a            1.250         6.667       5.417      SLICE_X76Y72     storage_1_reg_0_15_0_5/RAMB_D1/CLK
Low Pulse Width   Slow    RAMD32/CLK          n/a            1.250         6.667       5.417      SLICE_X76Y72     storage_1_reg_0_15_0_5/RAMC/CLK
Low Pulse Width   Fast    RAMD32/CLK          n/a            1.250         6.667       5.417      SLICE_X76Y72     storage_1_reg_0_15_0_5/RAMC/CLK
High Pulse Width  Slow    RAMD32/CLK          n/a            1.250         6.667       5.417      SLICE_X76Y72     storage_1_reg_0_15_0_5/RAMA/CLK
High Pulse Width  Fast    RAMD32/CLK          n/a            1.250         6.667       5.417      SLICE_X76Y72     storage_1_reg_0_15_0_5/RAMA/CLK
High Pulse Width  Slow    RAMD32/CLK          n/a            1.250         6.667       5.417      SLICE_X76Y72     storage_1_reg_0_15_0_5/RAMA_D1/CLK
High Pulse Width  Fast    RAMD32/CLK          n/a            1.250         6.667       5.417      SLICE_X76Y72     storage_1_reg_0_15_0_5/RAMA_D1/CLK
High Pulse Width  Slow    RAMD32/CLK          n/a            1.250         6.667       5.417      SLICE_X76Y72     storage_1_reg_0_15_0_5/RAMB/CLK
High Pulse Width  Fast    RAMD32/CLK          n/a            1.250         6.667       5.417      SLICE_X76Y72     storage_1_reg_0_15_0_5/RAMB/CLK
High Pulse Width  Slow    RAMD32/CLK          n/a            1.250         6.667       5.417      SLICE_X76Y72     storage_1_reg_0_15_0_5/RAMB_D1/CLK
High Pulse Width  Fast    RAMD32/CLK          n/a            1.250         6.667       5.417      SLICE_X76Y72     storage_1_reg_0_15_0_5/RAMB_D1/CLK
High Pulse Width  Slow    RAMD32/CLK          n/a            1.250         6.667       5.417      SLICE_X76Y72     storage_1_reg_0_15_0_5/RAMC/CLK
High Pulse Width  Fast    RAMD32/CLK          n/a            1.250         6.667       5.417      SLICE_X76Y72     storage_1_reg_0_15_0_5/RAMC/CLK



---------------------------------------------------------------------------------------------------
From Clock:  soc_crg_clkout1
  To Clock:  soc_crg_clkout1

Setup :           NA  Failing Endpoints,  Worst Slack           NA  ,  Total Violation           NA
Hold  :           NA  Failing Endpoints,  Worst Slack           NA  ,  Total Violation           NA
PW    :            0  Failing Endpoints,  Worst Slack        4.511ns,  Total Violation        0.000ns
---------------------------------------------------------------------------------------------------


Pulse Width Checks
--------------------------------------------------------------------------------------
Clock Name:         soc_crg_clkout1
Waveform(ns):       { 0.000 3.333 }
Period(ns):         6.667
Sources:            { MMCME2_ADV/CLKOUT1 }

Check Type  Corner  Lib Pin             Reference Pin  Required(ns)  Actual(ns)  Slack(ns)  Location         Pin
Min Period  n/a     BUFG/I              n/a            2.155         6.667       4.511      BUFGCTRL_X0Y1    BUFG_1/I
Min Period  n/a     ISERDESE2/CLK       n/a            1.667         6.667       5.000      ILOGIC_X1Y54     ISERDESE2/CLK
Min Period  n/a     ISERDESE2/CLKB      n/a            1.667         6.667       5.000      ILOGIC_X1Y54     ISERDESE2/CLKB
Min Period  n/a     ISERDESE2/CLK       n/a            1.667         6.667       5.000      ILOGIC_X1Y59     ISERDESE2_1/CLK
Min Period  n/a     ISERDESE2/CLKB      n/a            1.667         6.667       5.000      ILOGIC_X1Y59     ISERDESE2_1/CLKB
Min Period  n/a     ISERDESE2/CLK       n/a            1.667         6.667       5.000      ILOGIC_X1Y80     ISERDESE2_10/CLK
Min Period  n/a     ISERDESE2/CLKB      n/a            1.667         6.667       5.000      ILOGIC_X1Y80     ISERDESE2_10/CLKB
Min Period  n/a     ISERDESE2/CLK       n/a            1.667         6.667       5.000      ILOGIC_X1Y84     ISERDESE2_11/CLK
Min Period  n/a     ISERDESE2/CLKB      n/a            1.667         6.667       5.000      ILOGIC_X1Y84     ISERDESE2_11/CLKB
Min Period  n/a     ISERDESE2/CLK       n/a            1.667         6.667       5.000      ILOGIC_X1Y79     ISERDESE2_12/CLK
Max Period  n/a     MMCME2_ADV/CLKOUT1  n/a            213.360       6.667       206.693    MMCME2_ADV_X0Y0  MMCME2_ADV/CLKOUT1



---------------------------------------------------------------------------------------------------
From Clock:  soc_crg_clkout2
  To Clock:  soc_crg_clkout2

Setup :           NA  Failing Endpoints,  Worst Slack           NA  ,  Total Violation           NA
Hold  :           NA  Failing Endpoints,  Worst Slack           NA  ,  Total Violation           NA
PW    :            0  Failing Endpoints,  Worst Slack        4.511ns,  Total Violation        0.000ns
---------------------------------------------------------------------------------------------------


Pulse Width Checks
--------------------------------------------------------------------------------------
Clock Name:         soc_crg_clkout2
Waveform(ns):       { 1.667 5.000 }
Period(ns):         6.667
Sources:            { MMCME2_ADV/CLKOUT2 }

Check Type  Corner  Lib Pin             Reference Pin  Required(ns)  Actual(ns)  Slack(ns)  Location         Pin
Min Period  n/a     BUFG/I              n/a            2.155         6.667       4.511      BUFGCTRL_X0Y3    BUFG_2/I
Min Period  n/a     OSERDESE2/CLK       n/a            1.667         6.667       5.000      OLOGIC_X1Y58     OSERDESE2_23/CLK
Min Period  n/a     OSERDESE2/CLK       n/a            1.667         6.667       5.000      OLOGIC_X1Y82     OSERDESE2_24/CLK
Min Period  n/a     MMCME2_ADV/CLKOUT2  n/a            1.249         6.667       5.418      MMCME2_ADV_X0Y0  MMCME2_ADV/CLKOUT2
Max Period  n/a     MMCME2_ADV/CLKOUT2  n/a            213.360       6.667       206.693    MMCME2_ADV_X0Y0  MMCME2_ADV/CLKOUT2



---------------------------------------------------------------------------------------------------
From Clock:  soc_crg_clkout3
  To Clock:  soc_crg_clkout3

Setup :            0  Failing Endpoints,  Worst Slack        1.246ns,  Total Violation        0.000ns
Hold  :            0  Failing Endpoints,  Worst Slack        0.122ns,  Total Violation        0.000ns
PW    :            0  Failing Endpoints,  Worst Slack        0.264ns,  Total Violation        0.000ns
---------------------------------------------------------------------------------------------------


Max Delay Paths
--------------------------------------------------------------------------------------
Slack (MET) :             1.246ns  (required time - arrival time)
  Source:                 FDPE_6/C
                            (rising edge-triggered cell FDPE clocked by soc_crg_clkout3  {rise@0.000ns fall@2.500ns period=5.000ns})
  Destination:            FDPE_7/D
                            (rising edge-triggered cell FDPE clocked by soc_crg_clkout3  {rise@0.000ns fall@2.500ns period=5.000ns})
  Path Group:             soc_crg_clkout3
  Path Type:              Setup (Max at Slow Process Corner)
  Requirement:            2.000ns  (MaxDelay Path 2.000ns)
  Data Path Delay:        0.646ns  (logic 0.456ns (70.599%)  route 0.190ns (29.401%))
  Logic Levels:           0  
  Clock Path Skew:        0.000ns (DCD - SCD + CPR)
    Destination Clock Delay (DCD):    10.342ns
    Source Clock Delay      (SCD):    11.164ns
    Clock Pessimism Removal (CPR):    0.823ns
  Clock Uncertainty:      0.061ns  ((TSJ^2 + DJ^2)^1/2) / 2 + PE
    Total System Jitter     (TSJ):    0.071ns
    Discrete Jitter          (DJ):    0.100ns
    Phase Error              (PE):    0.000ns
  Timing Exception:       MaxDelay Path 2.000ns

    Location             Delay type                Incr(ns)  Path(ns)    Netlist Resource(s)
  -------------------------------------------------------------------    -------------------
                         (clock soc_crg_clkout3 rise edge)
                                                      0.000     0.000 r  
    E3                                                0.000     0.000 r  clk100 (IN)
                         net (fo=0)                   0.000     0.000    clk100
    E3                   IBUF (Prop_ibuf_I_O)         1.482     1.482 r  clk100_IBUF_inst/O
                         net (fo=1, routed)           2.025     3.506    clk100_IBUF
    BUFGCTRL_X0Y16       BUFG (Prop_bufg_I_O)         0.096     3.602 r  clk100_IBUF_BUFG_inst/O
                         net (fo=1, routed)           1.955     5.557    clk100_IBUF_BUFG
    SLICE_X34Y25         LUT1 (Prop_lut1_I0_O)        0.124     5.681 r  clk100_inst/O
                         net (fo=9, routed)           1.667     7.349    soc_crg_clkin
    MMCME2_ADV_X0Y0      MMCME2_ADV (Prop_mmcme2_adv_CLKIN1_CLKOUT3)
                                                      0.088     7.437 r  MMCME2_ADV/CLKOUT3
                         net (fo=1, routed)           2.018     9.455    soc_crg_clkout3
    BUFGCTRL_X0Y2        BUFG (Prop_bufg_I_O)         0.096     9.551 r  BUFG_3/O
                         net (fo=8, routed)           1.613    11.164    idelay_clk
    SLICE_X69Y73         FDPE                                         r  FDPE_6/C
  -------------------------------------------------------------------    -------------------
    SLICE_X69Y73         FDPE (Prop_fdpe_C_Q)         0.456    11.620 r  FDPE_6/Q
                         net (fo=1, routed)           0.190    11.810    soc_builder_xilinxasyncresetsynchronizerimpl3_rst_meta
    SLICE_X69Y73         FDPE                                         r  FDPE_7/D
  -------------------------------------------------------------------    -------------------

                         max delay                    2.000     2.000    
    E3                                                0.000     2.000 r  clk100 (IN)
                         net (fo=0)                   0.000     2.000    clk100
    E3                   IBUF (Prop_ibuf_I_O)         1.411     3.411 r  clk100_IBUF_inst/O
                         net (fo=1, routed)           1.920     5.331    clk100_IBUF
    BUFGCTRL_X0Y16       BUFG (Prop_bufg_I_O)         0.091     5.422 r  clk100_IBUF_BUFG_inst/O
                         net (fo=1, routed)           1.796     7.218    clk100_IBUF_BUFG
    SLICE_X34Y25         LUT1 (Prop_lut1_I0_O)        0.100     7.318 r  clk100_inst/O
                         net (fo=9, routed)           1.432     8.750    soc_crg_clkin
    MMCME2_ADV_X0Y0      MMCME2_ADV (Prop_mmcme2_adv_CLKIN1_CLKOUT3)
                                                      0.083     8.833 r  MMCME2_ADV/CLKOUT3
                         net (fo=1, routed)           1.923    10.756    soc_crg_clkout3
    BUFGCTRL_X0Y2        BUFG (Prop_bufg_I_O)         0.091    10.847 r  BUFG_3/O
                         net (fo=8, routed)           1.494    12.342    idelay_clk
    SLICE_X69Y73         FDPE                                         r  FDPE_7/C
                         clock pessimism              0.823    13.164    
                         clock uncertainty           -0.061    13.103    
    SLICE_X69Y73         FDPE (Setup_fdpe_C_D)       -0.047    13.056    FDPE_7
  -------------------------------------------------------------------
                         required time                         13.056    
                         arrival time                         -11.810    
  -------------------------------------------------------------------
                         slack                                  1.246    

Slack (MET) :             2.687ns  (required time - arrival time)
  Source:                 soc_crg_reset_counter_reg[2]/C
                            (rising edge-triggered cell FDSE clocked by soc_crg_clkout3  {rise@0.000ns fall@2.500ns period=5.000ns})
  Destination:            soc_crg_ic_reset_reg/D
                            (rising edge-triggered cell FDRE clocked by soc_crg_clkout3  {rise@0.000ns fall@2.500ns period=5.000ns})
  Path Group:             soc_crg_clkout3
  Path Type:              Setup (Max at Slow Process Corner)
  Requirement:            5.000ns  (soc_crg_clkout3 rise@5.000ns - soc_crg_clkout3 rise@0.000ns)
  Data Path Delay:        2.259ns  (logic 0.766ns (33.914%)  route 1.493ns (66.086%))
  Logic Levels:           2  (LUT3=1 LUT4=1)
  Clock Path Skew:        -0.022ns (DCD - SCD + CPR)
    Destination Clock Delay (DCD):    10.431ns = ( 15.431 - 5.000 ) 
    Source Clock Delay      (SCD):    11.253ns
    Clock Pessimism Removal (CPR):    0.801ns
  Clock Uncertainty:      0.061ns  ((TSJ^2 + DJ^2)^1/2) / 2 + PE
    Total System Jitter     (TSJ):    0.071ns
    Discrete Jitter          (DJ):    0.100ns
    Phase Error              (PE):    0.000ns

    Location             Delay type                Incr(ns)  Path(ns)    Netlist Resource(s)
  -------------------------------------------------------------------    -------------------
                         (clock soc_crg_clkout3 rise edge)
                                                      0.000     0.000 r  
    E3                                                0.000     0.000 r  clk100 (IN)
                         net (fo=0)                   0.000     0.000    clk100
    E3                   IBUF (Prop_ibuf_I_O)         1.482     1.482 r  clk100_IBUF_inst/O
                         net (fo=1, routed)           2.025     3.506    clk100_IBUF
    BUFGCTRL_X0Y16       BUFG (Prop_bufg_I_O)         0.096     3.602 r  clk100_IBUF_BUFG_inst/O
                         net (fo=1, routed)           1.955     5.557    clk100_IBUF_BUFG
    SLICE_X34Y25         LUT1 (Prop_lut1_I0_O)        0.124     5.681 r  clk100_inst/O
                         net (fo=9, routed)           1.667     7.349    soc_crg_clkin
    MMCME2_ADV_X0Y0      MMCME2_ADV (Prop_mmcme2_adv_CLKIN1_CLKOUT3)
                                                      0.088     7.437 r  MMCME2_ADV/CLKOUT3
                         net (fo=1, routed)           2.018     9.455    soc_crg_clkout3
    BUFGCTRL_X0Y2        BUFG (Prop_bufg_I_O)         0.096     9.551 r  BUFG_3/O
                         net (fo=8, routed)           1.702    11.253    idelay_clk
    SLICE_X80Y74         FDSE                                         r  soc_crg_reset_counter_reg[2]/C
  -------------------------------------------------------------------    -------------------
    SLICE_X80Y74         FDSE (Prop_fdse_C_Q)         0.518    11.771 r  soc_crg_reset_counter_reg[2]/Q
                         net (fo=3, routed)           0.870    12.642    soc_crg_reset_counter[2]
    SLICE_X80Y74         LUT4 (Prop_lut4_I2_O)        0.124    12.766 r  soc_crg_reset_counter[3]_i_1/O
                         net (fo=5, routed)           0.622    13.388    soc_crg_reset_counter[3]_i_1_n_0
    SLICE_X81Y74         LUT3 (Prop_lut3_I0_O)        0.124    13.512 r  soc_crg_ic_reset_i_1/O
                         net (fo=1, routed)           0.000    13.512    soc_crg_ic_reset_i_1_n_0
    SLICE_X81Y74         FDRE                                         r  soc_crg_ic_reset_reg/D
  -------------------------------------------------------------------    -------------------

                         (clock soc_crg_clkout3 rise edge)
                                                      5.000     5.000 r  
    E3                                                0.000     5.000 r  clk100 (IN)
                         net (fo=0)                   0.000     5.000    clk100
    E3                   IBUF (Prop_ibuf_I_O)         1.411     6.411 r  clk100_IBUF_inst/O
                         net (fo=1, routed)           1.920     8.331    clk100_IBUF
    BUFGCTRL_X0Y16       BUFG (Prop_bufg_I_O)         0.091     8.422 r  clk100_IBUF_BUFG_inst/O
                         net (fo=1, routed)           1.796    10.218    clk100_IBUF_BUFG
    SLICE_X34Y25         LUT1 (Prop_lut1_I0_O)        0.100    10.318 r  clk100_inst/O
                         net (fo=9, routed)           1.432    11.750    soc_crg_clkin
    MMCME2_ADV_X0Y0      MMCME2_ADV (Prop_mmcme2_adv_CLKIN1_CLKOUT3)
                                                      0.083    11.833 r  MMCME2_ADV/CLKOUT3
                         net (fo=1, routed)           1.923    13.756    soc_crg_clkout3
    BUFGCTRL_X0Y2        BUFG (Prop_bufg_I_O)         0.091    13.847 r  BUFG_3/O
                         net (fo=8, routed)           1.583    15.431    idelay_clk
    SLICE_X81Y74         FDRE                                         r  soc_crg_ic_reset_reg/C
                         clock pessimism              0.801    16.231    
                         clock uncertainty           -0.061    16.170    
    SLICE_X81Y74         FDRE (Setup_fdre_C_D)        0.029    16.199    soc_crg_ic_reset_reg
  -------------------------------------------------------------------
                         required time                         16.199    
                         arrival time                         -13.512    
  -------------------------------------------------------------------
                         slack                                  2.687    

Slack (MET) :             3.064ns  (required time - arrival time)
  Source:                 FDPE_7/C
                            (rising edge-triggered cell FDPE clocked by soc_crg_clkout3  {rise@0.000ns fall@2.500ns period=5.000ns})
  Destination:            soc_crg_reset_counter_reg[0]/S
                            (rising edge-triggered cell FDSE clocked by soc_crg_clkout3  {rise@0.000ns fall@2.500ns period=5.000ns})
  Path Group:             soc_crg_clkout3
  Path Type:              Setup (Max at Slow Process Corner)
  Requirement:            5.000ns  (soc_crg_clkout3 rise@5.000ns - soc_crg_clkout3 rise@0.000ns)
  Data Path Delay:        1.226ns  (logic 0.419ns (34.186%)  route 0.807ns (65.814%))
  Logic Levels:           0  
  Clock Path Skew:        0.050ns (DCD - SCD + CPR)
    Destination Clock Delay (DCD):    10.431ns = ( 15.431 - 5.000 ) 
    Source Clock Delay      (SCD):    11.164ns
    Clock Pessimism Removal (CPR):    0.784ns
  Clock Uncertainty:      0.061ns  ((TSJ^2 + DJ^2)^1/2) / 2 + PE
    Total System Jitter     (TSJ):    0.071ns
    Discrete Jitter          (DJ):    0.100ns
    Phase Error              (PE):    0.000ns

    Location             Delay type                Incr(ns)  Path(ns)    Netlist Resource(s)
  -------------------------------------------------------------------    -------------------
                         (clock soc_crg_clkout3 rise edge)
                                                      0.000     0.000 r  
    E3                                                0.000     0.000 r  clk100 (IN)
                         net (fo=0)                   0.000     0.000    clk100
    E3                   IBUF (Prop_ibuf_I_O)         1.482     1.482 r  clk100_IBUF_inst/O
                         net (fo=1, routed)           2.025     3.506    clk100_IBUF
    BUFGCTRL_X0Y16       BUFG (Prop_bufg_I_O)         0.096     3.602 r  clk100_IBUF_BUFG_inst/O
                         net (fo=1, routed)           1.955     5.557    clk100_IBUF_BUFG
    SLICE_X34Y25         LUT1 (Prop_lut1_I0_O)        0.124     5.681 r  clk100_inst/O
                         net (fo=9, routed)           1.667     7.349    soc_crg_clkin
    MMCME2_ADV_X0Y0      MMCME2_ADV (Prop_mmcme2_adv_CLKIN1_CLKOUT3)
                                                      0.088     7.437 r  MMCME2_ADV/CLKOUT3
                         net (fo=1, routed)           2.018     9.455    soc_crg_clkout3
    BUFGCTRL_X0Y2        BUFG (Prop_bufg_I_O)         0.096     9.551 r  BUFG_3/O
                         net (fo=8, routed)           1.613    11.164    idelay_clk
    SLICE_X69Y73         FDPE                                         r  FDPE_7/C
  -------------------------------------------------------------------    -------------------
    SLICE_X69Y73         FDPE (Prop_fdpe_C_Q)         0.419    11.583 r  FDPE_7/Q
                         net (fo=5, routed)           0.807    12.390    idelay_rst
    SLICE_X80Y74         FDSE                                         r  soc_crg_reset_counter_reg[0]/S
  -------------------------------------------------------------------    -------------------

                         (clock soc_crg_clkout3 rise edge)
                                                      5.000     5.000 r  
    E3                                                0.000     5.000 r  clk100 (IN)
                         net (fo=0)                   0.000     5.000    clk100
    E3                   IBUF (Prop_ibuf_I_O)         1.411     6.411 r  clk100_IBUF_inst/O
                         net (fo=1, routed)           1.920     8.331    clk100_IBUF
    BUFGCTRL_X0Y16       BUFG (Prop_bufg_I_O)         0.091     8.422 r  clk100_IBUF_BUFG_inst/O
                         net (fo=1, routed)           1.796    10.218    clk100_IBUF_BUFG
    SLICE_X34Y25         LUT1 (Prop_lut1_I0_O)        0.100    10.318 r  clk100_inst/O
                         net (fo=9, routed)           1.432    11.750    soc_crg_clkin
    MMCME2_ADV_X0Y0      MMCME2_ADV (Prop_mmcme2_adv_CLKIN1_CLKOUT3)
                                                      0.083    11.833 r  MMCME2_ADV/CLKOUT3
                         net (fo=1, routed)           1.923    13.756    soc_crg_clkout3
    BUFGCTRL_X0Y2        BUFG (Prop_bufg_I_O)         0.091    13.847 r  BUFG_3/O
                         net (fo=8, routed)           1.583    15.431    idelay_clk
    SLICE_X80Y74         FDSE                                         r  soc_crg_reset_counter_reg[0]/C
                         clock pessimism              0.784    16.214    
                         clock uncertainty           -0.061    16.153    
    SLICE_X80Y74         FDSE (Setup_fdse_C_S)       -0.699    15.454    soc_crg_reset_counter_reg[0]
  -------------------------------------------------------------------
                         required time                         15.454    
                         arrival time                         -12.390    
  -------------------------------------------------------------------
                         slack                                  3.064    

Slack (MET) :             3.064ns  (required time - arrival time)
  Source:                 FDPE_7/C
                            (rising edge-triggered cell FDPE clocked by soc_crg_clkout3  {rise@0.000ns fall@2.500ns period=5.000ns})
  Destination:            soc_crg_reset_counter_reg[1]/S
                            (rising edge-triggered cell FDSE clocked by soc_crg_clkout3  {rise@0.000ns fall@2.500ns period=5.000ns})
  Path Group:             soc_crg_clkout3
  Path Type:              Setup (Max at Slow Process Corner)
  Requirement:            5.000ns  (soc_crg_clkout3 rise@5.000ns - soc_crg_clkout3 rise@0.000ns)
  Data Path Delay:        1.226ns  (logic 0.419ns (34.186%)  route 0.807ns (65.814%))
  Logic Levels:           0  
  Clock Path Skew:        0.050ns (DCD - SCD + CPR)
    Destination Clock Delay (DCD):    10.431ns = ( 15.431 - 5.000 ) 
    Source Clock Delay      (SCD):    11.164ns
    Clock Pessimism Removal (CPR):    0.784ns
  Clock Uncertainty:      0.061ns  ((TSJ^2 + DJ^2)^1/2) / 2 + PE
    Total System Jitter     (TSJ):    0.071ns
    Discrete Jitter          (DJ):    0.100ns
    Phase Error              (PE):    0.000ns

    Location             Delay type                Incr(ns)  Path(ns)    Netlist Resource(s)
  -------------------------------------------------------------------    -------------------
                         (clock soc_crg_clkout3 rise edge)
                                                      0.000     0.000 r  
    E3                                                0.000     0.000 r  clk100 (IN)
                         net (fo=0)                   0.000     0.000    clk100
    E3                   IBUF (Prop_ibuf_I_O)         1.482     1.482 r  clk100_IBUF_inst/O
                         net (fo=1, routed)           2.025     3.506    clk100_IBUF
    BUFGCTRL_X0Y16       BUFG (Prop_bufg_I_O)         0.096     3.602 r  clk100_IBUF_BUFG_inst/O
                         net (fo=1, routed)           1.955     5.557    clk100_IBUF_BUFG
    SLICE_X34Y25         LUT1 (Prop_lut1_I0_O)        0.124     5.681 r  clk100_inst/O
                         net (fo=9, routed)           1.667     7.349    soc_crg_clkin
    MMCME2_ADV_X0Y0      MMCME2_ADV (Prop_mmcme2_adv_CLKIN1_CLKOUT3)
                                                      0.088     7.437 r  MMCME2_ADV/CLKOUT3
                         net (fo=1, routed)           2.018     9.455    soc_crg_clkout3
    BUFGCTRL_X0Y2        BUFG (Prop_bufg_I_O)         0.096     9.551 r  BUFG_3/O
                         net (fo=8, routed)           1.613    11.164    idelay_clk
    SLICE_X69Y73         FDPE                                         r  FDPE_7/C
  -------------------------------------------------------------------    -------------------
    SLICE_X69Y73         FDPE (Prop_fdpe_C_Q)         0.419    11.583 r  FDPE_7/Q
                         net (fo=5, routed)           0.807    12.390    idelay_rst
    SLICE_X80Y74         FDSE                                         r  soc_crg_reset_counter_reg[1]/S
  -------------------------------------------------------------------    -------------------

                         (clock soc_crg_clkout3 rise edge)
                                                      5.000     5.000 r  
    E3                                                0.000     5.000 r  clk100 (IN)
                         net (fo=0)                   0.000     5.000    clk100
    E3                   IBUF (Prop_ibuf_I_O)         1.411     6.411 r  clk100_IBUF_inst/O
                         net (fo=1, routed)           1.920     8.331    clk100_IBUF
    BUFGCTRL_X0Y16       BUFG (Prop_bufg_I_O)         0.091     8.422 r  clk100_IBUF_BUFG_inst/O
                         net (fo=1, routed)           1.796    10.218    clk100_IBUF_BUFG
    SLICE_X34Y25         LUT1 (Prop_lut1_I0_O)        0.100    10.318 r  clk100_inst/O
                         net (fo=9, routed)           1.432    11.750    soc_crg_clkin
    MMCME2_ADV_X0Y0      MMCME2_ADV (Prop_mmcme2_adv_CLKIN1_CLKOUT3)
                                                      0.083    11.833 r  MMCME2_ADV/CLKOUT3
                         net (fo=1, routed)           1.923    13.756    soc_crg_clkout3
    BUFGCTRL_X0Y2        BUFG (Prop_bufg_I_O)         0.091    13.847 r  BUFG_3/O
                         net (fo=8, routed)           1.583    15.431    idelay_clk
    SLICE_X80Y74         FDSE                                         r  soc_crg_reset_counter_reg[1]/C
                         clock pessimism              0.784    16.214    
                         clock uncertainty           -0.061    16.153    
    SLICE_X80Y74         FDSE (Setup_fdse_C_S)       -0.699    15.454    soc_crg_reset_counter_reg[1]
  -------------------------------------------------------------------
                         required time                         15.454    
                         arrival time                         -12.390    
  -------------------------------------------------------------------
                         slack                                  3.064    

Slack (MET) :             3.064ns  (required time - arrival time)
  Source:                 FDPE_7/C
                            (rising edge-triggered cell FDPE clocked by soc_crg_clkout3  {rise@0.000ns fall@2.500ns period=5.000ns})
  Destination:            soc_crg_reset_counter_reg[2]/S
                            (rising edge-triggered cell FDSE clocked by soc_crg_clkout3  {rise@0.000ns fall@2.500ns period=5.000ns})
  Path Group:             soc_crg_clkout3
  Path Type:              Setup (Max at Slow Process Corner)
  Requirement:            5.000ns  (soc_crg_clkout3 rise@5.000ns - soc_crg_clkout3 rise@0.000ns)
  Data Path Delay:        1.226ns  (logic 0.419ns (34.186%)  route 0.807ns (65.814%))
  Logic Levels:           0  
  Clock Path Skew:        0.050ns (DCD - SCD + CPR)
    Destination Clock Delay (DCD):    10.431ns = ( 15.431 - 5.000 ) 
    Source Clock Delay      (SCD):    11.164ns
    Clock Pessimism Removal (CPR):    0.784ns
  Clock Uncertainty:      0.061ns  ((TSJ^2 + DJ^2)^1/2) / 2 + PE
    Total System Jitter     (TSJ):    0.071ns
    Discrete Jitter          (DJ):    0.100ns
    Phase Error              (PE):    0.000ns

    Location             Delay type                Incr(ns)  Path(ns)    Netlist Resource(s)
  -------------------------------------------------------------------    -------------------
                         (clock soc_crg_clkout3 rise edge)
                                                      0.000     0.000 r  
    E3                                                0.000     0.000 r  clk100 (IN)
                         net (fo=0)                   0.000     0.000    clk100
    E3                   IBUF (Prop_ibuf_I_O)         1.482     1.482 r  clk100_IBUF_inst/O
                         net (fo=1, routed)           2.025     3.506    clk100_IBUF
    BUFGCTRL_X0Y16       BUFG (Prop_bufg_I_O)         0.096     3.602 r  clk100_IBUF_BUFG_inst/O
                         net (fo=1, routed)           1.955     5.557    clk100_IBUF_BUFG
    SLICE_X34Y25         LUT1 (Prop_lut1_I0_O)        0.124     5.681 r  clk100_inst/O
                         net (fo=9, routed)           1.667     7.349    soc_crg_clkin
    MMCME2_ADV_X0Y0      MMCME2_ADV (Prop_mmcme2_adv_CLKIN1_CLKOUT3)
                                                      0.088     7.437 r  MMCME2_ADV/CLKOUT3
                         net (fo=1, routed)           2.018     9.455    soc_crg_clkout3
    BUFGCTRL_X0Y2        BUFG (Prop_bufg_I_O)         0.096     9.551 r  BUFG_3/O
                         net (fo=8, routed)           1.613    11.164    idelay_clk
    SLICE_X69Y73         FDPE                                         r  FDPE_7/C
  -------------------------------------------------------------------    -------------------
    SLICE_X69Y73         FDPE (Prop_fdpe_C_Q)         0.419    11.583 r  FDPE_7/Q
                         net (fo=5, routed)           0.807    12.390    idelay_rst
    SLICE_X80Y74         FDSE                                         r  soc_crg_reset_counter_reg[2]/S
  -------------------------------------------------------------------    -------------------

                         (clock soc_crg_clkout3 rise edge)
                                                      5.000     5.000 r  
    E3                                                0.000     5.000 r  clk100 (IN)
                         net (fo=0)                   0.000     5.000    clk100
    E3                   IBUF (Prop_ibuf_I_O)         1.411     6.411 r  clk100_IBUF_inst/O
                         net (fo=1, routed)           1.920     8.331    clk100_IBUF
    BUFGCTRL_X0Y16       BUFG (Prop_bufg_I_O)         0.091     8.422 r  clk100_IBUF_BUFG_inst/O
                         net (fo=1, routed)           1.796    10.218    clk100_IBUF_BUFG
    SLICE_X34Y25         LUT1 (Prop_lut1_I0_O)        0.100    10.318 r  clk100_inst/O
                         net (fo=9, routed)           1.432    11.750    soc_crg_clkin
    MMCME2_ADV_X0Y0      MMCME2_ADV (Prop_mmcme2_adv_CLKIN1_CLKOUT3)
                                                      0.083    11.833 r  MMCME2_ADV/CLKOUT3
                         net (fo=1, routed)           1.923    13.756    soc_crg_clkout3
    BUFGCTRL_X0Y2        BUFG (Prop_bufg_I_O)         0.091    13.847 r  BUFG_3/O
                         net (fo=8, routed)           1.583    15.431    idelay_clk
    SLICE_X80Y74         FDSE                                         r  soc_crg_reset_counter_reg[2]/C
                         clock pessimism              0.784    16.214    
                         clock uncertainty           -0.061    16.153    
    SLICE_X80Y74         FDSE (Setup_fdse_C_S)       -0.699    15.454    soc_crg_reset_counter_reg[2]
  -------------------------------------------------------------------
                         required time                         15.454    
                         arrival time                         -12.390    
  -------------------------------------------------------------------
                         slack                                  3.064    

Slack (MET) :             3.064ns  (required time - arrival time)
  Source:                 FDPE_7/C
                            (rising edge-triggered cell FDPE clocked by soc_crg_clkout3  {rise@0.000ns fall@2.500ns period=5.000ns})
  Destination:            soc_crg_reset_counter_reg[3]/S
                            (rising edge-triggered cell FDSE clocked by soc_crg_clkout3  {rise@0.000ns fall@2.500ns period=5.000ns})
  Path Group:             soc_crg_clkout3
  Path Type:              Setup (Max at Slow Process Corner)
  Requirement:            5.000ns  (soc_crg_clkout3 rise@5.000ns - soc_crg_clkout3 rise@0.000ns)
  Data Path Delay:        1.226ns  (logic 0.419ns (34.186%)  route 0.807ns (65.814%))
  Logic Levels:           0  
  Clock Path Skew:        0.050ns (DCD - SCD + CPR)
    Destination Clock Delay (DCD):    10.431ns = ( 15.431 - 5.000 ) 
    Source Clock Delay      (SCD):    11.164ns
    Clock Pessimism Removal (CPR):    0.784ns
  Clock Uncertainty:      0.061ns  ((TSJ^2 + DJ^2)^1/2) / 2 + PE
    Total System Jitter     (TSJ):    0.071ns
    Discrete Jitter          (DJ):    0.100ns
    Phase Error              (PE):    0.000ns

    Location             Delay type                Incr(ns)  Path(ns)    Netlist Resource(s)
  -------------------------------------------------------------------    -------------------
                         (clock soc_crg_clkout3 rise edge)
                                                      0.000     0.000 r  
    E3                                                0.000     0.000 r  clk100 (IN)
                         net (fo=0)                   0.000     0.000    clk100
    E3                   IBUF (Prop_ibuf_I_O)         1.482     1.482 r  clk100_IBUF_inst/O
                         net (fo=1, routed)           2.025     3.506    clk100_IBUF
    BUFGCTRL_X0Y16       BUFG (Prop_bufg_I_O)         0.096     3.602 r  clk100_IBUF_BUFG_inst/O
                         net (fo=1, routed)           1.955     5.557    clk100_IBUF_BUFG
    SLICE_X34Y25         LUT1 (Prop_lut1_I0_O)        0.124     5.681 r  clk100_inst/O
                         net (fo=9, routed)           1.667     7.349    soc_crg_clkin
    MMCME2_ADV_X0Y0      MMCME2_ADV (Prop_mmcme2_adv_CLKIN1_CLKOUT3)
                                                      0.088     7.437 r  MMCME2_ADV/CLKOUT3
                         net (fo=1, routed)           2.018     9.455    soc_crg_clkout3
    BUFGCTRL_X0Y2        BUFG (Prop_bufg_I_O)         0.096     9.551 r  BUFG_3/O
                         net (fo=8, routed)           1.613    11.164    idelay_clk
    SLICE_X69Y73         FDPE                                         r  FDPE_7/C
  -------------------------------------------------------------------    -------------------
    SLICE_X69Y73         FDPE (Prop_fdpe_C_Q)         0.419    11.583 r  FDPE_7/Q
                         net (fo=5, routed)           0.807    12.390    idelay_rst
    SLICE_X80Y74         FDSE                                         r  soc_crg_reset_counter_reg[3]/S
  -------------------------------------------------------------------    -------------------

                         (clock soc_crg_clkout3 rise edge)
                                                      5.000     5.000 r  
    E3                                                0.000     5.000 r  clk100 (IN)
                         net (fo=0)                   0.000     5.000    clk100
    E3                   IBUF (Prop_ibuf_I_O)         1.411     6.411 r  clk100_IBUF_inst/O
                         net (fo=1, routed)           1.920     8.331    clk100_IBUF
    BUFGCTRL_X0Y16       BUFG (Prop_bufg_I_O)         0.091     8.422 r  clk100_IBUF_BUFG_inst/O
                         net (fo=1, routed)           1.796    10.218    clk100_IBUF_BUFG
    SLICE_X34Y25         LUT1 (Prop_lut1_I0_O)        0.100    10.318 r  clk100_inst/O
                         net (fo=9, routed)           1.432    11.750    soc_crg_clkin
    MMCME2_ADV_X0Y0      MMCME2_ADV (Prop_mmcme2_adv_CLKIN1_CLKOUT3)
                                                      0.083    11.833 r  MMCME2_ADV/CLKOUT3
                         net (fo=1, routed)           1.923    13.756    soc_crg_clkout3
    BUFGCTRL_X0Y2        BUFG (Prop_bufg_I_O)         0.091    13.847 r  BUFG_3/O
                         net (fo=8, routed)           1.583    15.431    idelay_clk
    SLICE_X80Y74         FDSE                                         r  soc_crg_reset_counter_reg[3]/C
                         clock pessimism              0.784    16.214    
                         clock uncertainty           -0.061    16.153    
    SLICE_X80Y74         FDSE (Setup_fdse_C_S)       -0.699    15.454    soc_crg_reset_counter_reg[3]
  -------------------------------------------------------------------
                         required time                         15.454    
                         arrival time                         -12.390    
  -------------------------------------------------------------------
                         slack                                  3.064    

Slack (MET) :             3.067ns  (required time - arrival time)
  Source:                 soc_crg_reset_counter_reg[2]/C
                            (rising edge-triggered cell FDSE clocked by soc_crg_clkout3  {rise@0.000ns fall@2.500ns period=5.000ns})
  Destination:            soc_crg_reset_counter_reg[0]/CE
                            (rising edge-triggered cell FDSE clocked by soc_crg_clkout3  {rise@0.000ns fall@2.500ns period=5.000ns})
  Path Group:             soc_crg_clkout3
  Path Type:              Setup (Max at Slow Process Corner)
  Requirement:            5.000ns  (soc_crg_clkout3 rise@5.000ns - soc_crg_clkout3 rise@0.000ns)
  Data Path Delay:        1.702ns  (logic 0.642ns (37.716%)  route 1.060ns (62.284%))
  Logic Levels:           1  (LUT4=1)
  Clock Path Skew:        0.000ns (DCD - SCD + CPR)
    Destination Clock Delay (DCD):    10.431ns = ( 15.431 - 5.000 ) 
    Source Clock Delay      (SCD):    11.253ns
    Clock Pessimism Removal (CPR):    0.823ns
  Clock Uncertainty:      0.061ns  ((TSJ^2 + DJ^2)^1/2) / 2 + PE
    Total System Jitter     (TSJ):    0.071ns
    Discrete Jitter          (DJ):    0.100ns
    Phase Error              (PE):    0.000ns

    Location             Delay type                Incr(ns)  Path(ns)    Netlist Resource(s)
  -------------------------------------------------------------------    -------------------
                         (clock soc_crg_clkout3 rise edge)
                                                      0.000     0.000 r  
    E3                                                0.000     0.000 r  clk100 (IN)
                         net (fo=0)                   0.000     0.000    clk100
    E3                   IBUF (Prop_ibuf_I_O)         1.482     1.482 r  clk100_IBUF_inst/O
                         net (fo=1, routed)           2.025     3.506    clk100_IBUF
    BUFGCTRL_X0Y16       BUFG (Prop_bufg_I_O)         0.096     3.602 r  clk100_IBUF_BUFG_inst/O
                         net (fo=1, routed)           1.955     5.557    clk100_IBUF_BUFG
    SLICE_X34Y25         LUT1 (Prop_lut1_I0_O)        0.124     5.681 r  clk100_inst/O
                         net (fo=9, routed)           1.667     7.349    soc_crg_clkin
    MMCME2_ADV_X0Y0      MMCME2_ADV (Prop_mmcme2_adv_CLKIN1_CLKOUT3)
                                                      0.088     7.437 r  MMCME2_ADV/CLKOUT3
                         net (fo=1, routed)           2.018     9.455    soc_crg_clkout3
    BUFGCTRL_X0Y2        BUFG (Prop_bufg_I_O)         0.096     9.551 r  BUFG_3/O
                         net (fo=8, routed)           1.702    11.253    idelay_clk
    SLICE_X80Y74         FDSE                                         r  soc_crg_reset_counter_reg[2]/C
  -------------------------------------------------------------------    -------------------
    SLICE_X80Y74         FDSE (Prop_fdse_C_Q)         0.518    11.771 r  soc_crg_reset_counter_reg[2]/Q
                         net (fo=3, routed)           0.870    12.642    soc_crg_reset_counter[2]
    SLICE_X80Y74         LUT4 (Prop_lut4_I2_O)        0.124    12.766 r  soc_crg_reset_counter[3]_i_1/O
                         net (fo=5, routed)           0.190    12.956    soc_crg_reset_counter[3]_i_1_n_0
    SLICE_X80Y74         FDSE                                         r  soc_crg_reset_counter_reg[0]/CE
  -------------------------------------------------------------------    -------------------

                         (clock soc_crg_clkout3 rise edge)
                                                      5.000     5.000 r  
    E3                                                0.000     5.000 r  clk100 (IN)
                         net (fo=0)                   0.000     5.000    clk100
    E3                   IBUF (Prop_ibuf_I_O)         1.411     6.411 r  clk100_IBUF_inst/O
                         net (fo=1, routed)           1.920     8.331    clk100_IBUF
    BUFGCTRL_X0Y16       BUFG (Prop_bufg_I_O)         0.091     8.422 r  clk100_IBUF_BUFG_inst/O
                         net (fo=1, routed)           1.796    10.218    clk100_IBUF_BUFG
    SLICE_X34Y25         LUT1 (Prop_lut1_I0_O)        0.100    10.318 r  clk100_inst/O
                         net (fo=9, routed)           1.432    11.750    soc_crg_clkin
    MMCME2_ADV_X0Y0      MMCME2_ADV (Prop_mmcme2_adv_CLKIN1_CLKOUT3)
                                                      0.083    11.833 r  MMCME2_ADV/CLKOUT3
                         net (fo=1, routed)           1.923    13.756    soc_crg_clkout3
    BUFGCTRL_X0Y2        BUFG (Prop_bufg_I_O)         0.091    13.847 r  BUFG_3/O
                         net (fo=8, routed)           1.583    15.431    idelay_clk
    SLICE_X80Y74         FDSE                                         r  soc_crg_reset_counter_reg[0]/C
                         clock pessimism              0.823    16.253    
                         clock uncertainty           -0.061    16.192    
    SLICE_X80Y74         FDSE (Setup_fdse_C_CE)      -0.169    16.023    soc_crg_reset_counter_reg[0]
  -------------------------------------------------------------------
                         required time                         16.023    
                         arrival time                         -12.956    
  -------------------------------------------------------------------
                         slack                                  3.067    

Slack (MET) :             3.067ns  (required time - arrival time)
  Source:                 soc_crg_reset_counter_reg[2]/C
                            (rising edge-triggered cell FDSE clocked by soc_crg_clkout3  {rise@0.000ns fall@2.500ns period=5.000ns})
  Destination:            soc_crg_reset_counter_reg[1]/CE
                            (rising edge-triggered cell FDSE clocked by soc_crg_clkout3  {rise@0.000ns fall@2.500ns period=5.000ns})
  Path Group:             soc_crg_clkout3
  Path Type:              Setup (Max at Slow Process Corner)
  Requirement:            5.000ns  (soc_crg_clkout3 rise@5.000ns - soc_crg_clkout3 rise@0.000ns)
  Data Path Delay:        1.702ns  (logic 0.642ns (37.716%)  route 1.060ns (62.284%))
  Logic Levels:           1  (LUT4=1)
  Clock Path Skew:        0.000ns (DCD - SCD + CPR)
    Destination Clock Delay (DCD):    10.431ns = ( 15.431 - 5.000 ) 
    Source Clock Delay      (SCD):    11.253ns
    Clock Pessimism Removal (CPR):    0.823ns
  Clock Uncertainty:      0.061ns  ((TSJ^2 + DJ^2)^1/2) / 2 + PE
    Total System Jitter     (TSJ):    0.071ns
    Discrete Jitter          (DJ):    0.100ns
    Phase Error              (PE):    0.000ns

    Location             Delay type                Incr(ns)  Path(ns)    Netlist Resource(s)
  -------------------------------------------------------------------    -------------------
                         (clock soc_crg_clkout3 rise edge)
                                                      0.000     0.000 r  
    E3                                                0.000     0.000 r  clk100 (IN)
                         net (fo=0)                   0.000     0.000    clk100
    E3                   IBUF (Prop_ibuf_I_O)         1.482     1.482 r  clk100_IBUF_inst/O
                         net (fo=1, routed)           2.025     3.506    clk100_IBUF
    BUFGCTRL_X0Y16       BUFG (Prop_bufg_I_O)         0.096     3.602 r  clk100_IBUF_BUFG_inst/O
                         net (fo=1, routed)           1.955     5.557    clk100_IBUF_BUFG
    SLICE_X34Y25         LUT1 (Prop_lut1_I0_O)        0.124     5.681 r  clk100_inst/O
                         net (fo=9, routed)           1.667     7.349    soc_crg_clkin
    MMCME2_ADV_X0Y0      MMCME2_ADV (Prop_mmcme2_adv_CLKIN1_CLKOUT3)
                                                      0.088     7.437 r  MMCME2_ADV/CLKOUT3
                         net (fo=1, routed)           2.018     9.455    soc_crg_clkout3
    BUFGCTRL_X0Y2        BUFG (Prop_bufg_I_O)         0.096     9.551 r  BUFG_3/O
                         net (fo=8, routed)           1.702    11.253    idelay_clk
    SLICE_X80Y74         FDSE                                         r  soc_crg_reset_counter_reg[2]/C
  -------------------------------------------------------------------    -------------------
    SLICE_X80Y74         FDSE (Prop_fdse_C_Q)         0.518    11.771 r  soc_crg_reset_counter_reg[2]/Q
                         net (fo=3, routed)           0.870    12.642    soc_crg_reset_counter[2]
    SLICE_X80Y74         LUT4 (Prop_lut4_I2_O)        0.124    12.766 r  soc_crg_reset_counter[3]_i_1/O
                         net (fo=5, routed)           0.190    12.956    soc_crg_reset_counter[3]_i_1_n_0
    SLICE_X80Y74         FDSE                                         r  soc_crg_reset_counter_reg[1]/CE
  -------------------------------------------------------------------    -------------------

                         (clock soc_crg_clkout3 rise edge)
                                                      5.000     5.000 r  
    E3                                                0.000     5.000 r  clk100 (IN)
                         net (fo=0)                   0.000     5.000    clk100
    E3                   IBUF (Prop_ibuf_I_O)         1.411     6.411 r  clk100_IBUF_inst/O
                         net (fo=1, routed)           1.920     8.331    clk100_IBUF
    BUFGCTRL_X0Y16       BUFG (Prop_bufg_I_O)         0.091     8.422 r  clk100_IBUF_BUFG_inst/O
                         net (fo=1, routed)           1.796    10.218    clk100_IBUF_BUFG
    SLICE_X34Y25         LUT1 (Prop_lut1_I0_O)        0.100    10.318 r  clk100_inst/O
                         net (fo=9, routed)           1.432    11.750    soc_crg_clkin
    MMCME2_ADV_X0Y0      MMCME2_ADV (Prop_mmcme2_adv_CLKIN1_CLKOUT3)
                                                      0.083    11.833 r  MMCME2_ADV/CLKOUT3
                         net (fo=1, routed)           1.923    13.756    soc_crg_clkout3
    BUFGCTRL_X0Y2        BUFG (Prop_bufg_I_O)         0.091    13.847 r  BUFG_3/O
                         net (fo=8, routed)           1.583    15.431    idelay_clk
    SLICE_X80Y74         FDSE                                         r  soc_crg_reset_counter_reg[1]/C
                         clock pessimism              0.823    16.253    
                         clock uncertainty           -0.061    16.192    
    SLICE_X80Y74         FDSE (Setup_fdse_C_CE)      -0.169    16.023    soc_crg_reset_counter_reg[1]
  -------------------------------------------------------------------
                         required time                         16.023    
                         arrival time                         -12.956    
  -------------------------------------------------------------------
                         slack                                  3.067    

Slack (MET) :             3.067ns  (required time - arrival time)
  Source:                 soc_crg_reset_counter_reg[2]/C
                            (rising edge-triggered cell FDSE clocked by soc_crg_clkout3  {rise@0.000ns fall@2.500ns period=5.000ns})
  Destination:            soc_crg_reset_counter_reg[2]/CE
                            (rising edge-triggered cell FDSE clocked by soc_crg_clkout3  {rise@0.000ns fall@2.500ns period=5.000ns})
  Path Group:             soc_crg_clkout3
  Path Type:              Setup (Max at Slow Process Corner)
  Requirement:            5.000ns  (soc_crg_clkout3 rise@5.000ns - soc_crg_clkout3 rise@0.000ns)
  Data Path Delay:        1.702ns  (logic 0.642ns (37.716%)  route 1.060ns (62.284%))
  Logic Levels:           1  (LUT4=1)
  Clock Path Skew:        0.000ns (DCD - SCD + CPR)
    Destination Clock Delay (DCD):    10.431ns = ( 15.431 - 5.000 ) 
    Source Clock Delay      (SCD):    11.253ns
    Clock Pessimism Removal (CPR):    0.823ns
  Clock Uncertainty:      0.061ns  ((TSJ^2 + DJ^2)^1/2) / 2 + PE
    Total System Jitter     (TSJ):    0.071ns
    Discrete Jitter          (DJ):    0.100ns
    Phase Error              (PE):    0.000ns

    Location             Delay type                Incr(ns)  Path(ns)    Netlist Resource(s)
  -------------------------------------------------------------------    -------------------
                         (clock soc_crg_clkout3 rise edge)
                                                      0.000     0.000 r  
    E3                                                0.000     0.000 r  clk100 (IN)
                         net (fo=0)                   0.000     0.000    clk100
    E3                   IBUF (Prop_ibuf_I_O)         1.482     1.482 r  clk100_IBUF_inst/O
                         net (fo=1, routed)           2.025     3.506    clk100_IBUF
    BUFGCTRL_X0Y16       BUFG (Prop_bufg_I_O)         0.096     3.602 r  clk100_IBUF_BUFG_inst/O
                         net (fo=1, routed)           1.955     5.557    clk100_IBUF_BUFG
    SLICE_X34Y25         LUT1 (Prop_lut1_I0_O)        0.124     5.681 r  clk100_inst/O
                         net (fo=9, routed)           1.667     7.349    soc_crg_clkin
    MMCME2_ADV_X0Y0      MMCME2_ADV (Prop_mmcme2_adv_CLKIN1_CLKOUT3)
                                                      0.088     7.437 r  MMCME2_ADV/CLKOUT3
                         net (fo=1, routed)           2.018     9.455    soc_crg_clkout3
    BUFGCTRL_X0Y2        BUFG (Prop_bufg_I_O)         0.096     9.551 r  BUFG_3/O
                         net (fo=8, routed)           1.702    11.253    idelay_clk
    SLICE_X80Y74         FDSE                                         r  soc_crg_reset_counter_reg[2]/C
  -------------------------------------------------------------------    -------------------
    SLICE_X80Y74         FDSE (Prop_fdse_C_Q)         0.518    11.771 r  soc_crg_reset_counter_reg[2]/Q
                         net (fo=3, routed)           0.870    12.642    soc_crg_reset_counter[2]
    SLICE_X80Y74         LUT4 (Prop_lut4_I2_O)        0.124    12.766 r  soc_crg_reset_counter[3]_i_1/O
                         net (fo=5, routed)           0.190    12.956    soc_crg_reset_counter[3]_i_1_n_0
    SLICE_X80Y74         FDSE                                         r  soc_crg_reset_counter_reg[2]/CE
  -------------------------------------------------------------------    -------------------

                         (clock soc_crg_clkout3 rise edge)
                                                      5.000     5.000 r  
    E3                                                0.000     5.000 r  clk100 (IN)
                         net (fo=0)                   0.000     5.000    clk100
    E3                   IBUF (Prop_ibuf_I_O)         1.411     6.411 r  clk100_IBUF_inst/O
                         net (fo=1, routed)           1.920     8.331    clk100_IBUF
    BUFGCTRL_X0Y16       BUFG (Prop_bufg_I_O)         0.091     8.422 r  clk100_IBUF_BUFG_inst/O
                         net (fo=1, routed)           1.796    10.218    clk100_IBUF_BUFG
    SLICE_X34Y25         LUT1 (Prop_lut1_I0_O)        0.100    10.318 r  clk100_inst/O
                         net (fo=9, routed)           1.432    11.750    soc_crg_clkin
    MMCME2_ADV_X0Y0      MMCME2_ADV (Prop_mmcme2_adv_CLKIN1_CLKOUT3)
                                                      0.083    11.833 r  MMCME2_ADV/CLKOUT3
                         net (fo=1, routed)           1.923    13.756    soc_crg_clkout3
    BUFGCTRL_X0Y2        BUFG (Prop_bufg_I_O)         0.091    13.847 r  BUFG_3/O
                         net (fo=8, routed)           1.583    15.431    idelay_clk
    SLICE_X80Y74         FDSE                                         r  soc_crg_reset_counter_reg[2]/C
                         clock pessimism              0.823    16.253    
                         clock uncertainty           -0.061    16.192    
    SLICE_X80Y74         FDSE (Setup_fdse_C_CE)      -0.169    16.023    soc_crg_reset_counter_reg[2]
  -------------------------------------------------------------------
                         required time                         16.023    
                         arrival time                         -12.956    
  -------------------------------------------------------------------
                         slack                                  3.067    

Slack (MET) :             3.067ns  (required time - arrival time)
  Source:                 soc_crg_reset_counter_reg[2]/C
                            (rising edge-triggered cell FDSE clocked by soc_crg_clkout3  {rise@0.000ns fall@2.500ns period=5.000ns})
  Destination:            soc_crg_reset_counter_reg[3]/CE
                            (rising edge-triggered cell FDSE clocked by soc_crg_clkout3  {rise@0.000ns fall@2.500ns period=5.000ns})
  Path Group:             soc_crg_clkout3
  Path Type:              Setup (Max at Slow Process Corner)
  Requirement:            5.000ns  (soc_crg_clkout3 rise@5.000ns - soc_crg_clkout3 rise@0.000ns)
  Data Path Delay:        1.702ns  (logic 0.642ns (37.716%)  route 1.060ns (62.284%))
  Logic Levels:           1  (LUT4=1)
  Clock Path Skew:        0.000ns (DCD - SCD + CPR)
    Destination Clock Delay (DCD):    10.431ns = ( 15.431 - 5.000 ) 
    Source Clock Delay      (SCD):    11.253ns
    Clock Pessimism Removal (CPR):    0.823ns
  Clock Uncertainty:      0.061ns  ((TSJ^2 + DJ^2)^1/2) / 2 + PE
    Total System Jitter     (TSJ):    0.071ns
    Discrete Jitter          (DJ):    0.100ns
    Phase Error              (PE):    0.000ns

    Location             Delay type                Incr(ns)  Path(ns)    Netlist Resource(s)
  -------------------------------------------------------------------    -------------------
                         (clock soc_crg_clkout3 rise edge)
                                                      0.000     0.000 r  
    E3                                                0.000     0.000 r  clk100 (IN)
                         net (fo=0)                   0.000     0.000    clk100
    E3                   IBUF (Prop_ibuf_I_O)         1.482     1.482 r  clk100_IBUF_inst/O
                         net (fo=1, routed)           2.025     3.506    clk100_IBUF
    BUFGCTRL_X0Y16       BUFG (Prop_bufg_I_O)         0.096     3.602 r  clk100_IBUF_BUFG_inst/O
                         net (fo=1, routed)           1.955     5.557    clk100_IBUF_BUFG
    SLICE_X34Y25         LUT1 (Prop_lut1_I0_O)        0.124     5.681 r  clk100_inst/O
                         net (fo=9, routed)           1.667     7.349    soc_crg_clkin
    MMCME2_ADV_X0Y0      MMCME2_ADV (Prop_mmcme2_adv_CLKIN1_CLKOUT3)
                                                      0.088     7.437 r  MMCME2_ADV/CLKOUT3
                         net (fo=1, routed)           2.018     9.455    soc_crg_clkout3
    BUFGCTRL_X0Y2        BUFG (Prop_bufg_I_O)         0.096     9.551 r  BUFG_3/O
                         net (fo=8, routed)           1.702    11.253    idelay_clk
    SLICE_X80Y74         FDSE                                         r  soc_crg_reset_counter_reg[2]/C
  -------------------------------------------------------------------    -------------------
    SLICE_X80Y74         FDSE (Prop_fdse_C_Q)         0.518    11.771 r  soc_crg_reset_counter_reg[2]/Q
                         net (fo=3, routed)           0.870    12.642    soc_crg_reset_counter[2]
    SLICE_X80Y74         LUT4 (Prop_lut4_I2_O)        0.124    12.766 r  soc_crg_reset_counter[3]_i_1/O
                         net (fo=5, routed)           0.190    12.956    soc_crg_reset_counter[3]_i_1_n_0
    SLICE_X80Y74         FDSE                                         r  soc_crg_reset_counter_reg[3]/CE
  -------------------------------------------------------------------    -------------------

                         (clock soc_crg_clkout3 rise edge)
                                                      5.000     5.000 r  
    E3                                                0.000     5.000 r  clk100 (IN)
                         net (fo=0)                   0.000     5.000    clk100
    E3                   IBUF (Prop_ibuf_I_O)         1.411     6.411 r  clk100_IBUF_inst/O
                         net (fo=1, routed)           1.920     8.331    clk100_IBUF
    BUFGCTRL_X0Y16       BUFG (Prop_bufg_I_O)         0.091     8.422 r  clk100_IBUF_BUFG_inst/O
                         net (fo=1, routed)           1.796    10.218    clk100_IBUF_BUFG
    SLICE_X34Y25         LUT1 (Prop_lut1_I0_O)        0.100    10.318 r  clk100_inst/O
                         net (fo=9, routed)           1.432    11.750    soc_crg_clkin
    MMCME2_ADV_X0Y0      MMCME2_ADV (Prop_mmcme2_adv_CLKIN1_CLKOUT3)
                                                      0.083    11.833 r  MMCME2_ADV/CLKOUT3
                         net (fo=1, routed)           1.923    13.756    soc_crg_clkout3
    BUFGCTRL_X0Y2        BUFG (Prop_bufg_I_O)         0.091    13.847 r  BUFG_3/O
                         net (fo=8, routed)           1.583    15.431    idelay_clk
    SLICE_X80Y74         FDSE                                         r  soc_crg_reset_counter_reg[3]/C
                         clock pessimism              0.823    16.253    
                         clock uncertainty           -0.061    16.192    
    SLICE_X80Y74         FDSE (Setup_fdse_C_CE)      -0.169    16.023    soc_crg_reset_counter_reg[3]
  -------------------------------------------------------------------
                         required time                         16.023    
                         arrival time                         -12.956    
  -------------------------------------------------------------------
                         slack                                  3.067    





Min Delay Paths
--------------------------------------------------------------------------------------
Slack (MET) :             0.122ns  (arrival time - required time)
  Source:                 FDPE_6/C
                            (rising edge-triggered cell FDPE clocked by soc_crg_clkout3  {rise@0.000ns fall@2.500ns period=5.000ns})
  Destination:            FDPE_7/D
                            (rising edge-triggered cell FDPE clocked by soc_crg_clkout3  {rise@0.000ns fall@2.500ns period=5.000ns})
  Path Group:             soc_crg_clkout3
  Path Type:              Hold (Min at Fast Process Corner)
  Requirement:            0.000ns  (soc_crg_clkout3 rise@0.000ns - soc_crg_clkout3 rise@0.000ns)
  Data Path Delay:        0.197ns  (logic 0.141ns (71.611%)  route 0.056ns (28.389%))
  Logic Levels:           0  
  Clock Path Skew:        0.000ns (DCD - SCD - CPR)
    Destination Clock Delay (DCD):    4.640ns
    Source Clock Delay      (SCD):    3.670ns
    Clock Pessimism Removal (CPR):    0.969ns

    Location             Delay type                Incr(ns)  Path(ns)    Netlist Resource(s)
  -------------------------------------------------------------------    -------------------
                         (clock soc_crg_clkout3 rise edge)
                                                      0.000     0.000 r  
    E3                                                0.000     0.000 r  clk100 (IN)
                         net (fo=0)                   0.000     0.000    clk100
    E3                   IBUF (Prop_ibuf_I_O)         0.250     0.250 r  clk100_IBUF_inst/O
                         net (fo=1, routed)           0.644     0.894    clk100_IBUF
    BUFGCTRL_X0Y16       BUFG (Prop_bufg_I_O)         0.026     0.920 r  clk100_IBUF_BUFG_inst/O
                         net (fo=1, routed)           0.683     1.603    clk100_IBUF_BUFG
    SLICE_X34Y25         LUT1 (Prop_lut1_I0_O)        0.045     1.648 r  clk100_inst/O
                         net (fo=9, routed)           0.745     2.393    soc_crg_clkin
    MMCME2_ADV_X0Y0      MMCME2_ADV (Prop_mmcme2_adv_CLKIN1_CLKOUT3)
                                                      0.050     2.443 r  MMCME2_ADV/CLKOUT3
                         net (fo=1, routed)           0.648     3.091    soc_crg_clkout3
    BUFGCTRL_X0Y2        BUFG (Prop_bufg_I_O)         0.026     3.117 r  BUFG_3/O
                         net (fo=8, routed)           0.554     3.670    idelay_clk
    SLICE_X69Y73         FDPE                                         r  FDPE_6/C
  -------------------------------------------------------------------    -------------------
    SLICE_X69Y73         FDPE (Prop_fdpe_C_Q)         0.141     3.811 r  FDPE_6/Q
                         net (fo=1, routed)           0.056     3.867    soc_builder_xilinxasyncresetsynchronizerimpl3_rst_meta
    SLICE_X69Y73         FDPE                                         r  FDPE_7/D
  -------------------------------------------------------------------    -------------------

                         (clock soc_crg_clkout3 rise edge)
                                                      0.000     0.000 r  
    E3                                                0.000     0.000 r  clk100 (IN)
                         net (fo=0)                   0.000     0.000    clk100
    E3                   IBUF (Prop_ibuf_I_O)         0.438     0.438 r  clk100_IBUF_inst/O
                         net (fo=1, routed)           0.699     1.136    clk100_IBUF
    BUFGCTRL_X0Y16       BUFG (Prop_bufg_I_O)         0.029     1.165 r  clk100_IBUF_BUFG_inst/O
                         net (fo=1, routed)           0.963     2.129    clk100_IBUF_BUFG
    SLICE_X34Y25         LUT1 (Prop_lut1_I0_O)        0.056     2.185 r  clk100_inst/O
                         net (fo=9, routed)           0.850     3.035    soc_crg_clkin
    MMCME2_ADV_X0Y0      MMCME2_ADV (Prop_mmcme2_adv_CLKIN1_CLKOUT3)
                                                      0.053     3.088 r  MMCME2_ADV/CLKOUT3
                         net (fo=1, routed)           0.700     3.788    soc_crg_clkout3
    BUFGCTRL_X0Y2        BUFG (Prop_bufg_I_O)         0.029     3.817 r  BUFG_3/O
                         net (fo=8, routed)           0.823     4.640    idelay_clk
    SLICE_X69Y73         FDPE                                         r  FDPE_7/C
                         clock pessimism             -0.969     3.670    
    SLICE_X69Y73         FDPE (Hold_fdpe_C_D)         0.075     3.745    FDPE_7
  -------------------------------------------------------------------
                         required time                         -3.745    
                         arrival time                           3.867    
  -------------------------------------------------------------------
                         slack                                  0.122    

Slack (MET) :             0.263ns  (arrival time - required time)
  Source:                 soc_crg_ic_reset_reg/C
                            (rising edge-triggered cell FDRE clocked by soc_crg_clkout3  {rise@0.000ns fall@2.500ns period=5.000ns})
  Destination:            soc_crg_ic_reset_reg/D
                            (rising edge-triggered cell FDRE clocked by soc_crg_clkout3  {rise@0.000ns fall@2.500ns period=5.000ns})
  Path Group:             soc_crg_clkout3
  Path Type:              Hold (Min at Fast Process Corner)
  Requirement:            0.000ns  (soc_crg_clkout3 rise@0.000ns - soc_crg_clkout3 rise@0.000ns)
  Data Path Delay:        0.354ns  (logic 0.186ns (52.498%)  route 0.168ns (47.502%))
  Logic Levels:           1  (LUT3=1)
  Clock Path Skew:        0.000ns (DCD - SCD - CPR)
    Destination Clock Delay (DCD):    4.673ns
    Source Clock Delay      (SCD):    3.703ns
    Clock Pessimism Removal (CPR):    0.969ns

    Location             Delay type                Incr(ns)  Path(ns)    Netlist Resource(s)
  -------------------------------------------------------------------    -------------------
                         (clock soc_crg_clkout3 rise edge)
                                                      0.000     0.000 r  
    E3                                                0.000     0.000 r  clk100 (IN)
                         net (fo=0)                   0.000     0.000    clk100
    E3                   IBUF (Prop_ibuf_I_O)         0.250     0.250 r  clk100_IBUF_inst/O
                         net (fo=1, routed)           0.644     0.894    clk100_IBUF
    BUFGCTRL_X0Y16       BUFG (Prop_bufg_I_O)         0.026     0.920 r  clk100_IBUF_BUFG_inst/O
                         net (fo=1, routed)           0.683     1.603    clk100_IBUF_BUFG
    SLICE_X34Y25         LUT1 (Prop_lut1_I0_O)        0.045     1.648 r  clk100_inst/O
                         net (fo=9, routed)           0.745     2.393    soc_crg_clkin
    MMCME2_ADV_X0Y0      MMCME2_ADV (Prop_mmcme2_adv_CLKIN1_CLKOUT3)
                                                      0.050     2.443 r  MMCME2_ADV/CLKOUT3
                         net (fo=1, routed)           0.648     3.091    soc_crg_clkout3
    BUFGCTRL_X0Y2        BUFG (Prop_bufg_I_O)         0.026     3.117 r  BUFG_3/O
                         net (fo=8, routed)           0.587     3.703    idelay_clk
    SLICE_X81Y74         FDRE                                         r  soc_crg_ic_reset_reg/C
  -------------------------------------------------------------------    -------------------
    SLICE_X81Y74         FDRE (Prop_fdre_C_Q)         0.141     3.844 r  soc_crg_ic_reset_reg/Q
                         net (fo=2, routed)           0.168     4.013    soc_crg_ic_reset
    SLICE_X81Y74         LUT3 (Prop_lut3_I1_O)        0.045     4.058 r  soc_crg_ic_reset_i_1/O
                         net (fo=1, routed)           0.000     4.058    soc_crg_ic_reset_i_1_n_0
    SLICE_X81Y74         FDRE                                         r  soc_crg_ic_reset_reg/D
  -------------------------------------------------------------------    -------------------

                         (clock soc_crg_clkout3 rise edge)
                                                      0.000     0.000 r  
    E3                                                0.000     0.000 r  clk100 (IN)
                         net (fo=0)                   0.000     0.000    clk100
    E3                   IBUF (Prop_ibuf_I_O)         0.438     0.438 r  clk100_IBUF_inst/O
                         net (fo=1, routed)           0.699     1.136    clk100_IBUF
    BUFGCTRL_X0Y16       BUFG (Prop_bufg_I_O)         0.029     1.165 r  clk100_IBUF_BUFG_inst/O
                         net (fo=1, routed)           0.963     2.129    clk100_IBUF_BUFG
    SLICE_X34Y25         LUT1 (Prop_lut1_I0_O)        0.056     2.185 r  clk100_inst/O
                         net (fo=9, routed)           0.850     3.035    soc_crg_clkin
    MMCME2_ADV_X0Y0      MMCME2_ADV (Prop_mmcme2_adv_CLKIN1_CLKOUT3)
                                                      0.053     3.088 r  MMCME2_ADV/CLKOUT3
                         net (fo=1, routed)           0.700     3.788    soc_crg_clkout3
    BUFGCTRL_X0Y2        BUFG (Prop_bufg_I_O)         0.029     3.817 r  BUFG_3/O
                         net (fo=8, routed)           0.856     4.673    idelay_clk
    SLICE_X81Y74         FDRE                                         r  soc_crg_ic_reset_reg/C
                         clock pessimism             -0.969     3.703    
    SLICE_X81Y74         FDRE (Hold_fdre_C_D)         0.091     3.794    soc_crg_ic_reset_reg
  -------------------------------------------------------------------
                         required time                         -3.794    
                         arrival time                           4.058    
  -------------------------------------------------------------------
                         slack                                  0.263    

Slack (MET) :             0.289ns  (arrival time - required time)
  Source:                 soc_crg_reset_counter_reg[1]/C
                            (rising edge-triggered cell FDSE clocked by soc_crg_clkout3  {rise@0.000ns fall@2.500ns period=5.000ns})
  Destination:            soc_crg_reset_counter_reg[1]/D
                            (rising edge-triggered cell FDSE clocked by soc_crg_clkout3  {rise@0.000ns fall@2.500ns period=5.000ns})
  Path Group:             soc_crg_clkout3
  Path Type:              Hold (Min at Fast Process Corner)
  Requirement:            0.000ns  (soc_crg_clkout3 rise@0.000ns - soc_crg_clkout3 rise@0.000ns)
  Data Path Delay:        0.420ns  (logic 0.249ns (59.298%)  route 0.171ns (40.702%))
  Logic Levels:           1  (LUT2=1)
  Clock Path Skew:        0.000ns (DCD - SCD - CPR)
    Destination Clock Delay (DCD):    4.673ns
    Source Clock Delay      (SCD):    3.703ns
    Clock Pessimism Removal (CPR):    0.969ns

    Location             Delay type                Incr(ns)  Path(ns)    Netlist Resource(s)
  -------------------------------------------------------------------    -------------------
                         (clock soc_crg_clkout3 rise edge)
                                                      0.000     0.000 r  
    E3                                                0.000     0.000 r  clk100 (IN)
                         net (fo=0)                   0.000     0.000    clk100
    E3                   IBUF (Prop_ibuf_I_O)         0.250     0.250 r  clk100_IBUF_inst/O
                         net (fo=1, routed)           0.644     0.894    clk100_IBUF
    BUFGCTRL_X0Y16       BUFG (Prop_bufg_I_O)         0.026     0.920 r  clk100_IBUF_BUFG_inst/O
                         net (fo=1, routed)           0.683     1.603    clk100_IBUF_BUFG
    SLICE_X34Y25         LUT1 (Prop_lut1_I0_O)        0.045     1.648 r  clk100_inst/O
                         net (fo=9, routed)           0.745     2.393    soc_crg_clkin
    MMCME2_ADV_X0Y0      MMCME2_ADV (Prop_mmcme2_adv_CLKIN1_CLKOUT3)
                                                      0.050     2.443 r  MMCME2_ADV/CLKOUT3
                         net (fo=1, routed)           0.648     3.091    soc_crg_clkout3
    BUFGCTRL_X0Y2        BUFG (Prop_bufg_I_O)         0.026     3.117 r  BUFG_3/O
                         net (fo=8, routed)           0.587     3.703    idelay_clk
    SLICE_X80Y74         FDSE                                         r  soc_crg_reset_counter_reg[1]/C
  -------------------------------------------------------------------    -------------------
    SLICE_X80Y74         FDSE (Prop_fdse_C_Q)         0.148     3.851 r  soc_crg_reset_counter_reg[1]/Q
                         net (fo=4, routed)           0.171     4.022    soc_crg_reset_counter[1]
    SLICE_X80Y74         LUT2 (Prop_lut2_I1_O)        0.101     4.123 r  soc_crg_reset_counter[1]_i_1/O
                         net (fo=1, routed)           0.000     4.123    soc_crg_reset_counter[1]_i_1_n_0
    SLICE_X80Y74         FDSE                                         r  soc_crg_reset_counter_reg[1]/D
  -------------------------------------------------------------------    -------------------

                         (clock soc_crg_clkout3 rise edge)
                                                      0.000     0.000 r  
    E3                                                0.000     0.000 r  clk100 (IN)
                         net (fo=0)                   0.000     0.000    clk100
    E3                   IBUF (Prop_ibuf_I_O)         0.438     0.438 r  clk100_IBUF_inst/O
                         net (fo=1, routed)           0.699     1.136    clk100_IBUF
    BUFGCTRL_X0Y16       BUFG (Prop_bufg_I_O)         0.029     1.165 r  clk100_IBUF_BUFG_inst/O
                         net (fo=1, routed)           0.963     2.129    clk100_IBUF_BUFG
    SLICE_X34Y25         LUT1 (Prop_lut1_I0_O)        0.056     2.185 r  clk100_inst/O
                         net (fo=9, routed)           0.850     3.035    soc_crg_clkin
    MMCME2_ADV_X0Y0      MMCME2_ADV (Prop_mmcme2_adv_CLKIN1_CLKOUT3)
                                                      0.053     3.088 r  MMCME2_ADV/CLKOUT3
                         net (fo=1, routed)           0.700     3.788    soc_crg_clkout3
    BUFGCTRL_X0Y2        BUFG (Prop_bufg_I_O)         0.029     3.817 r  BUFG_3/O
                         net (fo=8, routed)           0.856     4.673    idelay_clk
    SLICE_X80Y74         FDSE                                         r  soc_crg_reset_counter_reg[1]/C
                         clock pessimism             -0.969     3.703    
    SLICE_X80Y74         FDSE (Hold_fdse_C_D)         0.131     3.834    soc_crg_reset_counter_reg[1]
  -------------------------------------------------------------------
                         required time                         -3.834    
                         arrival time                           4.123    
  -------------------------------------------------------------------
                         slack                                  0.289    

Slack (MET) :             0.293ns  (arrival time - required time)
  Source:                 soc_crg_reset_counter_reg[1]/C
                            (rising edge-triggered cell FDSE clocked by soc_crg_clkout3  {rise@0.000ns fall@2.500ns period=5.000ns})
  Destination:            soc_crg_reset_counter_reg[3]/D
                            (rising edge-triggered cell FDSE clocked by soc_crg_clkout3  {rise@0.000ns fall@2.500ns period=5.000ns})
  Path Group:             soc_crg_clkout3
  Path Type:              Hold (Min at Fast Process Corner)
  Requirement:            0.000ns  (soc_crg_clkout3 rise@0.000ns - soc_crg_clkout3 rise@0.000ns)
  Data Path Delay:        0.424ns  (logic 0.249ns (58.739%)  route 0.175ns (41.261%))
  Logic Levels:           1  (LUT4=1)
  Clock Path Skew:        0.000ns (DCD - SCD - CPR)
    Destination Clock Delay (DCD):    4.673ns
    Source Clock Delay      (SCD):    3.703ns
    Clock Pessimism Removal (CPR):    0.969ns

    Location             Delay type                Incr(ns)  Path(ns)    Netlist Resource(s)
  -------------------------------------------------------------------    -------------------
                         (clock soc_crg_clkout3 rise edge)
                                                      0.000     0.000 r  
    E3                                                0.000     0.000 r  clk100 (IN)
                         net (fo=0)                   0.000     0.000    clk100
    E3                   IBUF (Prop_ibuf_I_O)         0.250     0.250 r  clk100_IBUF_inst/O
                         net (fo=1, routed)           0.644     0.894    clk100_IBUF
    BUFGCTRL_X0Y16       BUFG (Prop_bufg_I_O)         0.026     0.920 r  clk100_IBUF_BUFG_inst/O
                         net (fo=1, routed)           0.683     1.603    clk100_IBUF_BUFG
    SLICE_X34Y25         LUT1 (Prop_lut1_I0_O)        0.045     1.648 r  clk100_inst/O
                         net (fo=9, routed)           0.745     2.393    soc_crg_clkin
    MMCME2_ADV_X0Y0      MMCME2_ADV (Prop_mmcme2_adv_CLKIN1_CLKOUT3)
                                                      0.050     2.443 r  MMCME2_ADV/CLKOUT3
                         net (fo=1, routed)           0.648     3.091    soc_crg_clkout3
    BUFGCTRL_X0Y2        BUFG (Prop_bufg_I_O)         0.026     3.117 r  BUFG_3/O
                         net (fo=8, routed)           0.587     3.703    idelay_clk
    SLICE_X80Y74         FDSE                                         r  soc_crg_reset_counter_reg[1]/C
  -------------------------------------------------------------------    -------------------
    SLICE_X80Y74         FDSE (Prop_fdse_C_Q)         0.148     3.851 r  soc_crg_reset_counter_reg[1]/Q
                         net (fo=4, routed)           0.175     4.026    soc_crg_reset_counter[1]
    SLICE_X80Y74         LUT4 (Prop_lut4_I2_O)        0.101     4.127 r  soc_crg_reset_counter[3]_i_2/O
                         net (fo=1, routed)           0.000     4.127    soc_crg_reset_counter[3]_i_2_n_0
    SLICE_X80Y74         FDSE                                         r  soc_crg_reset_counter_reg[3]/D
  -------------------------------------------------------------------    -------------------

                         (clock soc_crg_clkout3 rise edge)
                                                      0.000     0.000 r  
    E3                                                0.000     0.000 r  clk100 (IN)
                         net (fo=0)                   0.000     0.000    clk100
    E3                   IBUF (Prop_ibuf_I_O)         0.438     0.438 r  clk100_IBUF_inst/O
                         net (fo=1, routed)           0.699     1.136    clk100_IBUF
    BUFGCTRL_X0Y16       BUFG (Prop_bufg_I_O)         0.029     1.165 r  clk100_IBUF_BUFG_inst/O
                         net (fo=1, routed)           0.963     2.129    clk100_IBUF_BUFG
    SLICE_X34Y25         LUT1 (Prop_lut1_I0_O)        0.056     2.185 r  clk100_inst/O
                         net (fo=9, routed)           0.850     3.035    soc_crg_clkin
    MMCME2_ADV_X0Y0      MMCME2_ADV (Prop_mmcme2_adv_CLKIN1_CLKOUT3)
                                                      0.053     3.088 r  MMCME2_ADV/CLKOUT3
                         net (fo=1, routed)           0.700     3.788    soc_crg_clkout3
    BUFGCTRL_X0Y2        BUFG (Prop_bufg_I_O)         0.029     3.817 r  BUFG_3/O
                         net (fo=8, routed)           0.856     4.673    idelay_clk
    SLICE_X80Y74         FDSE                                         r  soc_crg_reset_counter_reg[3]/C
                         clock pessimism             -0.969     3.703    
    SLICE_X80Y74         FDSE (Hold_fdse_C_D)         0.131     3.834    soc_crg_reset_counter_reg[3]
  -------------------------------------------------------------------
                         required time                         -3.834    
                         arrival time                           4.127    
  -------------------------------------------------------------------
                         slack                                  0.293    

Slack (MET) :             0.300ns  (arrival time - required time)
  Source:                 soc_crg_reset_counter_reg[1]/C
                            (rising edge-triggered cell FDSE clocked by soc_crg_clkout3  {rise@0.000ns fall@2.500ns period=5.000ns})
  Destination:            soc_crg_reset_counter_reg[2]/D
                            (rising edge-triggered cell FDSE clocked by soc_crg_clkout3  {rise@0.000ns fall@2.500ns period=5.000ns})
  Path Group:             soc_crg_clkout3
  Path Type:              Hold (Min at Fast Process Corner)
  Requirement:            0.000ns  (soc_crg_clkout3 rise@0.000ns - soc_crg_clkout3 rise@0.000ns)
  Data Path Delay:        0.421ns  (logic 0.246ns (58.445%)  route 0.175ns (41.555%))
  Logic Levels:           1  (LUT3=1)
  Clock Path Skew:        0.000ns (DCD - SCD - CPR)
    Destination Clock Delay (DCD):    4.673ns
    Source Clock Delay      (SCD):    3.703ns
    Clock Pessimism Removal (CPR):    0.969ns

    Location             Delay type                Incr(ns)  Path(ns)    Netlist Resource(s)
  -------------------------------------------------------------------    -------------------
                         (clock soc_crg_clkout3 rise edge)
                                                      0.000     0.000 r  
    E3                                                0.000     0.000 r  clk100 (IN)
                         net (fo=0)                   0.000     0.000    clk100
    E3                   IBUF (Prop_ibuf_I_O)         0.250     0.250 r  clk100_IBUF_inst/O
                         net (fo=1, routed)           0.644     0.894    clk100_IBUF
    BUFGCTRL_X0Y16       BUFG (Prop_bufg_I_O)         0.026     0.920 r  clk100_IBUF_BUFG_inst/O
                         net (fo=1, routed)           0.683     1.603    clk100_IBUF_BUFG
    SLICE_X34Y25         LUT1 (Prop_lut1_I0_O)        0.045     1.648 r  clk100_inst/O
                         net (fo=9, routed)           0.745     2.393    soc_crg_clkin
    MMCME2_ADV_X0Y0      MMCME2_ADV (Prop_mmcme2_adv_CLKIN1_CLKOUT3)
                                                      0.050     2.443 r  MMCME2_ADV/CLKOUT3
                         net (fo=1, routed)           0.648     3.091    soc_crg_clkout3
    BUFGCTRL_X0Y2        BUFG (Prop_bufg_I_O)         0.026     3.117 r  BUFG_3/O
                         net (fo=8, routed)           0.587     3.703    idelay_clk
    SLICE_X80Y74         FDSE                                         r  soc_crg_reset_counter_reg[1]/C
  -------------------------------------------------------------------    -------------------
    SLICE_X80Y74         FDSE (Prop_fdse_C_Q)         0.148     3.851 r  soc_crg_reset_counter_reg[1]/Q
                         net (fo=4, routed)           0.175     4.026    soc_crg_reset_counter[1]
    SLICE_X80Y74         LUT3 (Prop_lut3_I0_O)        0.098     4.124 r  soc_crg_reset_counter[2]_i_1/O
                         net (fo=1, routed)           0.000     4.124    soc_crg_reset_counter[2]_i_1_n_0
    SLICE_X80Y74         FDSE                                         r  soc_crg_reset_counter_reg[2]/D
  -------------------------------------------------------------------    -------------------

                         (clock soc_crg_clkout3 rise edge)
                                                      0.000     0.000 r  
    E3                                                0.000     0.000 r  clk100 (IN)
                         net (fo=0)                   0.000     0.000    clk100
    E3                   IBUF (Prop_ibuf_I_O)         0.438     0.438 r  clk100_IBUF_inst/O
                         net (fo=1, routed)           0.699     1.136    clk100_IBUF
    BUFGCTRL_X0Y16       BUFG (Prop_bufg_I_O)         0.029     1.165 r  clk100_IBUF_BUFG_inst/O
                         net (fo=1, routed)           0.963     2.129    clk100_IBUF_BUFG
    SLICE_X34Y25         LUT1 (Prop_lut1_I0_O)        0.056     2.185 r  clk100_inst/O
                         net (fo=9, routed)           0.850     3.035    soc_crg_clkin
    MMCME2_ADV_X0Y0      MMCME2_ADV (Prop_mmcme2_adv_CLKIN1_CLKOUT3)
                                                      0.053     3.088 r  MMCME2_ADV/CLKOUT3
                         net (fo=1, routed)           0.700     3.788    soc_crg_clkout3
    BUFGCTRL_X0Y2        BUFG (Prop_bufg_I_O)         0.029     3.817 r  BUFG_3/O
                         net (fo=8, routed)           0.856     4.673    idelay_clk
    SLICE_X80Y74         FDSE                                         r  soc_crg_reset_counter_reg[2]/C
                         clock pessimism             -0.969     3.703    
    SLICE_X80Y74         FDSE (Hold_fdse_C_D)         0.121     3.824    soc_crg_reset_counter_reg[2]
  -------------------------------------------------------------------
                         required time                         -3.824    
                         arrival time                           4.124    
  -------------------------------------------------------------------
                         slack                                  0.300    

Slack (MET) :             0.426ns  (arrival time - required time)
  Source:                 soc_crg_reset_counter_reg[3]/C
                            (rising edge-triggered cell FDSE clocked by soc_crg_clkout3  {rise@0.000ns fall@2.500ns period=5.000ns})
  Destination:            soc_crg_reset_counter_reg[0]/CE
                            (rising edge-triggered cell FDSE clocked by soc_crg_clkout3  {rise@0.000ns fall@2.500ns period=5.000ns})
  Path Group:             soc_crg_clkout3
  Path Type:              Hold (Min at Fast Process Corner)
  Requirement:            0.000ns  (soc_crg_clkout3 rise@0.000ns - soc_crg_clkout3 rise@0.000ns)
  Data Path Delay:        0.410ns  (logic 0.247ns (60.211%)  route 0.163ns (39.789%))
  Logic Levels:           1  (LUT4=1)
  Clock Path Skew:        0.000ns (DCD - SCD - CPR)
    Destination Clock Delay (DCD):    4.673ns
    Source Clock Delay      (SCD):    3.703ns
    Clock Pessimism Removal (CPR):    0.969ns

    Location             Delay type                Incr(ns)  Path(ns)    Netlist Resource(s)
  -------------------------------------------------------------------    -------------------
                         (clock soc_crg_clkout3 rise edge)
                                                      0.000     0.000 r  
    E3                                                0.000     0.000 r  clk100 (IN)
                         net (fo=0)                   0.000     0.000    clk100
    E3                   IBUF (Prop_ibuf_I_O)         0.250     0.250 r  clk100_IBUF_inst/O
                         net (fo=1, routed)           0.644     0.894    clk100_IBUF
    BUFGCTRL_X0Y16       BUFG (Prop_bufg_I_O)         0.026     0.920 r  clk100_IBUF_BUFG_inst/O
                         net (fo=1, routed)           0.683     1.603    clk100_IBUF_BUFG
    SLICE_X34Y25         LUT1 (Prop_lut1_I0_O)        0.045     1.648 r  clk100_inst/O
                         net (fo=9, routed)           0.745     2.393    soc_crg_clkin
    MMCME2_ADV_X0Y0      MMCME2_ADV (Prop_mmcme2_adv_CLKIN1_CLKOUT3)
                                                      0.050     2.443 r  MMCME2_ADV/CLKOUT3
                         net (fo=1, routed)           0.648     3.091    soc_crg_clkout3
    BUFGCTRL_X0Y2        BUFG (Prop_bufg_I_O)         0.026     3.117 r  BUFG_3/O
                         net (fo=8, routed)           0.587     3.703    idelay_clk
    SLICE_X80Y74         FDSE                                         r  soc_crg_reset_counter_reg[3]/C
  -------------------------------------------------------------------    -------------------
    SLICE_X80Y74         FDSE (Prop_fdse_C_Q)         0.148     3.851 r  soc_crg_reset_counter_reg[3]/Q
                         net (fo=2, routed)           0.108     3.959    soc_crg_reset_counter[3]
    SLICE_X80Y74         LUT4 (Prop_lut4_I3_O)        0.099     4.058 r  soc_crg_reset_counter[3]_i_1/O
                         net (fo=5, routed)           0.056     4.114    soc_crg_reset_counter[3]_i_1_n_0
    SLICE_X80Y74         FDSE                                         r  soc_crg_reset_counter_reg[0]/CE
  -------------------------------------------------------------------    -------------------

                         (clock soc_crg_clkout3 rise edge)
                                                      0.000     0.000 r  
    E3                                                0.000     0.000 r  clk100 (IN)
                         net (fo=0)                   0.000     0.000    clk100
    E3                   IBUF (Prop_ibuf_I_O)         0.438     0.438 r  clk100_IBUF_inst/O
                         net (fo=1, routed)           0.699     1.136    clk100_IBUF
    BUFGCTRL_X0Y16       BUFG (Prop_bufg_I_O)         0.029     1.165 r  clk100_IBUF_BUFG_inst/O
                         net (fo=1, routed)           0.963     2.129    clk100_IBUF_BUFG
    SLICE_X34Y25         LUT1 (Prop_lut1_I0_O)        0.056     2.185 r  clk100_inst/O
                         net (fo=9, routed)           0.850     3.035    soc_crg_clkin
    MMCME2_ADV_X0Y0      MMCME2_ADV (Prop_mmcme2_adv_CLKIN1_CLKOUT3)
                                                      0.053     3.088 r  MMCME2_ADV/CLKOUT3
                         net (fo=1, routed)           0.700     3.788    soc_crg_clkout3
    BUFGCTRL_X0Y2        BUFG (Prop_bufg_I_O)         0.029     3.817 r  BUFG_3/O
                         net (fo=8, routed)           0.856     4.673    idelay_clk
    SLICE_X80Y74         FDSE                                         r  soc_crg_reset_counter_reg[0]/C
                         clock pessimism             -0.969     3.703    
    SLICE_X80Y74         FDSE (Hold_fdse_C_CE)       -0.016     3.687    soc_crg_reset_counter_reg[0]
  -------------------------------------------------------------------
                         required time                         -3.687    
                         arrival time                           4.114    
  -------------------------------------------------------------------
                         slack                                  0.426    

Slack (MET) :             0.426ns  (arrival time - required time)
  Source:                 soc_crg_reset_counter_reg[3]/C
                            (rising edge-triggered cell FDSE clocked by soc_crg_clkout3  {rise@0.000ns fall@2.500ns period=5.000ns})
  Destination:            soc_crg_reset_counter_reg[1]/CE
                            (rising edge-triggered cell FDSE clocked by soc_crg_clkout3  {rise@0.000ns fall@2.500ns period=5.000ns})
  Path Group:             soc_crg_clkout3
  Path Type:              Hold (Min at Fast Process Corner)
  Requirement:            0.000ns  (soc_crg_clkout3 rise@0.000ns - soc_crg_clkout3 rise@0.000ns)
  Data Path Delay:        0.410ns  (logic 0.247ns (60.211%)  route 0.163ns (39.789%))
  Logic Levels:           1  (LUT4=1)
  Clock Path Skew:        0.000ns (DCD - SCD - CPR)
    Destination Clock Delay (DCD):    4.673ns
    Source Clock Delay      (SCD):    3.703ns
    Clock Pessimism Removal (CPR):    0.969ns

    Location             Delay type                Incr(ns)  Path(ns)    Netlist Resource(s)
  -------------------------------------------------------------------    -------------------
                         (clock soc_crg_clkout3 rise edge)
                                                      0.000     0.000 r  
    E3                                                0.000     0.000 r  clk100 (IN)
                         net (fo=0)                   0.000     0.000    clk100
    E3                   IBUF (Prop_ibuf_I_O)         0.250     0.250 r  clk100_IBUF_inst/O
                         net (fo=1, routed)           0.644     0.894    clk100_IBUF
    BUFGCTRL_X0Y16       BUFG (Prop_bufg_I_O)         0.026     0.920 r  clk100_IBUF_BUFG_inst/O
                         net (fo=1, routed)           0.683     1.603    clk100_IBUF_BUFG
    SLICE_X34Y25         LUT1 (Prop_lut1_I0_O)        0.045     1.648 r  clk100_inst/O
                         net (fo=9, routed)           0.745     2.393    soc_crg_clkin
    MMCME2_ADV_X0Y0      MMCME2_ADV (Prop_mmcme2_adv_CLKIN1_CLKOUT3)
                                                      0.050     2.443 r  MMCME2_ADV/CLKOUT3
                         net (fo=1, routed)           0.648     3.091    soc_crg_clkout3
    BUFGCTRL_X0Y2        BUFG (Prop_bufg_I_O)         0.026     3.117 r  BUFG_3/O
                         net (fo=8, routed)           0.587     3.703    idelay_clk
    SLICE_X80Y74         FDSE                                         r  soc_crg_reset_counter_reg[3]/C
  -------------------------------------------------------------------    -------------------
    SLICE_X80Y74         FDSE (Prop_fdse_C_Q)         0.148     3.851 r  soc_crg_reset_counter_reg[3]/Q
                         net (fo=2, routed)           0.108     3.959    soc_crg_reset_counter[3]
    SLICE_X80Y74         LUT4 (Prop_lut4_I3_O)        0.099     4.058 r  soc_crg_reset_counter[3]_i_1/O
                         net (fo=5, routed)           0.056     4.114    soc_crg_reset_counter[3]_i_1_n_0
    SLICE_X80Y74         FDSE                                         r  soc_crg_reset_counter_reg[1]/CE
  -------------------------------------------------------------------    -------------------

                         (clock soc_crg_clkout3 rise edge)
                                                      0.000     0.000 r  
    E3                                                0.000     0.000 r  clk100 (IN)
                         net (fo=0)                   0.000     0.000    clk100
    E3                   IBUF (Prop_ibuf_I_O)         0.438     0.438 r  clk100_IBUF_inst/O
                         net (fo=1, routed)           0.699     1.136    clk100_IBUF
    BUFGCTRL_X0Y16       BUFG (Prop_bufg_I_O)         0.029     1.165 r  clk100_IBUF_BUFG_inst/O
                         net (fo=1, routed)           0.963     2.129    clk100_IBUF_BUFG
    SLICE_X34Y25         LUT1 (Prop_lut1_I0_O)        0.056     2.185 r  clk100_inst/O
                         net (fo=9, routed)           0.850     3.035    soc_crg_clkin
    MMCME2_ADV_X0Y0      MMCME2_ADV (Prop_mmcme2_adv_CLKIN1_CLKOUT3)
                                                      0.053     3.088 r  MMCME2_ADV/CLKOUT3
                         net (fo=1, routed)           0.700     3.788    soc_crg_clkout3
    BUFGCTRL_X0Y2        BUFG (Prop_bufg_I_O)         0.029     3.817 r  BUFG_3/O
                         net (fo=8, routed)           0.856     4.673    idelay_clk
    SLICE_X80Y74         FDSE                                         r  soc_crg_reset_counter_reg[1]/C
                         clock pessimism             -0.969     3.703    
    SLICE_X80Y74         FDSE (Hold_fdse_C_CE)       -0.016     3.687    soc_crg_reset_counter_reg[1]
  -------------------------------------------------------------------
                         required time                         -3.687    
                         arrival time                           4.114    
  -------------------------------------------------------------------
                         slack                                  0.426    

Slack (MET) :             0.426ns  (arrival time - required time)
  Source:                 soc_crg_reset_counter_reg[3]/C
                            (rising edge-triggered cell FDSE clocked by soc_crg_clkout3  {rise@0.000ns fall@2.500ns period=5.000ns})
  Destination:            soc_crg_reset_counter_reg[2]/CE
                            (rising edge-triggered cell FDSE clocked by soc_crg_clkout3  {rise@0.000ns fall@2.500ns period=5.000ns})
  Path Group:             soc_crg_clkout3
  Path Type:              Hold (Min at Fast Process Corner)
  Requirement:            0.000ns  (soc_crg_clkout3 rise@0.000ns - soc_crg_clkout3 rise@0.000ns)
  Data Path Delay:        0.410ns  (logic 0.247ns (60.211%)  route 0.163ns (39.789%))
  Logic Levels:           1  (LUT4=1)
  Clock Path Skew:        0.000ns (DCD - SCD - CPR)
    Destination Clock Delay (DCD):    4.673ns
    Source Clock Delay      (SCD):    3.703ns
    Clock Pessimism Removal (CPR):    0.969ns

    Location             Delay type                Incr(ns)  Path(ns)    Netlist Resource(s)
  -------------------------------------------------------------------    -------------------
                         (clock soc_crg_clkout3 rise edge)
                                                      0.000     0.000 r  
    E3                                                0.000     0.000 r  clk100 (IN)
                         net (fo=0)                   0.000     0.000    clk100
    E3                   IBUF (Prop_ibuf_I_O)         0.250     0.250 r  clk100_IBUF_inst/O
                         net (fo=1, routed)           0.644     0.894    clk100_IBUF
    BUFGCTRL_X0Y16       BUFG (Prop_bufg_I_O)         0.026     0.920 r  clk100_IBUF_BUFG_inst/O
                         net (fo=1, routed)           0.683     1.603    clk100_IBUF_BUFG
    SLICE_X34Y25         LUT1 (Prop_lut1_I0_O)        0.045     1.648 r  clk100_inst/O
                         net (fo=9, routed)           0.745     2.393    soc_crg_clkin
    MMCME2_ADV_X0Y0      MMCME2_ADV (Prop_mmcme2_adv_CLKIN1_CLKOUT3)
                                                      0.050     2.443 r  MMCME2_ADV/CLKOUT3
                         net (fo=1, routed)           0.648     3.091    soc_crg_clkout3
    BUFGCTRL_X0Y2        BUFG (Prop_bufg_I_O)         0.026     3.117 r  BUFG_3/O
                         net (fo=8, routed)           0.587     3.703    idelay_clk
    SLICE_X80Y74         FDSE                                         r  soc_crg_reset_counter_reg[3]/C
  -------------------------------------------------------------------    -------------------
    SLICE_X80Y74         FDSE (Prop_fdse_C_Q)         0.148     3.851 r  soc_crg_reset_counter_reg[3]/Q
                         net (fo=2, routed)           0.108     3.959    soc_crg_reset_counter[3]
    SLICE_X80Y74         LUT4 (Prop_lut4_I3_O)        0.099     4.058 r  soc_crg_reset_counter[3]_i_1/O
                         net (fo=5, routed)           0.056     4.114    soc_crg_reset_counter[3]_i_1_n_0
    SLICE_X80Y74         FDSE                                         r  soc_crg_reset_counter_reg[2]/CE
  -------------------------------------------------------------------    -------------------

                         (clock soc_crg_clkout3 rise edge)
                                                      0.000     0.000 r  
    E3                                                0.000     0.000 r  clk100 (IN)
                         net (fo=0)                   0.000     0.000    clk100
    E3                   IBUF (Prop_ibuf_I_O)         0.438     0.438 r  clk100_IBUF_inst/O
                         net (fo=1, routed)           0.699     1.136    clk100_IBUF
    BUFGCTRL_X0Y16       BUFG (Prop_bufg_I_O)         0.029     1.165 r  clk100_IBUF_BUFG_inst/O
                         net (fo=1, routed)           0.963     2.129    clk100_IBUF_BUFG
    SLICE_X34Y25         LUT1 (Prop_lut1_I0_O)        0.056     2.185 r  clk100_inst/O
                         net (fo=9, routed)           0.850     3.035    soc_crg_clkin
    MMCME2_ADV_X0Y0      MMCME2_ADV (Prop_mmcme2_adv_CLKIN1_CLKOUT3)
                                                      0.053     3.088 r  MMCME2_ADV/CLKOUT3
                         net (fo=1, routed)           0.700     3.788    soc_crg_clkout3
    BUFGCTRL_X0Y2        BUFG (Prop_bufg_I_O)         0.029     3.817 r  BUFG_3/O
                         net (fo=8, routed)           0.856     4.673    idelay_clk
    SLICE_X80Y74         FDSE                                         r  soc_crg_reset_counter_reg[2]/C
                         clock pessimism             -0.969     3.703    
    SLICE_X80Y74         FDSE (Hold_fdse_C_CE)       -0.016     3.687    soc_crg_reset_counter_reg[2]
  -------------------------------------------------------------------
                         required time                         -3.687    
                         arrival time                           4.114    
  -------------------------------------------------------------------
                         slack                                  0.426    

Slack (MET) :             0.426ns  (arrival time - required time)
  Source:                 soc_crg_reset_counter_reg[3]/C
                            (rising edge-triggered cell FDSE clocked by soc_crg_clkout3  {rise@0.000ns fall@2.500ns period=5.000ns})
  Destination:            soc_crg_reset_counter_reg[3]/CE
                            (rising edge-triggered cell FDSE clocked by soc_crg_clkout3  {rise@0.000ns fall@2.500ns period=5.000ns})
  Path Group:             soc_crg_clkout3
  Path Type:              Hold (Min at Fast Process Corner)
  Requirement:            0.000ns  (soc_crg_clkout3 rise@0.000ns - soc_crg_clkout3 rise@0.000ns)
  Data Path Delay:        0.410ns  (logic 0.247ns (60.211%)  route 0.163ns (39.789%))
  Logic Levels:           1  (LUT4=1)
  Clock Path Skew:        0.000ns (DCD - SCD - CPR)
    Destination Clock Delay (DCD):    4.673ns
    Source Clock Delay      (SCD):    3.703ns
    Clock Pessimism Removal (CPR):    0.969ns

    Location             Delay type                Incr(ns)  Path(ns)    Netlist Resource(s)
  -------------------------------------------------------------------    -------------------
                         (clock soc_crg_clkout3 rise edge)
                                                      0.000     0.000 r  
    E3                                                0.000     0.000 r  clk100 (IN)
                         net (fo=0)                   0.000     0.000    clk100
    E3                   IBUF (Prop_ibuf_I_O)         0.250     0.250 r  clk100_IBUF_inst/O
                         net (fo=1, routed)           0.644     0.894    clk100_IBUF
    BUFGCTRL_X0Y16       BUFG (Prop_bufg_I_O)         0.026     0.920 r  clk100_IBUF_BUFG_inst/O
                         net (fo=1, routed)           0.683     1.603    clk100_IBUF_BUFG
    SLICE_X34Y25         LUT1 (Prop_lut1_I0_O)        0.045     1.648 r  clk100_inst/O
                         net (fo=9, routed)           0.745     2.393    soc_crg_clkin
    MMCME2_ADV_X0Y0      MMCME2_ADV (Prop_mmcme2_adv_CLKIN1_CLKOUT3)
                                                      0.050     2.443 r  MMCME2_ADV/CLKOUT3
                         net (fo=1, routed)           0.648     3.091    soc_crg_clkout3
    BUFGCTRL_X0Y2        BUFG (Prop_bufg_I_O)         0.026     3.117 r  BUFG_3/O
                         net (fo=8, routed)           0.587     3.703    idelay_clk
    SLICE_X80Y74         FDSE                                         r  soc_crg_reset_counter_reg[3]/C
  -------------------------------------------------------------------    -------------------
    SLICE_X80Y74         FDSE (Prop_fdse_C_Q)         0.148     3.851 r  soc_crg_reset_counter_reg[3]/Q
                         net (fo=2, routed)           0.108     3.959    soc_crg_reset_counter[3]
    SLICE_X80Y74         LUT4 (Prop_lut4_I3_O)        0.099     4.058 r  soc_crg_reset_counter[3]_i_1/O
                         net (fo=5, routed)           0.056     4.114    soc_crg_reset_counter[3]_i_1_n_0
    SLICE_X80Y74         FDSE                                         r  soc_crg_reset_counter_reg[3]/CE
  -------------------------------------------------------------------    -------------------

                         (clock soc_crg_clkout3 rise edge)
                                                      0.000     0.000 r  
    E3                                                0.000     0.000 r  clk100 (IN)
                         net (fo=0)                   0.000     0.000    clk100
    E3                   IBUF (Prop_ibuf_I_O)         0.438     0.438 r  clk100_IBUF_inst/O
                         net (fo=1, routed)           0.699     1.136    clk100_IBUF
    BUFGCTRL_X0Y16       BUFG (Prop_bufg_I_O)         0.029     1.165 r  clk100_IBUF_BUFG_inst/O
                         net (fo=1, routed)           0.963     2.129    clk100_IBUF_BUFG
    SLICE_X34Y25         LUT1 (Prop_lut1_I0_O)        0.056     2.185 r  clk100_inst/O
                         net (fo=9, routed)           0.850     3.035    soc_crg_clkin
    MMCME2_ADV_X0Y0      MMCME2_ADV (Prop_mmcme2_adv_CLKIN1_CLKOUT3)
                                                      0.053     3.088 r  MMCME2_ADV/CLKOUT3
                         net (fo=1, routed)           0.700     3.788    soc_crg_clkout3
    BUFGCTRL_X0Y2        BUFG (Prop_bufg_I_O)         0.029     3.817 r  BUFG_3/O
                         net (fo=8, routed)           0.856     4.673    idelay_clk
    SLICE_X80Y74         FDSE                                         r  soc_crg_reset_counter_reg[3]/C
                         clock pessimism             -0.969     3.703    
    SLICE_X80Y74         FDSE (Hold_fdse_C_CE)       -0.016     3.687    soc_crg_reset_counter_reg[3]
  -------------------------------------------------------------------
                         required time                         -3.687    
                         arrival time                           4.114    
  -------------------------------------------------------------------
                         slack                                  0.426    

Slack (MET) :             0.472ns  (arrival time - required time)
  Source:                 FDPE_7/C
                            (rising edge-triggered cell FDPE clocked by soc_crg_clkout3  {rise@0.000ns fall@2.500ns period=5.000ns})
  Destination:            soc_crg_reset_counter_reg[0]/S
                            (rising edge-triggered cell FDSE clocked by soc_crg_clkout3  {rise@0.000ns fall@2.500ns period=5.000ns})
  Path Group:             soc_crg_clkout3
  Path Type:              Hold (Min at Fast Process Corner)
  Requirement:            0.000ns  (soc_crg_clkout3 rise@0.000ns - soc_crg_clkout3 rise@0.000ns)
  Data Path Delay:        0.495ns  (logic 0.128ns (25.877%)  route 0.367ns (74.123%))
  Logic Levels:           0  
  Clock Path Skew:        0.068ns (DCD - SCD - CPR)
    Destination Clock Delay (DCD):    4.673ns
    Source Clock Delay      (SCD):    3.670ns
    Clock Pessimism Removal (CPR):    0.934ns

    Location             Delay type                Incr(ns)  Path(ns)    Netlist Resource(s)
  -------------------------------------------------------------------    -------------------
                         (clock soc_crg_clkout3 rise edge)
                                                      0.000     0.000 r  
    E3                                                0.000     0.000 r  clk100 (IN)
                         net (fo=0)                   0.000     0.000    clk100
    E3                   IBUF (Prop_ibuf_I_O)         0.250     0.250 r  clk100_IBUF_inst/O
                         net (fo=1, routed)           0.644     0.894    clk100_IBUF
    BUFGCTRL_X0Y16       BUFG (Prop_bufg_I_O)         0.026     0.920 r  clk100_IBUF_BUFG_inst/O
                         net (fo=1, routed)           0.683     1.603    clk100_IBUF_BUFG
    SLICE_X34Y25         LUT1 (Prop_lut1_I0_O)        0.045     1.648 r  clk100_inst/O
                         net (fo=9, routed)           0.745     2.393    soc_crg_clkin
    MMCME2_ADV_X0Y0      MMCME2_ADV (Prop_mmcme2_adv_CLKIN1_CLKOUT3)
                                                      0.050     2.443 r  MMCME2_ADV/CLKOUT3
                         net (fo=1, routed)           0.648     3.091    soc_crg_clkout3
    BUFGCTRL_X0Y2        BUFG (Prop_bufg_I_O)         0.026     3.117 r  BUFG_3/O
                         net (fo=8, routed)           0.554     3.670    idelay_clk
    SLICE_X69Y73         FDPE                                         r  FDPE_7/C
  -------------------------------------------------------------------    -------------------
    SLICE_X69Y73         FDPE (Prop_fdpe_C_Q)         0.128     3.798 r  FDPE_7/Q
                         net (fo=5, routed)           0.367     4.165    idelay_rst
    SLICE_X80Y74         FDSE                                         r  soc_crg_reset_counter_reg[0]/S
  -------------------------------------------------------------------    -------------------

                         (clock soc_crg_clkout3 rise edge)
                                                      0.000     0.000 r  
    E3                                                0.000     0.000 r  clk100 (IN)
                         net (fo=0)                   0.000     0.000    clk100
    E3                   IBUF (Prop_ibuf_I_O)         0.438     0.438 r  clk100_IBUF_inst/O
                         net (fo=1, routed)           0.699     1.136    clk100_IBUF
    BUFGCTRL_X0Y16       BUFG (Prop_bufg_I_O)         0.029     1.165 r  clk100_IBUF_BUFG_inst/O
                         net (fo=1, routed)           0.963     2.129    clk100_IBUF_BUFG
    SLICE_X34Y25         LUT1 (Prop_lut1_I0_O)        0.056     2.185 r  clk100_inst/O
                         net (fo=9, routed)           0.850     3.035    soc_crg_clkin
    MMCME2_ADV_X0Y0      MMCME2_ADV (Prop_mmcme2_adv_CLKIN1_CLKOUT3)
                                                      0.053     3.088 r  MMCME2_ADV/CLKOUT3
                         net (fo=1, routed)           0.700     3.788    soc_crg_clkout3
    BUFGCTRL_X0Y2        BUFG (Prop_bufg_I_O)         0.029     3.817 r  BUFG_3/O
                         net (fo=8, routed)           0.856     4.673    idelay_clk
    SLICE_X80Y74         FDSE                                         r  soc_crg_reset_counter_reg[0]/C
                         clock pessimism             -0.934     3.738    
    SLICE_X80Y74         FDSE (Hold_fdse_C_S)        -0.045     3.693    soc_crg_reset_counter_reg[0]
  -------------------------------------------------------------------
                         required time                         -3.693    
                         arrival time                           4.165    
  -------------------------------------------------------------------
                         slack                                  0.472    





Pulse Width Checks
--------------------------------------------------------------------------------------
Clock Name:         soc_crg_clkout3
Waveform(ns):       { 0.000 2.500 }
Period(ns):         5.000
Sources:            { MMCME2_ADV/CLKOUT3 }

Check Type        Corner  Lib Pin             Reference Pin  Required(ns)  Actual(ns)  Slack(ns)  Location         Pin
Min Period        n/a     IDELAYCTRL/REFCLK   n/a            3.225         5.000       1.775      IDELAYCTRL_X1Y1  IDELAYCTRL/REFCLK
Min Period        n/a     BUFG/I              n/a            2.155         5.000       2.845      BUFGCTRL_X0Y2    BUFG_3/I
Min Period        n/a     MMCME2_ADV/CLKOUT3  n/a            1.249         5.000       3.751      MMCME2_ADV_X0Y0  MMCME2_ADV/CLKOUT3
Min Period        n/a     FDPE/C              n/a            1.000         5.000       4.000      SLICE_X69Y73     FDPE_6/C
Min Period        n/a     FDPE/C              n/a            1.000         5.000       4.000      SLICE_X69Y73     FDPE_7/C
Min Period        n/a     FDRE/C              n/a            1.000         5.000       4.000      SLICE_X81Y74     soc_crg_ic_reset_reg/C
Min Period        n/a     FDSE/C              n/a            1.000         5.000       4.000      SLICE_X80Y74     soc_crg_reset_counter_reg[0]/C
Min Period        n/a     FDSE/C              n/a            1.000         5.000       4.000      SLICE_X80Y74     soc_crg_reset_counter_reg[1]/C
Min Period        n/a     FDSE/C              n/a            1.000         5.000       4.000      SLICE_X80Y74     soc_crg_reset_counter_reg[2]/C
Min Period        n/a     FDSE/C              n/a            1.000         5.000       4.000      SLICE_X80Y74     soc_crg_reset_counter_reg[3]/C
Max Period        n/a     IDELAYCTRL/REFCLK   n/a            5.264         5.000       0.264      IDELAYCTRL_X1Y1  IDELAYCTRL/REFCLK
Max Period        n/a     MMCME2_ADV/CLKOUT3  n/a            213.360       5.000       208.360    MMCME2_ADV_X0Y0  MMCME2_ADV/CLKOUT3
Low Pulse Width   Slow    FDPE/C              n/a            0.500         2.500       2.000      SLICE_X69Y73     FDPE_6/C
Low Pulse Width   Fast    FDPE/C              n/a            0.500         2.500       2.000      SLICE_X69Y73     FDPE_6/C
Low Pulse Width   Slow    FDPE/C              n/a            0.500         2.500       2.000      SLICE_X69Y73     FDPE_7/C
Low Pulse Width   Fast    FDPE/C              n/a            0.500         2.500       2.000      SLICE_X69Y73     FDPE_7/C
Low Pulse Width   Slow    FDRE/C              n/a            0.500         2.500       2.000      SLICE_X81Y74     soc_crg_ic_reset_reg/C
Low Pulse Width   Fast    FDRE/C              n/a            0.500         2.500       2.000      SLICE_X81Y74     soc_crg_ic_reset_reg/C
Low Pulse Width   Slow    FDSE/C              n/a            0.500         2.500       2.000      SLICE_X80Y74     soc_crg_reset_counter_reg[0]/C
Low Pulse Width   Fast    FDSE/C              n/a            0.500         2.500       2.000      SLICE_X80Y74     soc_crg_reset_counter_reg[0]/C
Low Pulse Width   Slow    FDSE/C              n/a            0.500         2.500       2.000      SLICE_X80Y74     soc_crg_reset_counter_reg[1]/C
Low Pulse Width   Fast    FDSE/C              n/a            0.500         2.500       2.000      SLICE_X80Y74     soc_crg_reset_counter_reg[1]/C
High Pulse Width  Slow    FDPE/C              n/a            0.500         2.500       2.000      SLICE_X69Y73     FDPE_6/C
High Pulse Width  Fast    FDPE/C              n/a            0.500         2.500       2.000      SLICE_X69Y73     FDPE_6/C
High Pulse Width  Slow    FDPE/C              n/a            0.500         2.500       2.000      SLICE_X69Y73     FDPE_7/C
High Pulse Width  Fast    FDPE/C              n/a            0.500         2.500       2.000      SLICE_X69Y73     FDPE_7/C
High Pulse Width  Slow    FDRE/C              n/a            0.500         2.500       2.000      SLICE_X81Y74     soc_crg_ic_reset_reg/C
High Pulse Width  Fast    FDRE/C              n/a            0.500         2.500       2.000      SLICE_X81Y74     soc_crg_ic_reset_reg/C
High Pulse Width  Slow    FDSE/C              n/a            0.500         2.500       2.000      SLICE_X80Y74     soc_crg_reset_counter_reg[0]/C
High Pulse Width  Fast    FDSE/C              n/a            0.500         2.500       2.000      SLICE_X80Y74     soc_crg_reset_counter_reg[0]/C
High Pulse Width  Slow    FDSE/C              n/a            0.500         2.500       2.000      SLICE_X80Y74     soc_crg_reset_counter_reg[1]/C
High Pulse Width  Fast    FDSE/C              n/a            0.500         2.500       2.000      SLICE_X80Y74     soc_crg_reset_counter_reg[1]/C



------------------------------------------------------------------------------------------------
| Data sheet
| ----------
------------------------------------------------------------------------------------------------

Input Ports Setup/Hold

----------+--------------+----------------+----------+---------------+---------+---------------+---------+-----------------+
Reference | Input        | IO Reg         | Delay    |     Setup(ns) | Process |      Hold(ns) | Process | Internal        |
Clock     | Port         | Type           | Type     | to Clk (Edge) | Corner  | to Clk (Edge) | Corner  | Clock           |
----------+--------------+----------------+----------+---------------+---------+---------------+---------+-----------------+
clk100    | cpu_reset    | FDCE           | -        |     0.343 (r) | FAST    |     2.591 (r) | SLOW    |                 |
clk100    | serial_rx    | FDRE           | -        |    -1.702 (r) | FAST    |     7.665 (r) | SLOW    | soc_crg_clkout0 |
clk100    | ddram_dq[0]  | ISERDESE2 (IO) | VARIABLE |    -2.872 (r) | FAST    |     9.826 (r) | SLOW    | soc_crg_clkout1 |
clk100    | ddram_dq[0]  | ISERDESE2 (IO) | VARIABLE |    -2.800 (f) | FAST    |     9.826 (f) | SLOW    | soc_crg_clkout1 |
clk100    | ddram_dq[1]  | ISERDESE2 (IO) | VARIABLE |    -2.871 (r) | FAST    |     9.824 (r) | SLOW    | soc_crg_clkout1 |
clk100    | ddram_dq[1]  | ISERDESE2 (IO) | VARIABLE |    -2.799 (f) | FAST    |     9.824 (f) | SLOW    | soc_crg_clkout1 |
clk100    | ddram_dq[2]  | ISERDESE2 (IO) | VARIABLE |    -2.888 (r) | FAST    |     9.842 (r) | SLOW    | soc_crg_clkout1 |
clk100    | ddram_dq[2]  | ISERDESE2 (IO) | VARIABLE |    -2.816 (f) | FAST    |     9.842 (f) | SLOW    | soc_crg_clkout1 |
clk100    | ddram_dq[3]  | ISERDESE2 (IO) | VARIABLE |    -2.871 (r) | FAST    |     9.825 (r) | SLOW    | soc_crg_clkout1 |
clk100    | ddram_dq[3]  | ISERDESE2 (IO) | VARIABLE |    -2.799 (f) | FAST    |     9.825 (f) | SLOW    | soc_crg_clkout1 |
clk100    | ddram_dq[4]  | ISERDESE2 (IO) | VARIABLE |    -2.865 (r) | FAST    |     9.818 (r) | SLOW    | soc_crg_clkout1 |
clk100    | ddram_dq[4]  | ISERDESE2 (IO) | VARIABLE |    -2.793 (f) | FAST    |     9.818 (f) | SLOW    | soc_crg_clkout1 |
clk100    | ddram_dq[5]  | ISERDESE2 (IO) | VARIABLE |    -2.880 (r) | FAST    |     9.832 (r) | SLOW    | soc_crg_clkout1 |
clk100    | ddram_dq[5]  | ISERDESE2 (IO) | VARIABLE |    -2.808 (f) | FAST    |     9.832 (f) | SLOW    | soc_crg_clkout1 |
clk100    | ddram_dq[6]  | ISERDESE2 (IO) | VARIABLE |    -2.868 (r) | FAST    |     9.821 (r) | SLOW    | soc_crg_clkout1 |
clk100    | ddram_dq[6]  | ISERDESE2 (IO) | VARIABLE |    -2.796 (f) | FAST    |     9.821 (f) | SLOW    | soc_crg_clkout1 |
clk100    | ddram_dq[7]  | ISERDESE2 (IO) | VARIABLE |    -2.889 (r) | FAST    |     9.842 (r) | SLOW    | soc_crg_clkout1 |
clk100    | ddram_dq[7]  | ISERDESE2 (IO) | VARIABLE |    -2.817 (f) | FAST    |     9.842 (f) | SLOW    | soc_crg_clkout1 |
clk100    | ddram_dq[8]  | ISERDESE2 (IO) | VARIABLE |    -2.866 (r) | FAST    |     9.812 (r) | SLOW    | soc_crg_clkout1 |
clk100    | ddram_dq[8]  | ISERDESE2 (IO) | VARIABLE |    -2.794 (f) | FAST    |     9.812 (f) | SLOW    | soc_crg_clkout1 |
clk100    | ddram_dq[9]  | ISERDESE2 (IO) | VARIABLE |    -2.857 (r) | FAST    |     9.808 (r) | SLOW    | soc_crg_clkout1 |
clk100    | ddram_dq[9]  | ISERDESE2 (IO) | VARIABLE |    -2.785 (f) | FAST    |     9.808 (f) | SLOW    | soc_crg_clkout1 |
clk100    | ddram_dq[10] | ISERDESE2 (IO) | VARIABLE |    -2.859 (r) | FAST    |     9.806 (r) | SLOW    | soc_crg_clkout1 |
clk100    | ddram_dq[10] | ISERDESE2 (IO) | VARIABLE |    -2.787 (f) | FAST    |     9.806 (f) | SLOW    | soc_crg_clkout1 |
clk100    | ddram_dq[11] | ISERDESE2 (IO) | VARIABLE |    -2.852 (r) | FAST    |     9.803 (r) | SLOW    | soc_crg_clkout1 |
clk100    | ddram_dq[11] | ISERDESE2 (IO) | VARIABLE |    -2.780 (f) | FAST    |     9.803 (f) | SLOW    | soc_crg_clkout1 |
clk100    | ddram_dq[12] | ISERDESE2 (IO) | VARIABLE |    -2.848 (r) | FAST    |     9.795 (r) | SLOW    | soc_crg_clkout1 |
clk100    | ddram_dq[12] | ISERDESE2 (IO) | VARIABLE |    -2.776 (f) | FAST    |     9.795 (f) | SLOW    | soc_crg_clkout1 |
clk100    | ddram_dq[13] | ISERDESE2 (IO) | VARIABLE |    -2.871 (r) | FAST    |     9.817 (r) | SLOW    | soc_crg_clkout1 |
clk100    | ddram_dq[13] | ISERDESE2 (IO) | VARIABLE |    -2.799 (f) | FAST    |     9.817 (f) | SLOW    | soc_crg_clkout1 |
clk100    | ddram_dq[14] | ISERDESE2 (IO) | VARIABLE |    -2.859 (r) | FAST    |     9.811 (r) | SLOW    | soc_crg_clkout1 |
clk100    | ddram_dq[14] | ISERDESE2 (IO) | VARIABLE |    -2.787 (f) | FAST    |     9.811 (f) | SLOW    | soc_crg_clkout1 |
clk100    | ddram_dq[15] | ISERDESE2 (IO) | VARIABLE |    -2.872 (r) | FAST    |     9.819 (r) | SLOW    | soc_crg_clkout1 |
clk100    | ddram_dq[15] | ISERDESE2 (IO) | VARIABLE |    -2.800 (f) | FAST    |     9.819 (f) | SLOW    | soc_crg_clkout1 |
----------+--------------+----------------+----------+---------------+---------+---------------+---------+-----------------+


Output Ports Clock-to-out

----------+----------------+----------------+-------+----------------+---------+----------------+---------+-----------------+
Reference | Output         | IO Reg         | Delay | Max Clk (Edge) | Process | Min Clk (Edge) | Process | Internal        |
Clock     | Port           | Type           | Type  |    to port(ns) | Corner  |    to port(ns) | Corner  | Clock           |
----------+----------------+----------------+-------+----------------+---------+----------------+---------+-----------------+
clk100    | ddram_dq[0]    | FDRE           | -     |     17.570 (r) | SLOW    |      5.341 (r) | FAST    | soc_crg_clkout0 |
clk100    | ddram_dq[1]    | FDRE           | -     |     17.118 (r) | SLOW    |      5.140 (r) | FAST    | soc_crg_clkout0 |
clk100    | ddram_dq[2]    | FDRE           | -     |     17.851 (r) | SLOW    |      5.433 (r) | FAST    | soc_crg_clkout0 |
clk100    | ddram_dq[3]    | FDRE           | -     |     17.560 (r) | SLOW    |      5.333 (r) | FAST    | soc_crg_clkout0 |
clk100    | ddram_dq[4]    | FDRE           | -     |     17.131 (r) | SLOW    |      5.138 (r) | FAST    | soc_crg_clkout0 |
clk100    | ddram_dq[5]    | FDRE           | -     |     17.412 (r) | SLOW    |      5.232 (r) | FAST    | soc_crg_clkout0 |
clk100    | ddram_dq[6]    | FDRE           | -     |     17.420 (r) | SLOW    |      5.281 (r) | FAST    | soc_crg_clkout0 |
clk100    | ddram_dq[7]    | FDRE           | -     |     16.968 (r) | SLOW    |      5.054 (r) | FAST    | soc_crg_clkout0 |
clk100    | ddram_dq[8]    | FDRE           | -     |     16.664 (r) | SLOW    |      4.988 (r) | FAST    | soc_crg_clkout0 |
clk100    | ddram_dq[9]    | FDRE           | -     |     17.297 (r) | SLOW    |      5.281 (r) | FAST    | soc_crg_clkout0 |
clk100    | ddram_dq[10]   | FDRE           | -     |     17.004 (r) | SLOW    |      5.150 (r) | FAST    | soc_crg_clkout0 |
clk100    | ddram_dq[11]   | FDRE           | -     |     17.447 (r) | SLOW    |      5.350 (r) | FAST    | soc_crg_clkout0 |
clk100    | ddram_dq[12]   | FDRE           | -     |     16.854 (r) | SLOW    |      5.097 (r) | FAST    | soc_crg_clkout0 |
clk100    | ddram_dq[13]   | FDRE           | -     |     16.663 (r) | SLOW    |      4.995 (r) | FAST    | soc_crg_clkout0 |
clk100    | ddram_dq[14]   | FDRE           | -     |     17.587 (r) | SLOW    |      5.398 (r) | FAST    | soc_crg_clkout0 |
clk100    | ddram_dq[15]   | FDRE           | -     |     16.944 (r) | SLOW    |      5.104 (r) | FAST    | soc_crg_clkout0 |
clk100    | ddram_dqs_n[0] | FDRE           | -     |     17.806 (r) | SLOW    |      5.467 (r) | FAST    | soc_crg_clkout0 |
clk100    | ddram_dqs_n[1] | FDRE           | -     |     16.960 (r) | SLOW    |      5.094 (r) | FAST    | soc_crg_clkout0 |
clk100    | ddram_dqs_p[0] | FDRE           | -     |     17.807 (r) | SLOW    |      5.469 (r) | FAST    | soc_crg_clkout0 |
clk100    | ddram_dqs_p[1] | FDRE           | -     |     16.961 (r) | SLOW    |      5.094 (r) | FAST    | soc_crg_clkout0 |
clk100    | serial_tx      | FDSE           | -     |     18.652 (r) | SLOW    |      5.938 (r) | FAST    | soc_crg_clkout0 |
clk100    | user_led0      | FDRE           | -     |     20.926 (r) | SLOW    |      6.622 (r) | FAST    | soc_crg_clkout0 |
clk100    | user_led1      | FDRE           | -     |     20.694 (r) | SLOW    |      6.645 (r) | FAST    | soc_crg_clkout0 |
clk100    | user_led10     | FDRE           | -     |     20.687 (r) | SLOW    |      6.515 (r) | FAST    | soc_crg_clkout0 |
clk100    | user_led11     | FDRE           | -     |     20.175 (r) | SLOW    |      6.396 (r) | FAST    | soc_crg_clkout0 |
clk100    | user_led12     | FDRE           | -     |     20.279 (r) | SLOW    |      6.470 (r) | FAST    | soc_crg_clkout0 |
clk100    | user_led13     | FDRE           | -     |     20.439 (r) | SLOW    |      6.543 (r) | FAST    | soc_crg_clkout0 |
clk100    | user_led14     | FDRE           | -     |     20.051 (r) | SLOW    |      6.341 (r) | FAST    | soc_crg_clkout0 |
clk100    | user_led15     | FDRE           | -     |     20.271 (r) | SLOW    |      6.564 (r) | FAST    | soc_crg_clkout0 |
clk100    | user_led2      | FDRE           | -     |     21.359 (r) | SLOW    |      7.024 (r) | FAST    | soc_crg_clkout0 |
clk100    | user_led3      | FDRE           | -     |     20.280 (r) | SLOW    |      6.548 (r) | FAST    | soc_crg_clkout0 |
clk100    | user_led4      | FDRE           | -     |     20.732 (r) | SLOW    |      6.715 (r) | FAST    | soc_crg_clkout0 |
clk100    | user_led5      | FDRE           | -     |     20.192 (r) | SLOW    |      6.623 (r) | FAST    | soc_crg_clkout0 |
clk100    | user_led6      | FDRE           | -     |     20.276 (r) | SLOW    |      6.515 (r) | FAST    | soc_crg_clkout0 |
clk100    | user_led7      | FDRE           | -     |     20.396 (r) | SLOW    |      6.602 (r) | FAST    | soc_crg_clkout0 |
clk100    | user_led8      | FDRE           | -     |     20.272 (r) | SLOW    |      6.413 (r) | FAST    | soc_crg_clkout0 |
clk100    | user_led9      | FDRE           | -     |     20.517 (r) | SLOW    |      6.539 (r) | FAST    | soc_crg_clkout0 |
clk100    | ddram_a[0]     | OSERDESE2 (IO) | -     |     13.436 (r) | SLOW    |      4.253 (r) | FAST    | soc_crg_clkout1 |
clk100    | ddram_a[1]     | OSERDESE2 (IO) | -     |     13.450 (r) | SLOW    |      4.270 (r) | FAST    | soc_crg_clkout1 |
clk100    | ddram_a[2]     | OSERDESE2 (IO) | -     |     13.462 (r) | SLOW    |      4.276 (r) | FAST    | soc_crg_clkout1 |
clk100    | ddram_a[3]     | OSERDESE2 (IO) | -     |     13.462 (r) | SLOW    |      4.277 (r) | FAST    | soc_crg_clkout1 |
clk100    | ddram_a[4]     | OSERDESE2 (IO) | -     |     13.458 (r) | SLOW    |      4.271 (r) | FAST    | soc_crg_clkout1 |
clk100    | ddram_a[5]     | OSERDESE2 (IO) | -     |     13.452 (r) | SLOW    |      4.273 (r) | FAST    | soc_crg_clkout1 |
clk100    | ddram_a[6]     | OSERDESE2 (IO) | -     |     13.466 (r) | SLOW    |      4.279 (r) | FAST    | soc_crg_clkout1 |
clk100    | ddram_a[7]     | OSERDESE2 (IO) | -     |     13.468 (r) | SLOW    |      4.280 (r) | FAST    | soc_crg_clkout1 |
clk100    | ddram_a[8]     | OSERDESE2 (IO) | -     |     13.458 (r) | SLOW    |      4.272 (r) | FAST    | soc_crg_clkout1 |
clk100    | ddram_a[9]     | OSERDESE2 (IO) | -     |     13.451 (r) | SLOW    |      4.272 (r) | FAST    | soc_crg_clkout1 |
clk100    | ddram_a[10]    | OSERDESE2 (IO) | -     |     13.452 (r) | SLOW    |      4.272 (r) | FAST    | soc_crg_clkout1 |
clk100    | ddram_a[11]    | OSERDESE2 (IO) | -     |     13.445 (r) | SLOW    |      4.259 (r) | FAST    | soc_crg_clkout1 |
clk100    | ddram_a[12]    | OSERDESE2 (IO) | -     |     13.457 (r) | SLOW    |      4.272 (r) | FAST    | soc_crg_clkout1 |
clk100    | ddram_ba[0]    | OSERDESE2 (IO) | -     |     13.456 (r) | SLOW    |      4.276 (r) | FAST    | soc_crg_clkout1 |
clk100    | ddram_ba[1]    | OSERDESE2 (IO) | -     |     13.448 (r) | SLOW    |      4.268 (r) | FAST    | soc_crg_clkout1 |
clk100    | ddram_ba[2]    | OSERDESE2 (IO) | -     |     13.460 (r) | SLOW    |      4.276 (r) | FAST    | soc_crg_clkout1 |
clk100    | ddram_cas_n    | OSERDESE2 (IO) | -     |     13.477 (r) | SLOW    |      4.289 (r) | FAST    | soc_crg_clkout1 |
clk100    | ddram_cke      | OSERDESE2 (IO) | -     |     13.469 (r) | SLOW    |      4.282 (r) | FAST    | soc_crg_clkout1 |
clk100    | ddram_clk_n    | OSERDESE2 (IO) | -     |     13.539 (r) | SLOW    |      4.252 (r) | FAST    | soc_crg_clkout1 |
clk100    | ddram_clk_p    | OSERDESE2 (IO) | -     |     13.551 (r) | SLOW    |      4.264 (r) | FAST    | soc_crg_clkout1 |
clk100    | ddram_cs_n     | OSERDESE2 (IO) | -     |     13.426 (r) | SLOW    |      4.240 (r) | FAST    | soc_crg_clkout1 |
clk100    | ddram_dm[0]    | OSERDESE2 (IO) | -     |     13.491 (r) | SLOW    |      4.303 (r) | FAST    | soc_crg_clkout1 |
clk100    | ddram_dm[1]    | OSERDESE2 (IO) | -     |     13.493 (r) | SLOW    |      4.307 (r) | FAST    | soc_crg_clkout1 |
clk100    | ddram_dq[0]    | OSERDESE2 (IO) | -     |     14.348 (r) | SLOW    |      3.993 (r) | FAST    | soc_crg_clkout1 |
clk100    | ddram_dq[1]    | OSERDESE2 (IO) | -     |     14.346 (r) | SLOW    |      3.992 (r) | FAST    | soc_crg_clkout1 |
clk100    | ddram_dq[2]    | OSERDESE2 (IO) | -     |     14.349 (r) | SLOW    |      3.979 (r) | FAST    | soc_crg_clkout1 |
clk100    | ddram_dq[3]    | OSERDESE2 (IO) | -     |     14.347 (r) | SLOW    |      3.992 (r) | FAST    | soc_crg_clkout1 |
clk100    | ddram_dq[4]    | OSERDESE2 (IO) | -     |     14.346 (r) | SLOW    |      3.998 (r) | FAST    | soc_crg_clkout1 |
clk100    | ddram_dq[5]    | OSERDESE2 (IO) | -     |     14.346 (r) | SLOW    |      3.983 (r) | FAST    | soc_crg_clkout1 |
clk100    | ddram_dq[6]    | OSERDESE2 (IO) | -     |     14.347 (r) | SLOW    |      3.995 (r) | FAST    | soc_crg_clkout1 |
clk100    | ddram_dq[7]    | OSERDESE2 (IO) | -     |     14.346 (r) | SLOW    |      3.974 (r) | FAST    | soc_crg_clkout1 |
clk100    | ddram_dq[8]    | OSERDESE2 (IO) | -     |     14.332 (r) | SLOW    |      3.982 (r) | FAST    | soc_crg_clkout1 |
clk100    | ddram_dq[9]    | OSERDESE2 (IO) | -     |     14.342 (r) | SLOW    |      4.002 (r) | FAST    | soc_crg_clkout1 |
clk100    | ddram_dq[10]   | OSERDESE2 (IO) | -     |     14.335 (r) | SLOW    |      3.993 (r) | FAST    | soc_crg_clkout1 |
clk100    | ddram_dq[11]   | OSERDESE2 (IO) | -     |     14.342 (r) | SLOW    |      4.006 (r) | FAST    | soc_crg_clkout1 |
clk100    | ddram_dq[12]   | OSERDESE2 (IO) | -     |     14.335 (r) | SLOW    |      4.005 (r) | FAST    | soc_crg_clkout1 |
clk100    | ddram_dq[13]   | OSERDESE2 (IO) | -     |     14.332 (r) | SLOW    |      3.977 (r) | FAST    | soc_crg_clkout1 |
clk100    | ddram_dq[14]   | OSERDESE2 (IO) | -     |     14.343 (r) | SLOW    |      3.999 (r) | FAST    | soc_crg_clkout1 |
clk100    | ddram_dq[15]   | OSERDESE2 (IO) | -     |     14.334 (r) | SLOW    |      3.979 (r) | FAST    | soc_crg_clkout1 |
clk100    | ddram_odt      | OSERDESE2 (IO) | -     |     13.462 (r) | SLOW    |      4.275 (r) | FAST    | soc_crg_clkout1 |
clk100    | ddram_ras_n    | OSERDESE2 (IO) | -     |     13.447 (r) | SLOW    |      4.264 (r) | FAST    | soc_crg_clkout1 |
clk100    | ddram_we_n     | OSERDESE2 (IO) | -     |     13.479 (r) | SLOW    |      4.291 (r) | FAST    | soc_crg_clkout1 |
clk100    | ddram_dqs_n[0] | OSERDESE2 (IO) | -     |     16.012 (r) | SLOW    |      5.659 (r) | FAST    | soc_crg_clkout2 |
clk100    | ddram_dqs_n[1] | OSERDESE2 (IO) | -     |     16.005 (r) | SLOW    |      5.657 (r) | FAST    | soc_crg_clkout2 |
clk100    | ddram_dqs_p[0] | OSERDESE2 (IO) | -     |     16.013 (r) | SLOW    |      5.661 (r) | FAST    | soc_crg_clkout2 |
clk100    | ddram_dqs_p[1] | OSERDESE2 (IO) | -     |     16.006 (r) | SLOW    |      5.657 (r) | FAST    | soc_crg_clkout2 |
----------+----------------+----------------+-------+----------------+---------+----------------+---------+-----------------+


Setup between Clocks

-------+-------------+---------------+---------+---------------+---------+---------------+---------+---------------+---------+
Source | Destination |  Src:Rise     | Process |  Src:Rise     | Process |  Src:Fall     | Process |  Src:Fall     | Process |
Clock  | Clock       | Dest:Rise(ns) | Corner  | Dest:Fall(ns) | Corner  | Dest:Rise(ns) | Corner  | Dest:Fall(ns) | Corner  |
-------+-------------+---------------+---------+---------------+---------+---------------+---------+---------------+---------+
clk100 | clk100      |        12.962 | SLOW    |               |         |               |         |               |         |
-------+-------------+---------------+---------+---------------+---------+---------------+---------+---------------+---------+


Setup / Hold times for input bus
Clocked by: clk100
Worst Case Data Window: 7.066 ns
Ideal Clock Offset to Actual Clock: 6.309 ns
-------------------+-------------+---------+-------------+---------+-----------+-----------+---------------+
                   |             | Process |             | Process | Setup     |  Hold     | Source Offset |
Source             |   Setup(ns) | Corner  |    Hold(ns) | Corner  | Slack(ns) | Slack(ns) | to Center(ns) |
-------------------+-------------+---------+-------------+---------+-----------+-----------+---------------+
ddram_dq[0]        |  -2.872 (r) | FAST    |   9.826 (r) | SLOW    |       inf |       inf |             - |
ddram_dq[0]        |  -2.800 (f) | FAST    |   9.826 (f) | SLOW    |       inf |       inf |             - |
ddram_dq[1]        |  -2.871 (r) | FAST    |   9.824 (r) | SLOW    |       inf |       inf |             - |
ddram_dq[1]        |  -2.799 (f) | FAST    |   9.824 (f) | SLOW    |       inf |       inf |             - |
ddram_dq[2]        |  -2.888 (r) | FAST    |   9.842 (r) | SLOW    |       inf |       inf |             - |
ddram_dq[2]        |  -2.816 (f) | FAST    |   9.842 (f) | SLOW    |       inf |       inf |             - |
ddram_dq[3]        |  -2.871 (r) | FAST    |   9.825 (r) | SLOW    |       inf |       inf |             - |
ddram_dq[3]        |  -2.799 (f) | FAST    |   9.825 (f) | SLOW    |       inf |       inf |             - |
ddram_dq[4]        |  -2.865 (r) | FAST    |   9.818 (r) | SLOW    |       inf |       inf |             - |
ddram_dq[4]        |  -2.793 (f) | FAST    |   9.818 (f) | SLOW    |       inf |       inf |             - |
ddram_dq[5]        |  -2.880 (r) | FAST    |   9.832 (r) | SLOW    |       inf |       inf |             - |
ddram_dq[5]        |  -2.808 (f) | FAST    |   9.832 (f) | SLOW    |       inf |       inf |             - |
ddram_dq[6]        |  -2.868 (r) | FAST    |   9.821 (r) | SLOW    |       inf |       inf |             - |
ddram_dq[6]        |  -2.796 (f) | FAST    |   9.821 (f) | SLOW    |       inf |       inf |             - |
ddram_dq[7]        |  -2.889 (r) | FAST    |   9.842 (r) | SLOW    |       inf |       inf |             - |
ddram_dq[7]        |  -2.817 (f) | FAST    |   9.842 (f) | SLOW    |       inf |       inf |             - |
ddram_dq[8]        |  -2.866 (r) | FAST    |   9.812 (r) | SLOW    |       inf |       inf |             - |
ddram_dq[8]        |  -2.794 (f) | FAST    |   9.812 (f) | SLOW    |       inf |       inf |             - |
ddram_dq[9]        |  -2.857 (r) | FAST    |   9.808 (r) | SLOW    |       inf |       inf |             - |
ddram_dq[9]        |  -2.785 (f) | FAST    |   9.808 (f) | SLOW    |       inf |       inf |             - |
ddram_dq[10]       |  -2.859 (r) | FAST    |   9.806 (r) | SLOW    |       inf |       inf |             - |
ddram_dq[10]       |  -2.787 (f) | FAST    |   9.806 (f) | SLOW    |       inf |       inf |             - |
ddram_dq[11]       |  -2.852 (r) | FAST    |   9.803 (r) | SLOW    |       inf |       inf |             - |
ddram_dq[11]       |  -2.780 (f) | FAST    |   9.803 (f) | SLOW    |       inf |       inf |             - |
ddram_dq[12]       |  -2.848 (r) | FAST    |   9.795 (r) | SLOW    |       inf |       inf |             - |
ddram_dq[12]       |  -2.776 (f) | FAST    |   9.795 (f) | SLOW    |       inf |       inf |             - |
ddram_dq[13]       |  -2.871 (r) | FAST    |   9.817 (r) | SLOW    |       inf |       inf |             - |
ddram_dq[13]       |  -2.799 (f) | FAST    |   9.817 (f) | SLOW    |       inf |       inf |             - |
ddram_dq[14]       |  -2.859 (r) | FAST    |   9.811 (r) | SLOW    |       inf |       inf |             - |
ddram_dq[14]       |  -2.787 (f) | FAST    |   9.811 (f) | SLOW    |       inf |       inf |             - |
ddram_dq[15]       |  -2.872 (r) | FAST    |   9.819 (r) | SLOW    |       inf |       inf |             - |
ddram_dq[15]       |  -2.800 (f) | FAST    |   9.819 (f) | SLOW    |       inf |       inf |             - |
-------------------+-------------+---------+-------------+---------+-----------+-----------+---------------+
Worst Case Summary |  -2.776 (f) | FAST    |   9.842 (r) | SLOW    |       inf |       inf |             - |
-------------------+-------------+---------+-------------+---------+-----------+-----------+---------------+



Max / Min delays for output bus
Clocked by: clk100
Bus Skew: 0.032 ns
-------------------+--------------+---------+-------------+---------+----------+
                   |      Max     | Process |     Min     | Process | Edge     |
Pad                |    Delay(ns) | Corner  |   Delay(ns) | Corner  | Skew(ns) |
-------------------+--------------+---------+-------------+---------+----------+
ddram_a[0]         |   13.436 (r) | SLOW    |   4.253 (r) | FAST    |    0.000 |
ddram_a[1]         |   13.450 (r) | SLOW    |   4.270 (r) | FAST    |    0.017 |
ddram_a[2]         |   13.462 (r) | SLOW    |   4.276 (r) | FAST    |    0.026 |
ddram_a[3]         |   13.462 (r) | SLOW    |   4.277 (r) | FAST    |    0.026 |
ddram_a[4]         |   13.458 (r) | SLOW    |   4.271 (r) | FAST    |    0.022 |
ddram_a[5]         |   13.452 (r) | SLOW    |   4.273 (r) | FAST    |    0.020 |
ddram_a[6]         |   13.466 (r) | SLOW    |   4.279 (r) | FAST    |    0.031 |
ddram_a[7]         |   13.468 (r) | SLOW    |   4.280 (r) | FAST    |    0.032 |
ddram_a[8]         |   13.458 (r) | SLOW    |   4.272 (r) | FAST    |    0.022 |
ddram_a[9]         |   13.451 (r) | SLOW    |   4.272 (r) | FAST    |    0.019 |
ddram_a[10]        |   13.452 (r) | SLOW    |   4.272 (r) | FAST    |    0.020 |
ddram_a[11]        |   13.445 (r) | SLOW    |   4.259 (r) | FAST    |    0.010 |
ddram_a[12]        |   13.457 (r) | SLOW    |   4.272 (r) | FAST    |    0.022 |
-------------------+--------------+---------+-------------+---------+----------+
Worst Case Summary |   13.468 (r) | SLOW    |   4.253 (r) | FAST    |    0.032 |
-------------------+--------------+---------+-------------+---------+----------+



Max / Min delays for output bus
Clocked by: clk100
Bus Skew: 0.012 ns
-------------------+--------------+---------+-------------+---------+----------+
                   |      Max     | Process |     Min     | Process | Edge     |
Pad                |    Delay(ns) | Corner  |   Delay(ns) | Corner  | Skew(ns) |
-------------------+--------------+---------+-------------+---------+----------+
ddram_ba[0]        |   13.456 (r) | SLOW    |   4.276 (r) | FAST    |    0.008 |
ddram_ba[1]        |   13.448 (r) | SLOW    |   4.268 (r) | FAST    |    0.000 |
ddram_ba[2]        |   13.460 (r) | SLOW    |   4.276 (r) | FAST    |    0.012 |
-------------------+--------------+---------+-------------+---------+----------+
Worst Case Summary |   13.460 (r) | SLOW    |   4.268 (r) | FAST    |    0.012 |
-------------------+--------------+---------+-------------+---------+----------+



Max / Min delays for output bus
Clocked by: clk100
Bus Skew: 0.004 ns
-------------------+--------------+---------+-------------+---------+----------+
                   |      Max     | Process |     Min     | Process | Edge     |
Pad                |    Delay(ns) | Corner  |   Delay(ns) | Corner  | Skew(ns) |
-------------------+--------------+---------+-------------+---------+----------+
ddram_dm[0]        |   13.491 (r) | SLOW    |   4.303 (r) | FAST    |    0.000 |
ddram_dm[1]        |   13.493 (r) | SLOW    |   4.307 (r) | FAST    |    0.004 |
-------------------+--------------+---------+-------------+---------+----------+
Worst Case Summary |   13.493 (r) | SLOW    |   4.303 (r) | FAST    |    0.004 |
-------------------+--------------+---------+-------------+---------+----------+



Max / Min delays for output bus
Clocked by: clk100
Bus Skew: 1.188 ns
-------------------+--------------+---------+-------------+---------+----------+
                   |      Max     | Process |     Min     | Process | Edge     |
Pad                |    Delay(ns) | Corner  |   Delay(ns) | Corner  | Skew(ns) |
-------------------+--------------+---------+-------------+---------+----------+
ddram_dq[0]        |   17.570 (r) | SLOW    |   3.993 (r) | FAST    |    0.907 |
ddram_dq[1]        |   17.118 (r) | SLOW    |   3.992 (r) | FAST    |    0.455 |
ddram_dq[2]        |   17.851 (r) | SLOW    |   3.979 (r) | FAST    |    1.188 |
ddram_dq[3]        |   17.560 (r) | SLOW    |   3.992 (r) | FAST    |    0.897 |
ddram_dq[4]        |   17.131 (r) | SLOW    |   3.998 (r) | FAST    |    0.468 |
ddram_dq[5]        |   17.412 (r) | SLOW    |   3.983 (r) | FAST    |    0.749 |
ddram_dq[6]        |   17.420 (r) | SLOW    |   3.995 (r) | FAST    |    0.757 |
ddram_dq[7]        |   16.968 (r) | SLOW    |   3.974 (r) | FAST    |    0.305 |
ddram_dq[8]        |   16.664 (r) | SLOW    |   3.982 (r) | FAST    |    0.009 |
ddram_dq[9]        |   17.297 (r) | SLOW    |   4.002 (r) | FAST    |    0.634 |
ddram_dq[10]       |   17.004 (r) | SLOW    |   3.993 (r) | FAST    |    0.341 |
ddram_dq[11]       |   17.447 (r) | SLOW    |   4.006 (r) | FAST    |    0.784 |
ddram_dq[12]       |   16.854 (r) | SLOW    |   4.005 (r) | FAST    |    0.191 |
ddram_dq[13]       |   16.663 (r) | SLOW    |   3.977 (r) | FAST    |    0.004 |
ddram_dq[14]       |   17.587 (r) | SLOW    |   3.999 (r) | FAST    |    0.924 |
ddram_dq[15]       |   16.944 (r) | SLOW    |   3.979 (r) | FAST    |    0.281 |
-------------------+--------------+---------+-------------+---------+----------+
Worst Case Summary |   17.851 (r) | SLOW    |   3.974 (r) | FAST    |    1.188 |
-------------------+--------------+---------+-------------+---------+----------+



Max / Min delays for output bus
Clocked by: clk100
Bus Skew: 0.847 ns
-------------------+--------------+---------+-------------+---------+----------+
                   |      Max     | Process |     Min     | Process | Edge     |
Pad                |    Delay(ns) | Corner  |   Delay(ns) | Corner  | Skew(ns) |
-------------------+--------------+---------+-------------+---------+----------+
ddram_dqs_n[0]     |   17.806 (r) | SLOW    |   5.467 (r) | FAST    |    0.846 |
ddram_dqs_n[1]     |   16.960 (r) | SLOW    |   5.094 (r) | FAST    |    0.000 |
ddram_dqs_p[0]     |   17.807 (r) | SLOW    |   5.469 (r) | FAST    |    0.847 |
ddram_dqs_p[1]     |   16.961 (r) | SLOW    |   5.094 (r) | FAST    |    0.001 |
-------------------+--------------+---------+-------------+---------+----------+
Worst Case Summary |   17.807 (r) | SLOW    |   5.094 (r) | FAST    |    0.847 |
-------------------+--------------+---------+-------------+---------+----------+




