Copyright 1986-2022 Xilinx, Inc. All Rights Reserved. Copyright 2022-2024 Advanced Micro Devices, Inc. All Rights Reserved.
---------------------------------------------------------------------------------------------------------------------------------------------
| Tool Version : Vivado v.2024.1 (lin64) Build 5076996 Wed May 22 18:36:09 MDT 2024
| Date         : Wed Oct  7 09:35:43 2026
| Host         : LAPTOP-CSM08B9Q running 64-bit Ubuntu 26.04 LTS
| Command      : report_timing_summary -datasheet -max_paths 10 -file digilent_nexys4ddr_timing.rpt
| Design       : digilent_nexys4ddr
| Device       : 7a100t-csg324
| Speed File   : -1  PRODUCTION 1.23 2018-06-13
| Design State : Physopt postRoute
---------------------------------------------------------------------------------------------------------------------------------------------

Timing Summary Report

------------------------------------------------------------------------------------------------
| Timer Settings
| --------------
------------------------------------------------------------------------------------------------

  Enable Multi Corner Analysis               :  Yes
  Enable Pessimism Removal                   :  Yes
  Pessimism Removal Resolution               :  Nearest Common Node
  Enable Input Delay Default Clock           :  No
  Enable Preset / Clear Arcs                 :  No
  Disable Flight Delays                      :  No
  Ignore I/O Paths                           :  No
  Timing Early Launch at Borrowing Latches   :  No
  Borrow Time for Max Delay Exceptions       :  Yes
  Merge Timing Exceptions                    :  Yes
  Inter-SLR Compensation                     :  Conservative

  Corner  Analyze    Analyze    
  Name    Max Paths  Min Paths  
  ------  ---------  ---------  
  Slow    Yes        Yes        
  Fast    Yes        Yes        


------------------------------------------------------------------------------------------------
| Report Methodology
| ------------------
------------------------------------------------------------------------------------------------

No report available as report_methodology has not been run prior. Run report_methodology on the current design for the summary of methodology violations.



check_timing report

Table of Contents
-----------------
1. checking no_clock (0)
2. checking constant_clock (0)
3. checking pulse_width_clock (0)
4. checking unconstrained_internal_endpoints (0)
5. checking no_input_delay (18)
6. checking no_output_delay (60)
7. checking multiple_clock (0)
8. checking generated_clocks (0)
9. checking loops (0)
10. checking partial_input_delay (0)
11. checking partial_output_delay (0)
12. checking latch_loops (0)

1. checking no_clock (0)
------------------------
 There are 0 register/latch pins with no clock.


2. checking constant_clock (0)
------------------------------
 There are 0 register/latch pins with constant_clock.


3. checking pulse_width_clock (0)
---------------------------------
 There are 0 register/latch pins which need pulse_width check


4. checking unconstrained_internal_endpoints (0)
------------------------------------------------
 There are 0 pins that are not constrained for maximum delay.

 There are 0 pins that are not constrained for maximum delay due to constant clock.


5. checking no_input_delay (18)
-------------------------------
 There are 18 input ports with no input delay specified. (HIGH)

 There are 0 input ports with no input delay but user has a false path constraint.


6. checking no_output_delay (60)
--------------------------------
 There are 60 ports with no output delay specified. (HIGH)

 There are 0 ports with no output delay but user has a false path constraint

 There are 0 ports with no output delay but with a timing clock defined on it or propagating through it


7. checking multiple_clock (0)
------------------------------
 There are 0 register/latch pins with multiple clocks.


8. checking generated_clocks (0)
--------------------------------
 There are 0 generated clocks that are not connected to a clock source.


9. checking loops (0)
---------------------
 There are 0 combinational loops in the design.


10. checking partial_input_delay (0)
------------------------------------
 There are 0 input ports with partial input delay specified.


11. checking partial_output_delay (0)
-------------------------------------
 There are 0 ports with partial output delay specified.


12. checking latch_loops (0)
----------------------------
 There are 0 combinational latch loops in the design through latch input



------------------------------------------------------------------------------------------------
| Design Timing Summary
| ---------------------
------------------------------------------------------------------------------------------------

    WNS(ns)      TNS(ns)  TNS Failing Endpoints  TNS Total Endpoints      WHS(ns)      THS(ns)  THS Failing Endpoints  THS Total Endpoints     WPWS(ns)     TPWS(ns)  TPWS Failing Endpoints  TPWS Total Endpoints  
    -------      -------  ---------------------  -------------------      -------      -------  ---------------------  -------------------     --------     --------  ----------------------  --------------------  
      0.322        0.000                      0                15694        0.048        0.000                      0                15694        0.264        0.000                       0                  5610  


All user specified timing constraints are met.


------------------------------------------------------------------------------------------------
| Clock Summary
| -------------
------------------------------------------------------------------------------------------------

Clock                          Waveform(ns)         Period(ns)      Frequency(MHz)
-----                          ------------         ----------      --------------
clk100                         {0.000 5.000}        10.000          100.000         
  soc_builder_basesoc_mmcm_fb  {0.000 5.000}        10.000          100.000         
  soc_crg_clkout0              {0.000 6.667}        13.333          75.000          
  soc_crg_clkout1              {0.000 3.333}        6.667           150.000         
  soc_crg_clkout2              {1.667 5.000}        6.667           150.000         
  soc_crg_clkout3              {0.000 2.500}        5.000           200.000         


------------------------------------------------------------------------------------------------
| Intra Clock Table
| -----------------
------------------------------------------------------------------------------------------------

Clock                              WNS(ns)      TNS(ns)  TNS Failing Endpoints  TNS Total Endpoints      WHS(ns)      THS(ns)  THS Failing Endpoints  THS Total Endpoints     WPWS(ns)     TPWS(ns)  TPWS Failing Endpoints  TPWS Total Endpoints  
-----                              -------      -------  ---------------------  -------------------      -------      -------  ---------------------  -------------------     --------     --------  ----------------------  --------------------  
clk100                               7.960        0.000                      0                    7        0.449        0.000                      0                    7        3.000        0.000                       0                    10  
  soc_builder_basesoc_mmcm_fb                                                                                                                                                    8.751        0.000                       0                     2  
  soc_crg_clkout0                    0.322        0.000                      0                15673        0.048        0.000                      0                15673        5.417        0.000                       0                  5509  
  soc_crg_clkout1                                                                                                                                                                4.511        0.000                       0                    75  
  soc_crg_clkout2                                                                                                                                                                4.511        0.000                       0                     4  
  soc_crg_clkout3                    1.215        0.000                      0                   14        0.160        0.000                      0                   14        0.264        0.000                       0                    10  


------------------------------------------------------------------------------------------------
| Inter Clock Table
| -----------------
------------------------------------------------------------------------------------------------

From Clock    To Clock          WNS(ns)      TNS(ns)  TNS Failing Endpoints  TNS Total Endpoints      WHS(ns)      THS(ns)  THS Failing Endpoints  THS Total Endpoints  
----------    --------          -------      -------  ---------------------  -------------------      -------      -------  ---------------------  -------------------  


------------------------------------------------------------------------------------------------
| Other Path Groups Table
| -----------------------
------------------------------------------------------------------------------------------------

Path Group    From Clock    To Clock          WNS(ns)      TNS(ns)  TNS Failing Endpoints  TNS Total Endpoints      WHS(ns)      THS(ns)  THS Failing Endpoints  THS Total Endpoints  
----------    ----------    --------          -------      -------  ---------------------  -------------------      -------      -------  ---------------------  -------------------  


------------------------------------------------------------------------------------------------
| Timing Details
| --------------
------------------------------------------------------------------------------------------------


---------------------------------------------------------------------------------------------------
From Clock:  clk100
  To Clock:  clk100

Setup :            0  Failing Endpoints,  Worst Slack        7.960ns,  Total Violation        0.000ns
Hold  :            0  Failing Endpoints,  Worst Slack        0.449ns,  Total Violation        0.000ns
PW    :            0  Failing Endpoints,  Worst Slack        3.000ns,  Total Violation        0.000ns
---------------------------------------------------------------------------------------------------


Max Delay Paths
--------------------------------------------------------------------------------------
Slack (MET) :             7.960ns  (required time - arrival time)
  Source:                 FDCE/C
                            (rising edge-triggered cell FDCE clocked by clk100  {rise@0.000ns fall@5.000ns period=10.000ns})
  Destination:            FDCE_1/D
                            (rising edge-triggered cell FDCE clocked by clk100  {rise@0.000ns fall@5.000ns period=10.000ns})
  Path Group:             clk100
  Path Type:              Setup (Max at Slow Process Corner)
  Requirement:            10.000ns  (clk100 rise@10.000ns - clk100 rise@0.000ns)
  Data Path Delay:        1.408ns  (logic 0.518ns (36.799%)  route 0.890ns (63.201%))
  Logic Levels:           0  
  Clock Path Skew:        -0.530ns (DCD - SCD + CPR)
    Destination Clock Delay (DCD):    8.088ns = ( 18.088 - 10.000 ) 
    Source Clock Delay      (SCD):    9.299ns
    Clock Pessimism Removal (CPR):    0.680ns
  Clock Uncertainty:      0.035ns  ((TSJ^2 + TIJ^2)^1/2 + DJ) / 2 + PE
    Total System Jitter     (TSJ):    0.071ns
    Total Input Jitter      (TIJ):    0.000ns
    Discrete Jitter          (DJ):    0.000ns
    Phase Error              (PE):    0.000ns

    Location             Delay type                Incr(ns)  Path(ns)    Netlist Resource(s)
  -------------------------------------------------------------------    -------------------
                         (clock clk100 rise edge)     0.000     0.000 r  
    E3                                                0.000     0.000 r  clk100 (IN)
                         net (fo=0)                   0.000     0.000    clk100
    E3                   IBUF (Prop_ibuf_I_O)         1.482     1.482 r  clk100_IBUF_inst/O
                         net (fo=1, routed)           2.025     3.506    clk100_IBUF
    BUFGCTRL_X0Y16       BUFG (Prop_bufg_I_O)         0.096     3.602 r  clk100_IBUF_BUFG_inst/O
                         net (fo=1, routed)           2.549     6.151    clk100_IBUF_BUFG
    SLICE_X1Y14          LUT1 (Prop_lut1_I0_O)        0.124     6.275 r  clk100_inst/O
                         net (fo=9, routed)           3.023     9.299    soc_crg_clkin
    SLICE_X76Y55         FDCE                                         r  FDCE/C
  -------------------------------------------------------------------    -------------------
    SLICE_X76Y55         FDCE (Prop_fdce_C_Q)         0.518     9.817 r  FDCE/Q
                         net (fo=1, routed)           0.890    10.706    soc_builder_basesoc_reset0
    SLICE_X77Y39         FDCE                                         r  FDCE_1/D
  -------------------------------------------------------------------    -------------------

                         (clock clk100 rise edge)    10.000    10.000 r  
    E3                                                0.000    10.000 r  clk100 (IN)
                         net (fo=0)                   0.000    10.000    clk100
    E3                   IBUF (Prop_ibuf_I_O)         1.411    11.411 r  clk100_IBUF_inst/O
                         net (fo=1, routed)           1.920    13.331    clk100_IBUF
    BUFGCTRL_X0Y16       BUFG (Prop_bufg_I_O)         0.091    13.422 r  clk100_IBUF_BUFG_inst/O
                         net (fo=1, routed)           2.291    15.713    clk100_IBUF_BUFG
    SLICE_X1Y14          LUT1 (Prop_lut1_I0_O)        0.100    15.813 r  clk100_inst/O
                         net (fo=9, routed)           2.275    18.088    soc_crg_clkin
    SLICE_X77Y39         FDCE                                         r  FDCE_1/C
                         clock pessimism              0.680    18.768    
                         clock uncertainty           -0.035    18.733    
    SLICE_X77Y39         FDCE (Setup_fdce_C_D)       -0.067    18.666    FDCE_1
  -------------------------------------------------------------------
                         required time                         18.666    
                         arrival time                         -10.706    
  -------------------------------------------------------------------
                         slack                                  7.960    

Slack (MET) :             8.107ns  (required time - arrival time)
  Source:                 FDCE_4/C
                            (rising edge-triggered cell FDCE clocked by clk100  {rise@0.000ns fall@5.000ns period=10.000ns})
  Destination:            FDCE_5/D
                            (rising edge-triggered cell FDCE clocked by clk100  {rise@0.000ns fall@5.000ns period=10.000ns})
  Path Group:             clk100
  Path Type:              Setup (Max at Slow Process Corner)
  Requirement:            10.000ns  (clk100 rise@10.000ns - clk100 rise@0.000ns)
  Data Path Delay:        1.812ns  (logic 0.518ns (28.584%)  route 1.294ns (71.416%))
  Logic Levels:           0  
  Clock Path Skew:        0.000ns (DCD - SCD + CPR)
    Destination Clock Delay (DCD):    8.088ns = ( 18.088 - 10.000 ) 
    Source Clock Delay      (SCD):    8.951ns
    Clock Pessimism Removal (CPR):    0.863ns
  Clock Uncertainty:      0.035ns  ((TSJ^2 + TIJ^2)^1/2 + DJ) / 2 + PE
    Total System Jitter     (TSJ):    0.071ns
    Total Input Jitter      (TIJ):    0.000ns
    Discrete Jitter          (DJ):    0.000ns
    Phase Error              (PE):    0.000ns

    Location             Delay type                Incr(ns)  Path(ns)    Netlist Resource(s)
  -------------------------------------------------------------------    -------------------
                         (clock clk100 rise edge)     0.000     0.000 r  
    E3                                                0.000     0.000 r  clk100 (IN)
                         net (fo=0)                   0.000     0.000    clk100
    E3                   IBUF (Prop_ibuf_I_O)         1.482     1.482 r  clk100_IBUF_inst/O
                         net (fo=1, routed)           2.025     3.506    clk100_IBUF
    BUFGCTRL_X0Y16       BUFG (Prop_bufg_I_O)         0.096     3.602 r  clk100_IBUF_BUFG_inst/O
                         net (fo=1, routed)           2.549     6.151    clk100_IBUF_BUFG
    SLICE_X1Y14          LUT1 (Prop_lut1_I0_O)        0.124     6.275 r  clk100_inst/O
                         net (fo=9, routed)           2.676     8.951    soc_crg_clkin
    SLICE_X76Y39         FDCE                                         r  FDCE_4/C
  -------------------------------------------------------------------    -------------------
    SLICE_X76Y39         FDCE (Prop_fdce_C_Q)         0.518     9.469 r  FDCE_4/Q
                         net (fo=1, routed)           1.294    10.764    soc_builder_basesoc_reset4
    SLICE_X76Y39         FDCE                                         r  FDCE_5/D
  -------------------------------------------------------------------    -------------------

                         (clock clk100 rise edge)    10.000    10.000 r  
    E3                                                0.000    10.000 r  clk100 (IN)
                         net (fo=0)                   0.000    10.000    clk100
    E3                   IBUF (Prop_ibuf_I_O)         1.411    11.411 r  clk100_IBUF_inst/O
                         net (fo=1, routed)           1.920    13.331    clk100_IBUF
    BUFGCTRL_X0Y16       BUFG (Prop_bufg_I_O)         0.091    13.422 r  clk100_IBUF_BUFG_inst/O
                         net (fo=1, routed)           2.291    15.713    clk100_IBUF_BUFG
    SLICE_X1Y14          LUT1 (Prop_lut1_I0_O)        0.100    15.813 r  clk100_inst/O
                         net (fo=9, routed)           2.275    18.088    soc_crg_clkin
    SLICE_X76Y39         FDCE                                         r  FDCE_5/C
                         clock pessimism              0.863    18.951    
                         clock uncertainty           -0.035    18.916    
    SLICE_X76Y39         FDCE (Setup_fdce_C_D)       -0.045    18.871    FDCE_5
  -------------------------------------------------------------------
                         required time                         18.871    
                         arrival time                         -10.764    
  -------------------------------------------------------------------
                         slack                                  8.107    

Slack (MET) :             8.236ns  (required time - arrival time)
  Source:                 FDCE_2/C
                            (rising edge-triggered cell FDCE clocked by clk100  {rise@0.000ns fall@5.000ns period=10.000ns})
  Destination:            FDCE_3/D
                            (rising edge-triggered cell FDCE clocked by clk100  {rise@0.000ns fall@5.000ns period=10.000ns})
  Path Group:             clk100
  Path Type:              Setup (Max at Slow Process Corner)
  Requirement:            10.000ns  (clk100 rise@10.000ns - clk100 rise@0.000ns)
  Data Path Delay:        1.668ns  (logic 0.456ns (27.340%)  route 1.212ns (72.661%))
  Logic Levels:           0  
  Clock Path Skew:        0.000ns (DCD - SCD + CPR)
    Destination Clock Delay (DCD):    8.088ns = ( 18.088 - 10.000 ) 
    Source Clock Delay      (SCD):    8.951ns
    Clock Pessimism Removal (CPR):    0.863ns
  Clock Uncertainty:      0.035ns  ((TSJ^2 + TIJ^2)^1/2 + DJ) / 2 + PE
    Total System Jitter     (TSJ):    0.071ns
    Total Input Jitter      (TIJ):    0.000ns
    Discrete Jitter          (DJ):    0.000ns
    Phase Error              (PE):    0.000ns

    Location             Delay type                Incr(ns)  Path(ns)    Netlist Resource(s)
  -------------------------------------------------------------------    -------------------
                         (clock clk100 rise edge)     0.000     0.000 r  
    E3                                                0.000     0.000 r  clk100 (IN)
                         net (fo=0)                   0.000     0.000    clk100
    E3                   IBUF (Prop_ibuf_I_O)         1.482     1.482 r  clk100_IBUF_inst/O
                         net (fo=1, routed)           2.025     3.506    clk100_IBUF
    BUFGCTRL_X0Y16       BUFG (Prop_bufg_I_O)         0.096     3.602 r  clk100_IBUF_BUFG_inst/O
                         net (fo=1, routed)           2.549     6.151    clk100_IBUF_BUFG
    SLICE_X1Y14          LUT1 (Prop_lut1_I0_O)        0.124     6.275 r  clk100_inst/O
                         net (fo=9, routed)           2.676     8.951    soc_crg_clkin
    SLICE_X77Y39         FDCE                                         r  FDCE_2/C
  -------------------------------------------------------------------    -------------------
    SLICE_X77Y39         FDCE (Prop_fdce_C_Q)         0.456     9.407 r  FDCE_2/Q
                         net (fo=1, routed)           1.212    10.619    soc_builder_basesoc_reset2
    SLICE_X77Y39         FDCE                                         r  FDCE_3/D
  -------------------------------------------------------------------    -------------------

                         (clock clk100 rise edge)    10.000    10.000 r  
    E3                                                0.000    10.000 r  clk100 (IN)
                         net (fo=0)                   0.000    10.000    clk100
    E3                   IBUF (Prop_ibuf_I_O)         1.411    11.411 r  clk100_IBUF_inst/O
                         net (fo=1, routed)           1.920    13.331    clk100_IBUF
    BUFGCTRL_X0Y16       BUFG (Prop_bufg_I_O)         0.091    13.422 r  clk100_IBUF_BUFG_inst/O
                         net (fo=1, routed)           2.291    15.713    clk100_IBUF_BUFG
    SLICE_X1Y14          LUT1 (Prop_lut1_I0_O)        0.100    15.813 r  clk100_inst/O
                         net (fo=9, routed)           2.275    18.088    soc_crg_clkin
    SLICE_X77Y39         FDCE                                         r  FDCE_3/C
                         clock pessimism              0.863    18.951    
                         clock uncertainty           -0.035    18.916    
    SLICE_X77Y39         FDCE (Setup_fdce_C_D)       -0.061    18.855    FDCE_3
  -------------------------------------------------------------------
                         required time                         18.855    
                         arrival time                         -10.619    
  -------------------------------------------------------------------
                         slack                                  8.236    

Slack (MET) :             8.237ns  (required time - arrival time)
  Source:                 FDCE_1/C
                            (rising edge-triggered cell FDCE clocked by clk100  {rise@0.000ns fall@5.000ns period=10.000ns})
  Destination:            FDCE_2/D
                            (rising edge-triggered cell FDCE clocked by clk100  {rise@0.000ns fall@5.000ns period=10.000ns})
  Path Group:             clk100
  Path Type:              Setup (Max at Slow Process Corner)
  Requirement:            10.000ns  (clk100 rise@10.000ns - clk100 rise@0.000ns)
  Data Path Delay:        1.647ns  (logic 0.456ns (27.692%)  route 1.191ns (72.308%))
  Logic Levels:           0  
  Clock Path Skew:        0.000ns (DCD - SCD + CPR)
    Destination Clock Delay (DCD):    8.088ns = ( 18.088 - 10.000 ) 
    Source Clock Delay      (SCD):    8.951ns
    Clock Pessimism Removal (CPR):    0.863ns
  Clock Uncertainty:      0.035ns  ((TSJ^2 + TIJ^2)^1/2 + DJ) / 2 + PE
    Total System Jitter     (TSJ):    0.071ns
    Total Input Jitter      (TIJ):    0.000ns
    Discrete Jitter          (DJ):    0.000ns
    Phase Error              (PE):    0.000ns

    Location             Delay type                Incr(ns)  Path(ns)    Netlist Resource(s)
  -------------------------------------------------------------------    -------------------
                         (clock clk100 rise edge)     0.000     0.000 r  
    E3                                                0.000     0.000 r  clk100 (IN)
                         net (fo=0)                   0.000     0.000    clk100
    E3                   IBUF (Prop_ibuf_I_O)         1.482     1.482 r  clk100_IBUF_inst/O
                         net (fo=1, routed)           2.025     3.506    clk100_IBUF
    BUFGCTRL_X0Y16       BUFG (Prop_bufg_I_O)         0.096     3.602 r  clk100_IBUF_BUFG_inst/O
                         net (fo=1, routed)           2.549     6.151    clk100_IBUF_BUFG
    SLICE_X1Y14          LUT1 (Prop_lut1_I0_O)        0.124     6.275 r  clk100_inst/O
                         net (fo=9, routed)           2.676     8.951    soc_crg_clkin
    SLICE_X77Y39         FDCE                                         r  FDCE_1/C
  -------------------------------------------------------------------    -------------------
    SLICE_X77Y39         FDCE (Prop_fdce_C_Q)         0.456     9.407 r  FDCE_1/Q
                         net (fo=1, routed)           1.191    10.598    soc_builder_basesoc_reset1
    SLICE_X77Y39         FDCE                                         r  FDCE_2/D
  -------------------------------------------------------------------    -------------------

                         (clock clk100 rise edge)    10.000    10.000 r  
    E3                                                0.000    10.000 r  clk100 (IN)
                         net (fo=0)                   0.000    10.000    clk100
    E3                   IBUF (Prop_ibuf_I_O)         1.411    11.411 r  clk100_IBUF_inst/O
                         net (fo=1, routed)           1.920    13.331    clk100_IBUF
    BUFGCTRL_X0Y16       BUFG (Prop_bufg_I_O)         0.091    13.422 r  clk100_IBUF_BUFG_inst/O
                         net (fo=1, routed)           2.291    15.713    clk100_IBUF_BUFG
    SLICE_X1Y14          LUT1 (Prop_lut1_I0_O)        0.100    15.813 r  clk100_inst/O
                         net (fo=9, routed)           2.275    18.088    soc_crg_clkin
    SLICE_X77Y39         FDCE                                         r  FDCE_2/C
                         clock pessimism              0.863    18.951    
                         clock uncertainty           -0.035    18.916    
    SLICE_X77Y39         FDCE (Setup_fdce_C_D)       -0.081    18.835    FDCE_2
  -------------------------------------------------------------------
                         required time                         18.835    
                         arrival time                         -10.598    
  -------------------------------------------------------------------
                         slack                                  8.237    

Slack (MET) :             8.358ns  (required time - arrival time)
  Source:                 FDCE_5/C
                            (rising edge-triggered cell FDCE clocked by clk100  {rise@0.000ns fall@5.000ns period=10.000ns})
  Destination:            FDCE_6/D
                            (rising edge-triggered cell FDCE clocked by clk100  {rise@0.000ns fall@5.000ns period=10.000ns})
  Path Group:             clk100
  Path Type:              Setup (Max at Slow Process Corner)
  Requirement:            10.000ns  (clk100 rise@10.000ns - clk100 rise@0.000ns)
  Data Path Delay:        1.579ns  (logic 0.518ns (32.811%)  route 1.061ns (67.189%))
  Logic Levels:           0  
  Clock Path Skew:        0.000ns (DCD - SCD + CPR)
    Destination Clock Delay (DCD):    8.088ns = ( 18.088 - 10.000 ) 
    Source Clock Delay      (SCD):    8.951ns
    Clock Pessimism Removal (CPR):    0.863ns
  Clock Uncertainty:      0.035ns  ((TSJ^2 + TIJ^2)^1/2 + DJ) / 2 + PE
    Total System Jitter     (TSJ):    0.071ns
    Total Input Jitter      (TIJ):    0.000ns
    Discrete Jitter          (DJ):    0.000ns
    Phase Error              (PE):    0.000ns

    Location             Delay type                Incr(ns)  Path(ns)    Netlist Resource(s)
  -------------------------------------------------------------------    -------------------
                         (clock clk100 rise edge)     0.000     0.000 r  
    E3                                                0.000     0.000 r  clk100 (IN)
                         net (fo=0)                   0.000     0.000    clk100
    E3                   IBUF (Prop_ibuf_I_O)         1.482     1.482 r  clk100_IBUF_inst/O
                         net (fo=1, routed)           2.025     3.506    clk100_IBUF
    BUFGCTRL_X0Y16       BUFG (Prop_bufg_I_O)         0.096     3.602 r  clk100_IBUF_BUFG_inst/O
                         net (fo=1, routed)           2.549     6.151    clk100_IBUF_BUFG
    SLICE_X1Y14          LUT1 (Prop_lut1_I0_O)        0.124     6.275 r  clk100_inst/O
                         net (fo=9, routed)           2.676     8.951    soc_crg_clkin
    SLICE_X76Y39         FDCE                                         r  FDCE_5/C
  -------------------------------------------------------------------    -------------------
    SLICE_X76Y39         FDCE (Prop_fdce_C_Q)         0.518     9.469 r  FDCE_5/Q
                         net (fo=1, routed)           1.061    10.530    soc_builder_basesoc_reset5
    SLICE_X76Y39         FDCE                                         r  FDCE_6/D
  -------------------------------------------------------------------    -------------------

                         (clock clk100 rise edge)    10.000    10.000 r  
    E3                                                0.000    10.000 r  clk100 (IN)
                         net (fo=0)                   0.000    10.000    clk100
    E3                   IBUF (Prop_ibuf_I_O)         1.411    11.411 r  clk100_IBUF_inst/O
                         net (fo=1, routed)           1.920    13.331    clk100_IBUF
    BUFGCTRL_X0Y16       BUFG (Prop_bufg_I_O)         0.091    13.422 r  clk100_IBUF_BUFG_inst/O
                         net (fo=1, routed)           2.291    15.713    clk100_IBUF_BUFG
    SLICE_X1Y14          LUT1 (Prop_lut1_I0_O)        0.100    15.813 r  clk100_inst/O
                         net (fo=9, routed)           2.275    18.088    soc_crg_clkin
    SLICE_X76Y39         FDCE                                         r  FDCE_6/C
                         clock pessimism              0.863    18.951    
                         clock uncertainty           -0.035    18.916    
    SLICE_X76Y39         FDCE (Setup_fdce_C_D)       -0.028    18.888    FDCE_6
  -------------------------------------------------------------------
                         required time                         18.888    
                         arrival time                         -10.530    
  -------------------------------------------------------------------
                         slack                                  8.358    

Slack (MET) :             8.481ns  (required time - arrival time)
  Source:                 FDCE_3/C
                            (rising edge-triggered cell FDCE clocked by clk100  {rise@0.000ns fall@5.000ns period=10.000ns})
  Destination:            FDCE_4/D
                            (rising edge-triggered cell FDCE clocked by clk100  {rise@0.000ns fall@5.000ns period=10.000ns})
  Path Group:             clk100
  Path Type:              Setup (Max at Slow Process Corner)
  Requirement:            10.000ns  (clk100 rise@10.000ns - clk100 rise@0.000ns)
  Data Path Delay:        1.430ns  (logic 0.456ns (31.884%)  route 0.974ns (68.116%))
  Logic Levels:           0  
  Clock Path Skew:        -0.022ns (DCD - SCD + CPR)
    Destination Clock Delay (DCD):    8.088ns = ( 18.088 - 10.000 ) 
    Source Clock Delay      (SCD):    8.951ns
    Clock Pessimism Removal (CPR):    0.841ns
  Clock Uncertainty:      0.035ns  ((TSJ^2 + TIJ^2)^1/2 + DJ) / 2 + PE
    Total System Jitter     (TSJ):    0.071ns
    Total Input Jitter      (TIJ):    0.000ns
    Discrete Jitter          (DJ):    0.000ns
    Phase Error              (PE):    0.000ns

    Location             Delay type                Incr(ns)  Path(ns)    Netlist Resource(s)
  -------------------------------------------------------------------    -------------------
                         (clock clk100 rise edge)     0.000     0.000 r  
    E3                                                0.000     0.000 r  clk100 (IN)
                         net (fo=0)                   0.000     0.000    clk100
    E3                   IBUF (Prop_ibuf_I_O)         1.482     1.482 r  clk100_IBUF_inst/O
                         net (fo=1, routed)           2.025     3.506    clk100_IBUF
    BUFGCTRL_X0Y16       BUFG (Prop_bufg_I_O)         0.096     3.602 r  clk100_IBUF_BUFG_inst/O
                         net (fo=1, routed)           2.549     6.151    clk100_IBUF_BUFG
    SLICE_X1Y14          LUT1 (Prop_lut1_I0_O)        0.124     6.275 r  clk100_inst/O
                         net (fo=9, routed)           2.676     8.951    soc_crg_clkin
    SLICE_X77Y39         FDCE                                         r  FDCE_3/C
  -------------------------------------------------------------------    -------------------
    SLICE_X77Y39         FDCE (Prop_fdce_C_Q)         0.456     9.407 r  FDCE_3/Q
                         net (fo=1, routed)           0.974    10.382    soc_builder_basesoc_reset3
    SLICE_X76Y39         FDCE                                         r  FDCE_4/D
  -------------------------------------------------------------------    -------------------

                         (clock clk100 rise edge)    10.000    10.000 r  
    E3                                                0.000    10.000 r  clk100 (IN)
                         net (fo=0)                   0.000    10.000    clk100
    E3                   IBUF (Prop_ibuf_I_O)         1.411    11.411 r  clk100_IBUF_inst/O
                         net (fo=1, routed)           1.920    13.331    clk100_IBUF
    BUFGCTRL_X0Y16       BUFG (Prop_bufg_I_O)         0.091    13.422 r  clk100_IBUF_BUFG_inst/O
                         net (fo=1, routed)           2.291    15.713    clk100_IBUF_BUFG
    SLICE_X1Y14          LUT1 (Prop_lut1_I0_O)        0.100    15.813 r  clk100_inst/O
                         net (fo=9, routed)           2.275    18.088    soc_crg_clkin
    SLICE_X76Y39         FDCE                                         r  FDCE_4/C
                         clock pessimism              0.841    18.929    
                         clock uncertainty           -0.035    18.894    
    SLICE_X76Y39         FDCE (Setup_fdce_C_D)       -0.031    18.863    FDCE_4
  -------------------------------------------------------------------
                         required time                         18.863    
                         arrival time                         -10.382    
  -------------------------------------------------------------------
                         slack                                  8.481    

Slack (MET) :             8.493ns  (required time - arrival time)
  Source:                 FDCE_6/C
                            (rising edge-triggered cell FDCE clocked by clk100  {rise@0.000ns fall@5.000ns period=10.000ns})
  Destination:            FDCE_7/D
                            (rising edge-triggered cell FDCE clocked by clk100  {rise@0.000ns fall@5.000ns period=10.000ns})
  Path Group:             clk100
  Path Type:              Setup (Max at Slow Process Corner)
  Requirement:            10.000ns  (clk100 rise@10.000ns - clk100 rise@0.000ns)
  Data Path Delay:        1.444ns  (logic 0.518ns (35.872%)  route 0.926ns (64.128%))
  Logic Levels:           0  
  Clock Path Skew:        0.000ns (DCD - SCD + CPR)
    Destination Clock Delay (DCD):    8.088ns = ( 18.088 - 10.000 ) 
    Source Clock Delay      (SCD):    8.951ns
    Clock Pessimism Removal (CPR):    0.863ns
  Clock Uncertainty:      0.035ns  ((TSJ^2 + TIJ^2)^1/2 + DJ) / 2 + PE
    Total System Jitter     (TSJ):    0.071ns
    Total Input Jitter      (TIJ):    0.000ns
    Discrete Jitter          (DJ):    0.000ns
    Phase Error              (PE):    0.000ns

    Location             Delay type                Incr(ns)  Path(ns)    Netlist Resource(s)
  -------------------------------------------------------------------    -------------------
                         (clock clk100 rise edge)     0.000     0.000 r  
    E3                                                0.000     0.000 r  clk100 (IN)
                         net (fo=0)                   0.000     0.000    clk100
    E3                   IBUF (Prop_ibuf_I_O)         1.482     1.482 r  clk100_IBUF_inst/O
                         net (fo=1, routed)           2.025     3.506    clk100_IBUF
    BUFGCTRL_X0Y16       BUFG (Prop_bufg_I_O)         0.096     3.602 r  clk100_IBUF_BUFG_inst/O
                         net (fo=1, routed)           2.549     6.151    clk100_IBUF_BUFG
    SLICE_X1Y14          LUT1 (Prop_lut1_I0_O)        0.124     6.275 r  clk100_inst/O
                         net (fo=9, routed)           2.676     8.951    soc_crg_clkin
    SLICE_X76Y39         FDCE                                         r  FDCE_6/C
  -------------------------------------------------------------------    -------------------
    SLICE_X76Y39         FDCE (Prop_fdce_C_Q)         0.518     9.469 r  FDCE_6/Q
                         net (fo=1, routed)           0.926    10.395    soc_builder_basesoc_reset6
    SLICE_X76Y39         FDCE                                         r  FDCE_7/D
  -------------------------------------------------------------------    -------------------

                         (clock clk100 rise edge)    10.000    10.000 r  
    E3                                                0.000    10.000 r  clk100 (IN)
                         net (fo=0)                   0.000    10.000    clk100
    E3                   IBUF (Prop_ibuf_I_O)         1.411    11.411 r  clk100_IBUF_inst/O
                         net (fo=1, routed)           1.920    13.331    clk100_IBUF
    BUFGCTRL_X0Y16       BUFG (Prop_bufg_I_O)         0.091    13.422 r  clk100_IBUF_BUFG_inst/O
                         net (fo=1, routed)           2.291    15.713    clk100_IBUF_BUFG
    SLICE_X1Y14          LUT1 (Prop_lut1_I0_O)        0.100    15.813 r  clk100_inst/O
                         net (fo=9, routed)           2.275    18.088    soc_crg_clkin
    SLICE_X76Y39         FDCE                                         r  FDCE_7/C
                         clock pessimism              0.863    18.951    
                         clock uncertainty           -0.035    18.916    
    SLICE_X76Y39         FDCE (Setup_fdce_C_D)       -0.028    18.888    FDCE_7
  -------------------------------------------------------------------
                         required time                         18.888    
                         arrival time                         -10.395    
  -------------------------------------------------------------------
                         slack                                  8.493    





Min Delay Paths
--------------------------------------------------------------------------------------
Slack (MET) :             0.449ns  (arrival time - required time)
  Source:                 FDCE_3/C
                            (rising edge-triggered cell FDCE clocked by clk100  {rise@0.000ns fall@5.000ns period=10.000ns})
  Destination:            FDCE_4/D
                            (rising edge-triggered cell FDCE clocked by clk100  {rise@0.000ns fall@5.000ns period=10.000ns})
  Path Group:             clk100
  Path Type:              Hold (Min at Fast Process Corner)
  Requirement:            0.000ns  (clk100 rise@0.000ns - clk100 rise@0.000ns)
  Data Path Delay:        0.521ns  (logic 0.141ns (27.053%)  route 0.380ns (72.947%))
  Logic Levels:           0  
  Clock Path Skew:        0.013ns (DCD - SCD - CPR)
    Destination Clock Delay (DCD):    3.768ns
    Source Clock Delay      (SCD):    3.004ns
    Clock Pessimism Removal (CPR):    0.751ns

    Location             Delay type                Incr(ns)  Path(ns)    Netlist Resource(s)
  -------------------------------------------------------------------    -------------------
                         (clock clk100 rise edge)     0.000     0.000 r  
    E3                                                0.000     0.000 r  clk100 (IN)
                         net (fo=0)                   0.000     0.000    clk100
    E3                   IBUF (Prop_ibuf_I_O)         0.250     0.250 r  clk100_IBUF_inst/O
                         net (fo=1, routed)           0.644     0.894    clk100_IBUF
    BUFGCTRL_X0Y16       BUFG (Prop_bufg_I_O)         0.026     0.920 r  clk100_IBUF_BUFG_inst/O
                         net (fo=1, routed)           0.889     1.809    clk100_IBUF_BUFG
    SLICE_X1Y14          LUT1 (Prop_lut1_I0_O)        0.045     1.854 r  clk100_inst/O
                         net (fo=9, routed)           1.150     3.004    soc_crg_clkin
    SLICE_X77Y39         FDCE                                         r  FDCE_3/C
  -------------------------------------------------------------------    -------------------
    SLICE_X77Y39         FDCE (Prop_fdce_C_Q)         0.141     3.145 r  FDCE_3/Q
                         net (fo=1, routed)           0.380     3.525    soc_builder_basesoc_reset3
    SLICE_X76Y39         FDCE                                         r  FDCE_4/D
  -------------------------------------------------------------------    -------------------

                         (clock clk100 rise edge)     0.000     0.000 r  
    E3                                                0.000     0.000 r  clk100 (IN)
                         net (fo=0)                   0.000     0.000    clk100
    E3                   IBUF (Prop_ibuf_I_O)         0.438     0.438 r  clk100_IBUF_inst/O
                         net (fo=1, routed)           0.699     1.136    clk100_IBUF
    BUFGCTRL_X0Y16       BUFG (Prop_bufg_I_O)         0.029     1.165 r  clk100_IBUF_BUFG_inst/O
                         net (fo=1, routed)           1.215     2.381    clk100_IBUF_BUFG
    SLICE_X1Y14          LUT1 (Prop_lut1_I0_O)        0.056     2.437 r  clk100_inst/O
                         net (fo=9, routed)           1.331     3.768    soc_crg_clkin
    SLICE_X76Y39         FDCE                                         r  FDCE_4/C
                         clock pessimism             -0.751     3.017    
    SLICE_X76Y39         FDCE (Hold_fdce_C_D)         0.059     3.076    FDCE_4
  -------------------------------------------------------------------
                         required time                         -3.076    
                         arrival time                           3.525    
  -------------------------------------------------------------------
                         slack                                  0.449    

Slack (MET) :             0.455ns  (arrival time - required time)
  Source:                 FDCE_6/C
                            (rising edge-triggered cell FDCE clocked by clk100  {rise@0.000ns fall@5.000ns period=10.000ns})
  Destination:            FDCE_7/D
                            (rising edge-triggered cell FDCE clocked by clk100  {rise@0.000ns fall@5.000ns period=10.000ns})
  Path Group:             clk100
  Path Type:              Hold (Min at Fast Process Corner)
  Requirement:            0.000ns  (clk100 rise@0.000ns - clk100 rise@0.000ns)
  Data Path Delay:        0.518ns  (logic 0.164ns (31.659%)  route 0.354ns (68.341%))
  Logic Levels:           0  
  Clock Path Skew:        0.000ns (DCD - SCD - CPR)
    Destination Clock Delay (DCD):    3.768ns
    Source Clock Delay      (SCD):    3.004ns
    Clock Pessimism Removal (CPR):    0.764ns

    Location             Delay type                Incr(ns)  Path(ns)    Netlist Resource(s)
  -------------------------------------------------------------------    -------------------
                         (clock clk100 rise edge)     0.000     0.000 r  
    E3                                                0.000     0.000 r  clk100 (IN)
                         net (fo=0)                   0.000     0.000    clk100
    E3                   IBUF (Prop_ibuf_I_O)         0.250     0.250 r  clk100_IBUF_inst/O
                         net (fo=1, routed)           0.644     0.894    clk100_IBUF
    BUFGCTRL_X0Y16       BUFG (Prop_bufg_I_O)         0.026     0.920 r  clk100_IBUF_BUFG_inst/O
                         net (fo=1, routed)           0.889     1.809    clk100_IBUF_BUFG
    SLICE_X1Y14          LUT1 (Prop_lut1_I0_O)        0.045     1.854 r  clk100_inst/O
                         net (fo=9, routed)           1.150     3.004    soc_crg_clkin
    SLICE_X76Y39         FDCE                                         r  FDCE_6/C
  -------------------------------------------------------------------    -------------------
    SLICE_X76Y39         FDCE (Prop_fdce_C_Q)         0.164     3.168 r  FDCE_6/Q
                         net (fo=1, routed)           0.354     3.522    soc_builder_basesoc_reset6
    SLICE_X76Y39         FDCE                                         r  FDCE_7/D
  -------------------------------------------------------------------    -------------------

                         (clock clk100 rise edge)     0.000     0.000 r  
    E3                                                0.000     0.000 r  clk100 (IN)
                         net (fo=0)                   0.000     0.000    clk100
    E3                   IBUF (Prop_ibuf_I_O)         0.438     0.438 r  clk100_IBUF_inst/O
                         net (fo=1, routed)           0.699     1.136    clk100_IBUF
    BUFGCTRL_X0Y16       BUFG (Prop_bufg_I_O)         0.029     1.165 r  clk100_IBUF_BUFG_inst/O
                         net (fo=1, routed)           1.215     2.381    clk100_IBUF_BUFG
    SLICE_X1Y14          LUT1 (Prop_lut1_I0_O)        0.056     2.437 r  clk100_inst/O
                         net (fo=9, routed)           1.331     3.768    soc_crg_clkin
    SLICE_X76Y39         FDCE                                         r  FDCE_7/C
                         clock pessimism             -0.764     3.004    
    SLICE_X76Y39         FDCE (Hold_fdce_C_D)         0.063     3.067    FDCE_7
  -------------------------------------------------------------------
                         required time                         -3.067    
                         arrival time                           3.522    
  -------------------------------------------------------------------
                         slack                                  0.455    

Slack (MET) :             0.458ns  (arrival time - required time)
  Source:                 FDCE/C
                            (rising edge-triggered cell FDCE clocked by clk100  {rise@0.000ns fall@5.000ns period=10.000ns})
  Destination:            FDCE_1/D
                            (rising edge-triggered cell FDCE clocked by clk100  {rise@0.000ns fall@5.000ns period=10.000ns})
  Path Group:             clk100
  Path Type:              Hold (Min at Fast Process Corner)
  Requirement:            0.000ns  (clk100 rise@0.000ns - clk100 rise@0.000ns)
  Data Path Delay:        0.514ns  (logic 0.164ns (31.928%)  route 0.350ns (68.072%))
  Logic Levels:           0  
  Clock Path Skew:        -0.014ns (DCD - SCD - CPR)
    Destination Clock Delay (DCD):    3.768ns
    Source Clock Delay      (SCD):    3.101ns
    Clock Pessimism Removal (CPR):    0.681ns

    Location             Delay type                Incr(ns)  Path(ns)    Netlist Resource(s)
  -------------------------------------------------------------------    -------------------
                         (clock clk100 rise edge)     0.000     0.000 r  
    E3                                                0.000     0.000 r  clk100 (IN)
                         net (fo=0)                   0.000     0.000    clk100
    E3                   IBUF (Prop_ibuf_I_O)         0.250     0.250 r  clk100_IBUF_inst/O
                         net (fo=1, routed)           0.644     0.894    clk100_IBUF
    BUFGCTRL_X0Y16       BUFG (Prop_bufg_I_O)         0.026     0.920 r  clk100_IBUF_BUFG_inst/O
                         net (fo=1, routed)           0.889     1.809    clk100_IBUF_BUFG
    SLICE_X1Y14          LUT1 (Prop_lut1_I0_O)        0.045     1.854 r  clk100_inst/O
                         net (fo=9, routed)           1.247     3.101    soc_crg_clkin
    SLICE_X76Y55         FDCE                                         r  FDCE/C
  -------------------------------------------------------------------    -------------------
    SLICE_X76Y55         FDCE (Prop_fdce_C_Q)         0.164     3.265 r  FDCE/Q
                         net (fo=1, routed)           0.350     3.615    soc_builder_basesoc_reset0
    SLICE_X77Y39         FDCE                                         r  FDCE_1/D
  -------------------------------------------------------------------    -------------------

                         (clock clk100 rise edge)     0.000     0.000 r  
    E3                                                0.000     0.000 r  clk100 (IN)
                         net (fo=0)                   0.000     0.000    clk100
    E3                   IBUF (Prop_ibuf_I_O)         0.438     0.438 r  clk100_IBUF_inst/O
                         net (fo=1, routed)           0.699     1.136    clk100_IBUF
    BUFGCTRL_X0Y16       BUFG (Prop_bufg_I_O)         0.029     1.165 r  clk100_IBUF_BUFG_inst/O
                         net (fo=1, routed)           1.215     2.381    clk100_IBUF_BUFG
    SLICE_X1Y14          LUT1 (Prop_lut1_I0_O)        0.056     2.437 r  clk100_inst/O
                         net (fo=9, routed)           1.331     3.768    soc_crg_clkin
    SLICE_X77Y39         FDCE                                         r  FDCE_1/C
                         clock pessimism             -0.681     3.087    
    SLICE_X77Y39         FDCE (Hold_fdce_C_D)         0.070     3.157    FDCE_1
  -------------------------------------------------------------------
                         required time                         -3.157    
                         arrival time                           3.615    
  -------------------------------------------------------------------
                         slack                                  0.458    

Slack (MET) :             0.519ns  (arrival time - required time)
  Source:                 FDCE_5/C
                            (rising edge-triggered cell FDCE clocked by clk100  {rise@0.000ns fall@5.000ns period=10.000ns})
  Destination:            FDCE_6/D
                            (rising edge-triggered cell FDCE clocked by clk100  {rise@0.000ns fall@5.000ns period=10.000ns})
  Path Group:             clk100
  Path Type:              Hold (Min at Fast Process Corner)
  Requirement:            0.000ns  (clk100 rise@0.000ns - clk100 rise@0.000ns)
  Data Path Delay:        0.582ns  (logic 0.164ns (28.190%)  route 0.418ns (71.810%))
  Logic Levels:           0  
  Clock Path Skew:        0.000ns (DCD - SCD - CPR)
    Destination Clock Delay (DCD):    3.768ns
    Source Clock Delay      (SCD):    3.004ns
    Clock Pessimism Removal (CPR):    0.764ns

    Location             Delay type                Incr(ns)  Path(ns)    Netlist Resource(s)
  -------------------------------------------------------------------    -------------------
                         (clock clk100 rise edge)     0.000     0.000 r  
    E3                                                0.000     0.000 r  clk100 (IN)
                         net (fo=0)                   0.000     0.000    clk100
    E3                   IBUF (Prop_ibuf_I_O)         0.250     0.250 r  clk100_IBUF_inst/O
                         net (fo=1, routed)           0.644     0.894    clk100_IBUF
    BUFGCTRL_X0Y16       BUFG (Prop_bufg_I_O)         0.026     0.920 r  clk100_IBUF_BUFG_inst/O
                         net (fo=1, routed)           0.889     1.809    clk100_IBUF_BUFG
    SLICE_X1Y14          LUT1 (Prop_lut1_I0_O)        0.045     1.854 r  clk100_inst/O
                         net (fo=9, routed)           1.150     3.004    soc_crg_clkin
    SLICE_X76Y39         FDCE                                         r  FDCE_5/C
  -------------------------------------------------------------------    -------------------
    SLICE_X76Y39         FDCE (Prop_fdce_C_Q)         0.164     3.168 r  FDCE_5/Q
                         net (fo=1, routed)           0.418     3.585    soc_builder_basesoc_reset5
    SLICE_X76Y39         FDCE                                         r  FDCE_6/D
  -------------------------------------------------------------------    -------------------

                         (clock clk100 rise edge)     0.000     0.000 r  
    E3                                                0.000     0.000 r  clk100 (IN)
                         net (fo=0)                   0.000     0.000    clk100
    E3                   IBUF (Prop_ibuf_I_O)         0.438     0.438 r  clk100_IBUF_inst/O
                         net (fo=1, routed)           0.699     1.136    clk100_IBUF
    BUFGCTRL_X0Y16       BUFG (Prop_bufg_I_O)         0.029     1.165 r  clk100_IBUF_BUFG_inst/O
                         net (fo=1, routed)           1.215     2.381    clk100_IBUF_BUFG
    SLICE_X1Y14          LUT1 (Prop_lut1_I0_O)        0.056     2.437 r  clk100_inst/O
                         net (fo=9, routed)           1.331     3.768    soc_crg_clkin
    SLICE_X76Y39         FDCE                                         r  FDCE_6/C
                         clock pessimism             -0.764     3.004    
    SLICE_X76Y39         FDCE (Hold_fdce_C_D)         0.063     3.067    FDCE_6
  -------------------------------------------------------------------
                         required time                         -3.067    
                         arrival time                           3.585    
  -------------------------------------------------------------------
                         slack                                  0.519    

Slack (MET) :             0.590ns  (arrival time - required time)
  Source:                 FDCE_4/C
                            (rising edge-triggered cell FDCE clocked by clk100  {rise@0.000ns fall@5.000ns period=10.000ns})
  Destination:            FDCE_5/D
                            (rising edge-triggered cell FDCE clocked by clk100  {rise@0.000ns fall@5.000ns period=10.000ns})
  Path Group:             clk100
  Path Type:              Hold (Min at Fast Process Corner)
  Requirement:            0.000ns  (clk100 rise@0.000ns - clk100 rise@0.000ns)
  Data Path Delay:        0.642ns  (logic 0.164ns (25.538%)  route 0.478ns (74.462%))
  Logic Levels:           0  
  Clock Path Skew:        0.000ns (DCD - SCD - CPR)
    Destination Clock Delay (DCD):    3.768ns
    Source Clock Delay      (SCD):    3.004ns
    Clock Pessimism Removal (CPR):    0.764ns

    Location             Delay type                Incr(ns)  Path(ns)    Netlist Resource(s)
  -------------------------------------------------------------------    -------------------
                         (clock clk100 rise edge)     0.000     0.000 r  
    E3                                                0.000     0.000 r  clk100 (IN)
                         net (fo=0)                   0.000     0.000    clk100
    E3                   IBUF (Prop_ibuf_I_O)         0.250     0.250 r  clk100_IBUF_inst/O
                         net (fo=1, routed)           0.644     0.894    clk100_IBUF
    BUFGCTRL_X0Y16       BUFG (Prop_bufg_I_O)         0.026     0.920 r  clk100_IBUF_BUFG_inst/O
                         net (fo=1, routed)           0.889     1.809    clk100_IBUF_BUFG
    SLICE_X1Y14          LUT1 (Prop_lut1_I0_O)        0.045     1.854 r  clk100_inst/O
                         net (fo=9, routed)           1.150     3.004    soc_crg_clkin
    SLICE_X76Y39         FDCE                                         r  FDCE_4/C
  -------------------------------------------------------------------    -------------------
    SLICE_X76Y39         FDCE (Prop_fdce_C_Q)         0.164     3.168 r  FDCE_4/Q
                         net (fo=1, routed)           0.478     3.646    soc_builder_basesoc_reset4
    SLICE_X76Y39         FDCE                                         r  FDCE_5/D
  -------------------------------------------------------------------    -------------------

                         (clock clk100 rise edge)     0.000     0.000 r  
    E3                                                0.000     0.000 r  clk100 (IN)
                         net (fo=0)                   0.000     0.000    clk100
    E3                   IBUF (Prop_ibuf_I_O)         0.438     0.438 r  clk100_IBUF_inst/O
                         net (fo=1, routed)           0.699     1.136    clk100_IBUF
    BUFGCTRL_X0Y16       BUFG (Prop_bufg_I_O)         0.029     1.165 r  clk100_IBUF_BUFG_inst/O
                         net (fo=1, routed)           1.215     2.381    clk100_IBUF_BUFG
    SLICE_X1Y14          LUT1 (Prop_lut1_I0_O)        0.056     2.437 r  clk100_inst/O
                         net (fo=9, routed)           1.331     3.768    soc_crg_clkin
    SLICE_X76Y39         FDCE                                         r  FDCE_5/C
                         clock pessimism             -0.764     3.004    
    SLICE_X76Y39         FDCE (Hold_fdce_C_D)         0.052     3.056    FDCE_5
  -------------------------------------------------------------------
                         required time                         -3.056    
                         arrival time                           3.646    
  -------------------------------------------------------------------
                         slack                                  0.590    

Slack (MET) :             0.629ns  (arrival time - required time)
  Source:                 FDCE_2/C
                            (rising edge-triggered cell FDCE clocked by clk100  {rise@0.000ns fall@5.000ns period=10.000ns})
  Destination:            FDCE_3/D
                            (rising edge-triggered cell FDCE clocked by clk100  {rise@0.000ns fall@5.000ns period=10.000ns})
  Path Group:             clk100
  Path Type:              Hold (Min at Fast Process Corner)
  Requirement:            0.000ns  (clk100 rise@0.000ns - clk100 rise@0.000ns)
  Data Path Delay:        0.699ns  (logic 0.141ns (20.174%)  route 0.558ns (79.826%))
  Logic Levels:           0  
  Clock Path Skew:        0.000ns (DCD - SCD - CPR)
    Destination Clock Delay (DCD):    3.768ns
    Source Clock Delay      (SCD):    3.004ns
    Clock Pessimism Removal (CPR):    0.764ns

    Location             Delay type                Incr(ns)  Path(ns)    Netlist Resource(s)
  -------------------------------------------------------------------    -------------------
                         (clock clk100 rise edge)     0.000     0.000 r  
    E3                                                0.000     0.000 r  clk100 (IN)
                         net (fo=0)                   0.000     0.000    clk100
    E3                   IBUF (Prop_ibuf_I_O)         0.250     0.250 r  clk100_IBUF_inst/O
                         net (fo=1, routed)           0.644     0.894    clk100_IBUF
    BUFGCTRL_X0Y16       BUFG (Prop_bufg_I_O)         0.026     0.920 r  clk100_IBUF_BUFG_inst/O
                         net (fo=1, routed)           0.889     1.809    clk100_IBUF_BUFG
    SLICE_X1Y14          LUT1 (Prop_lut1_I0_O)        0.045     1.854 r  clk100_inst/O
                         net (fo=9, routed)           1.150     3.004    soc_crg_clkin
    SLICE_X77Y39         FDCE                                         r  FDCE_2/C
  -------------------------------------------------------------------    -------------------
    SLICE_X77Y39         FDCE (Prop_fdce_C_Q)         0.141     3.145 r  FDCE_2/Q
                         net (fo=1, routed)           0.558     3.703    soc_builder_basesoc_reset2
    SLICE_X77Y39         FDCE                                         r  FDCE_3/D
  -------------------------------------------------------------------    -------------------

                         (clock clk100 rise edge)     0.000     0.000 r  
    E3                                                0.000     0.000 r  clk100 (IN)
                         net (fo=0)                   0.000     0.000    clk100
    E3                   IBUF (Prop_ibuf_I_O)         0.438     0.438 r  clk100_IBUF_inst/O
                         net (fo=1, routed)           0.699     1.136    clk100_IBUF
    BUFGCTRL_X0Y16       BUFG (Prop_bufg_I_O)         0.029     1.165 r  clk100_IBUF_BUFG_inst/O
                         net (fo=1, routed)           1.215     2.381    clk100_IBUF_BUFG
    SLICE_X1Y14          LUT1 (Prop_lut1_I0_O)        0.056     2.437 r  clk100_inst/O
                         net (fo=9, routed)           1.331     3.768    soc_crg_clkin
    SLICE_X77Y39         FDCE                                         r  FDCE_3/C
                         clock pessimism             -0.764     3.004    
    SLICE_X77Y39         FDCE (Hold_fdce_C_D)         0.070     3.074    FDCE_3
  -------------------------------------------------------------------
                         required time                         -3.074    
                         arrival time                           3.703    
  -------------------------------------------------------------------
                         slack                                  0.629    

Slack (MET) :             0.639ns  (arrival time - required time)
  Source:                 FDCE_1/C
                            (rising edge-triggered cell FDCE clocked by clk100  {rise@0.000ns fall@5.000ns period=10.000ns})
  Destination:            FDCE_2/D
                            (rising edge-triggered cell FDCE clocked by clk100  {rise@0.000ns fall@5.000ns period=10.000ns})
  Path Group:             clk100
  Path Type:              Hold (Min at Fast Process Corner)
  Requirement:            0.000ns  (clk100 rise@0.000ns - clk100 rise@0.000ns)
  Data Path Delay:        0.705ns  (logic 0.141ns (20.009%)  route 0.564ns (79.991%))
  Logic Levels:           0  
  Clock Path Skew:        0.000ns (DCD - SCD - CPR)
    Destination Clock Delay (DCD):    3.768ns
    Source Clock Delay      (SCD):    3.004ns
    Clock Pessimism Removal (CPR):    0.764ns

    Location             Delay type                Incr(ns)  Path(ns)    Netlist Resource(s)
  -------------------------------------------------------------------    -------------------
                         (clock clk100 rise edge)     0.000     0.000 r  
    E3                                                0.000     0.000 r  clk100 (IN)
                         net (fo=0)                   0.000     0.000    clk100
    E3                   IBUF (Prop_ibuf_I_O)         0.250     0.250 r  clk100_IBUF_inst/O
                         net (fo=1, routed)           0.644     0.894    clk100_IBUF
    BUFGCTRL_X0Y16       BUFG (Prop_bufg_I_O)         0.026     0.920 r  clk100_IBUF_BUFG_inst/O
                         net (fo=1, routed)           0.889     1.809    clk100_IBUF_BUFG
    SLICE_X1Y14          LUT1 (Prop_lut1_I0_O)        0.045     1.854 r  clk100_inst/O
                         net (fo=9, routed)           1.150     3.004    soc_crg_clkin
    SLICE_X77Y39         FDCE                                         r  FDCE_1/C
  -------------------------------------------------------------------    -------------------
    SLICE_X77Y39         FDCE (Prop_fdce_C_Q)         0.141     3.145 r  FDCE_1/Q
                         net (fo=1, routed)           0.564     3.708    soc_builder_basesoc_reset1
    SLICE_X77Y39         FDCE                                         r  FDCE_2/D
  -------------------------------------------------------------------    -------------------

                         (clock clk100 rise edge)     0.000     0.000 r  
    E3                                                0.000     0.000 r  clk100 (IN)
                         net (fo=0)                   0.000     0.000    clk100
    E3                   IBUF (Prop_ibuf_I_O)         0.438     0.438 r  clk100_IBUF_inst/O
                         net (fo=1, routed)           0.699     1.136    clk100_IBUF
    BUFGCTRL_X0Y16       BUFG (Prop_bufg_I_O)         0.029     1.165 r  clk100_IBUF_BUFG_inst/O
                         net (fo=1, routed)           1.215     2.381    clk100_IBUF_BUFG
    SLICE_X1Y14          LUT1 (Prop_lut1_I0_O)        0.056     2.437 r  clk100_inst/O
                         net (fo=9, routed)           1.331     3.768    soc_crg_clkin
    SLICE_X77Y39         FDCE                                         r  FDCE_2/C
                         clock pessimism             -0.764     3.004    
    SLICE_X77Y39         FDCE (Hold_fdce_C_D)         0.066     3.070    FDCE_2
  -------------------------------------------------------------------
                         required time                         -3.070    
                         arrival time                           3.708    
  -------------------------------------------------------------------
                         slack                                  0.639    





Pulse Width Checks
--------------------------------------------------------------------------------------
Clock Name:         clk100
Waveform(ns):       { 0.000 5.000 }
Period(ns):         10.000
Sources:            { clk100 }

Check Type        Corner  Lib Pin            Reference Pin  Required(ns)  Actual(ns)  Slack(ns)  Location         Pin
Min Period        n/a     BUFG/I             n/a            2.155         10.000      7.845      BUFGCTRL_X0Y16   clk100_IBUF_BUFG_inst/I
Min Period        n/a     MMCME2_ADV/CLKIN1  n/a            1.249         10.000      8.751      MMCME2_ADV_X0Y0  MMCME2_ADV/CLKIN1
Min Period        n/a     FDCE/C             n/a            1.000         10.000      9.000      SLICE_X76Y55     FDCE/C
Min Period        n/a     FDCE/C             n/a            1.000         10.000      9.000      SLICE_X77Y39     FDCE_1/C
Min Period        n/a     FDCE/C             n/a            1.000         10.000      9.000      SLICE_X77Y39     FDCE_2/C
Min Period        n/a     FDCE/C             n/a            1.000         10.000      9.000      SLICE_X77Y39     FDCE_3/C
Min Period        n/a     FDCE/C             n/a            1.000         10.000      9.000      SLICE_X76Y39     FDCE_4/C
Min Period        n/a     FDCE/C             n/a            1.000         10.000      9.000      SLICE_X76Y39     FDCE_5/C
Min Period        n/a     FDCE/C             n/a            1.000         10.000      9.000      SLICE_X76Y39     FDCE_6/C
Min Period        n/a     FDCE/C             n/a            1.000         10.000      9.000      SLICE_X76Y39     FDCE_7/C
Max Period        n/a     MMCME2_ADV/CLKIN1  n/a            100.000       10.000      90.000     MMCME2_ADV_X0Y0  MMCME2_ADV/CLKIN1
Low Pulse Width   Slow    MMCME2_ADV/CLKIN1  n/a            2.000         5.000       3.000      MMCME2_ADV_X0Y0  MMCME2_ADV/CLKIN1
Low Pulse Width   Fast    MMCME2_ADV/CLKIN1  n/a            2.000         5.000       3.000      MMCME2_ADV_X0Y0  MMCME2_ADV/CLKIN1
Low Pulse Width   Slow    FDCE/C             n/a            0.500         5.000       4.500      SLICE_X76Y55     FDCE/C
Low Pulse Width   Fast    FDCE/C             n/a            0.500         5.000       4.500      SLICE_X76Y55     FDCE/C
Low Pulse Width   Slow    FDCE/C             n/a            0.500         5.000       4.500      SLICE_X77Y39     FDCE_1/C
Low Pulse Width   Fast    FDCE/C             n/a            0.500         5.000       4.500      SLICE_X77Y39     FDCE_1/C
Low Pulse Width   Slow    FDCE/C             n/a            0.500         5.000       4.500      SLICE_X77Y39     FDCE_2/C
Low Pulse Width   Fast    FDCE/C             n/a            0.500         5.000       4.500      SLICE_X77Y39     FDCE_2/C
Low Pulse Width   Slow    FDCE/C             n/a            0.500         5.000       4.500      SLICE_X77Y39     FDCE_3/C
Low Pulse Width   Fast    FDCE/C             n/a            0.500         5.000       4.500      SLICE_X77Y39     FDCE_3/C
High Pulse Width  Slow    MMCME2_ADV/CLKIN1  n/a            2.000         5.000       3.000      MMCME2_ADV_X0Y0  MMCME2_ADV/CLKIN1
High Pulse Width  Fast    MMCME2_ADV/CLKIN1  n/a            2.000         5.000       3.000      MMCME2_ADV_X0Y0  MMCME2_ADV/CLKIN1
High Pulse Width  Slow    FDCE/C             n/a            0.500         5.000       4.500      SLICE_X76Y55     FDCE/C
High Pulse Width  Fast    FDCE/C             n/a            0.500         5.000       4.500      SLICE_X76Y55     FDCE/C
High Pulse Width  Slow    FDCE/C             n/a            0.500         5.000       4.500      SLICE_X77Y39     FDCE_1/C
High Pulse Width  Fast    FDCE/C             n/a            0.500         5.000       4.500      SLICE_X77Y39     FDCE_1/C
High Pulse Width  Slow    FDCE/C             n/a            0.500         5.000       4.500      SLICE_X77Y39     FDCE_2/C
High Pulse Width  Fast    FDCE/C             n/a            0.500         5.000       4.500      SLICE_X77Y39     FDCE_2/C
High Pulse Width  Slow    FDCE/C             n/a            0.500         5.000       4.500      SLICE_X77Y39     FDCE_3/C
High Pulse Width  Fast    FDCE/C             n/a            0.500         5.000       4.500      SLICE_X77Y39     FDCE_3/C



---------------------------------------------------------------------------------------------------
From Clock:  soc_builder_basesoc_mmcm_fb
  To Clock:  soc_builder_basesoc_mmcm_fb

Setup :           NA  Failing Endpoints,  Worst Slack           NA  ,  Total Violation           NA
Hold  :           NA  Failing Endpoints,  Worst Slack           NA  ,  Total Violation           NA
PW    :            0  Failing Endpoints,  Worst Slack        8.751ns,  Total Violation        0.000ns
---------------------------------------------------------------------------------------------------


Pulse Width Checks
--------------------------------------------------------------------------------------
Clock Name:         soc_builder_basesoc_mmcm_fb
Waveform(ns):       { 0.000 5.000 }
Period(ns):         10.000
Sources:            { MMCME2_ADV/CLKFBOUT }

Check Type  Corner  Lib Pin              Reference Pin  Required(ns)  Actual(ns)  Slack(ns)  Location         Pin
Min Period  n/a     MMCME2_ADV/CLKFBOUT  n/a            1.249         10.000      8.751      MMCME2_ADV_X0Y0  MMCME2_ADV/CLKFBOUT
Min Period  n/a     MMCME2_ADV/CLKFBIN   n/a            1.249         10.000      8.751      MMCME2_ADV_X0Y0  MMCME2_ADV/CLKFBIN
Max Period  n/a     MMCME2_ADV/CLKFBIN   n/a            100.000       10.000      90.000     MMCME2_ADV_X0Y0  MMCME2_ADV/CLKFBIN
Max Period  n/a     MMCME2_ADV/CLKFBOUT  n/a            213.360       10.000      203.360    MMCME2_ADV_X0Y0  MMCME2_ADV/CLKFBOUT



---------------------------------------------------------------------------------------------------
From Clock:  soc_crg_clkout0
  To Clock:  soc_crg_clkout0

Setup :            0  Failing Endpoints,  Worst Slack        0.322ns,  Total Violation        0.000ns
Hold  :            0  Failing Endpoints,  Worst Slack        0.048ns,  Total Violation        0.000ns
PW    :            0  Failing Endpoints,  Worst Slack        5.417ns,  Total Violation        0.000ns
---------------------------------------------------------------------------------------------------


Max Delay Paths
--------------------------------------------------------------------------------------
Slack (MET) :             0.322ns  (required time - arrival time)
  Source:                 FDPE_1/C
                            (rising edge-triggered cell FDPE clocked by soc_crg_clkout0  {rise@0.000ns fall@6.667ns period=13.333ns})
  Destination:            Cfu/fn0/ins/smr_3/last_mem_addr_reg[0]/R
                            (rising edge-triggered cell FDRE clocked by soc_crg_clkout0  {rise@0.000ns fall@6.667ns period=13.333ns})
  Path Group:             soc_crg_clkout0
  Path Type:              Setup (Max at Slow Process Corner)
  Requirement:            13.333ns  (soc_crg_clkout0 rise@13.333ns - soc_crg_clkout0 rise@0.000ns)
  Data Path Delay:        12.226ns  (logic 0.478ns (3.910%)  route 11.748ns (96.090%))
  Logic Levels:           0  
  Clock Path Skew:        -0.020ns (DCD - SCD + CPR)
    Destination Clock Delay (DCD):    10.324ns = ( 23.657 - 13.333 ) 
    Source Clock Delay      (SCD):    11.026ns
    Clock Pessimism Removal (CPR):    0.682ns
  Clock Uncertainty:      0.070ns  ((TSJ^2 + DJ^2)^1/2) / 2 + PE
    Total System Jitter     (TSJ):    0.071ns
    Discrete Jitter          (DJ):    0.121ns
    Phase Error              (PE):    0.000ns

    Location             Delay type                Incr(ns)  Path(ns)    Netlist Resource(s)
  -------------------------------------------------------------------    -------------------
                         (clock soc_crg_clkout0 rise edge)
                                                      0.000     0.000 r  
    E3                                                0.000     0.000 r  clk100 (IN)
                         net (fo=0)                   0.000     0.000    clk100
    E3                   IBUF (Prop_ibuf_I_O)         1.482     1.482 r  clk100_IBUF_inst/O
                         net (fo=1, routed)           2.025     3.506    clk100_IBUF
    BUFGCTRL_X0Y16       BUFG (Prop_bufg_I_O)         0.096     3.602 r  clk100_IBUF_BUFG_inst/O
                         net (fo=1, routed)           2.549     6.151    clk100_IBUF_BUFG
    SLICE_X1Y14          LUT1 (Prop_lut1_I0_O)        0.124     6.275 r  clk100_inst/O
                         net (fo=9, routed)           0.838     7.113    soc_crg_clkin
    MMCME2_ADV_X0Y0      MMCME2_ADV (Prop_mmcme2_adv_CLKIN1_CLKOUT0)
                                                      0.088     7.201 r  MMCME2_ADV/CLKOUT0
                         net (fo=1, routed)           2.018     9.220    soc_crg_clkout0
    BUFGCTRL_X0Y0        BUFG (Prop_bufg_I_O)         0.096     9.316 r  BUFG/O
                         net (fo=5509, routed)        1.710    11.026    sys_clk
    SLICE_X78Y67         FDPE                                         r  FDPE_1/C
  -------------------------------------------------------------------    -------------------
    SLICE_X78Y67         FDPE (Prop_fdpe_C_Q)         0.478    11.504 r  FDPE_1/Q
                         net (fo=2617, routed)       11.748    23.252    Cfu/fn0/ins/smr_3/sys_rst
    SLICE_X10Y17         FDRE                                         r  Cfu/fn0/ins/smr_3/last_mem_addr_reg[0]/R
  -------------------------------------------------------------------    -------------------

                         (clock soc_crg_clkout0 rise edge)
                                                     13.333    13.333 r  
    E3                                                0.000    13.333 r  clk100 (IN)
                         net (fo=0)                   0.000    13.333    clk100
    E3                   IBUF (Prop_ibuf_I_O)         1.411    14.745 r  clk100_IBUF_inst/O
                         net (fo=1, routed)           1.920    16.665    clk100_IBUF
    BUFGCTRL_X0Y16       BUFG (Prop_bufg_I_O)         0.091    16.756 r  clk100_IBUF_BUFG_inst/O
                         net (fo=1, routed)           2.291    19.046    clk100_IBUF_BUFG
    SLICE_X1Y14          LUT1 (Prop_lut1_I0_O)        0.100    19.146 r  clk100_inst/O
                         net (fo=9, routed)           0.732    19.878    soc_crg_clkin
    MMCME2_ADV_X0Y0      MMCME2_ADV (Prop_mmcme2_adv_CLKIN1_CLKOUT0)
                                                      0.083    19.961 r  MMCME2_ADV/CLKOUT0
                         net (fo=1, routed)           1.923    21.884    soc_crg_clkout0
    BUFGCTRL_X0Y0        BUFG (Prop_bufg_I_O)         0.091    21.975 r  BUFG/O
                         net (fo=5509, routed)        1.682    23.657    Cfu/fn0/ins/smr_3/out
    SLICE_X10Y17         FDRE                                         r  Cfu/fn0/ins/smr_3/last_mem_addr_reg[0]/C
                         clock pessimism              0.682    24.339    
                         clock uncertainty           -0.070    24.269    
    SLICE_X10Y17         FDRE (Setup_fdre_C_R)       -0.695    23.574    Cfu/fn0/ins/smr_3/last_mem_addr_reg[0]
  -------------------------------------------------------------------
                         required time                         23.574    
                         arrival time                         -23.252    
  -------------------------------------------------------------------
                         slack                                  0.322    

Slack (MET) :             0.322ns  (required time - arrival time)
  Source:                 FDPE_1/C
                            (rising edge-triggered cell FDPE clocked by soc_crg_clkout0  {rise@0.000ns fall@6.667ns period=13.333ns})
  Destination:            Cfu/fn0/ins/smr_3/last_mem_addr_reg[1]/R
                            (rising edge-triggered cell FDRE clocked by soc_crg_clkout0  {rise@0.000ns fall@6.667ns period=13.333ns})
  Path Group:             soc_crg_clkout0
  Path Type:              Setup (Max at Slow Process Corner)
  Requirement:            13.333ns  (soc_crg_clkout0 rise@13.333ns - soc_crg_clkout0 rise@0.000ns)
  Data Path Delay:        12.226ns  (logic 0.478ns (3.910%)  route 11.748ns (96.090%))
  Logic Levels:           0  
  Clock Path Skew:        -0.020ns (DCD - SCD + CPR)
    Destination Clock Delay (DCD):    10.324ns = ( 23.657 - 13.333 ) 
    Source Clock Delay      (SCD):    11.026ns
    Clock Pessimism Removal (CPR):    0.682ns
  Clock Uncertainty:      0.070ns  ((TSJ^2 + DJ^2)^1/2) / 2 + PE
    Total System Jitter     (TSJ):    0.071ns
    Discrete Jitter          (DJ):    0.121ns
    Phase Error              (PE):    0.000ns

    Location             Delay type                Incr(ns)  Path(ns)    Netlist Resource(s)
  -------------------------------------------------------------------    -------------------
                         (clock soc_crg_clkout0 rise edge)
                                                      0.000     0.000 r  
    E3                                                0.000     0.000 r  clk100 (IN)
                         net (fo=0)                   0.000     0.000    clk100
    E3                   IBUF (Prop_ibuf_I_O)         1.482     1.482 r  clk100_IBUF_inst/O
                         net (fo=1, routed)           2.025     3.506    clk100_IBUF
    BUFGCTRL_X0Y16       BUFG (Prop_bufg_I_O)         0.096     3.602 r  clk100_IBUF_BUFG_inst/O
                         net (fo=1, routed)           2.549     6.151    clk100_IBUF_BUFG
    SLICE_X1Y14          LUT1 (Prop_lut1_I0_O)        0.124     6.275 r  clk100_inst/O
                         net (fo=9, routed)           0.838     7.113    soc_crg_clkin
    MMCME2_ADV_X0Y0      MMCME2_ADV (Prop_mmcme2_adv_CLKIN1_CLKOUT0)
                                                      0.088     7.201 r  MMCME2_ADV/CLKOUT0
                         net (fo=1, routed)           2.018     9.220    soc_crg_clkout0
    BUFGCTRL_X0Y0        BUFG (Prop_bufg_I_O)         0.096     9.316 r  BUFG/O
                         net (fo=5509, routed)        1.710    11.026    sys_clk
    SLICE_X78Y67         FDPE                                         r  FDPE_1/C
  -------------------------------------------------------------------    -------------------
    SLICE_X78Y67         FDPE (Prop_fdpe_C_Q)         0.478    11.504 r  FDPE_1/Q
                         net (fo=2617, routed)       11.748    23.252    Cfu/fn0/ins/smr_3/sys_rst
    SLICE_X10Y17         FDRE                                         r  Cfu/fn0/ins/smr_3/last_mem_addr_reg[1]/R
  -------------------------------------------------------------------    -------------------

                         (clock soc_crg_clkout0 rise edge)
                                                     13.333    13.333 r  
    E3                                                0.000    13.333 r  clk100 (IN)
                         net (fo=0)                   0.000    13.333    clk100
    E3                   IBUF (Prop_ibuf_I_O)         1.411    14.745 r  clk100_IBUF_inst/O
                         net (fo=1, routed)           1.920    16.665    clk100_IBUF
    BUFGCTRL_X0Y16       BUFG (Prop_bufg_I_O)         0.091    16.756 r  clk100_IBUF_BUFG_inst/O
                         net (fo=1, routed)           2.291    19.046    clk100_IBUF_BUFG
    SLICE_X1Y14          LUT1 (Prop_lut1_I0_O)        0.100    19.146 r  clk100_inst/O
                         net (fo=9, routed)           0.732    19.878    soc_crg_clkin
    MMCME2_ADV_X0Y0      MMCME2_ADV (Prop_mmcme2_adv_CLKIN1_CLKOUT0)
                                                      0.083    19.961 r  MMCME2_ADV/CLKOUT0
                         net (fo=1, routed)           1.923    21.884    soc_crg_clkout0
    BUFGCTRL_X0Y0        BUFG (Prop_bufg_I_O)         0.091    21.975 r  BUFG/O
                         net (fo=5509, routed)        1.682    23.657    Cfu/fn0/ins/smr_3/out
    SLICE_X10Y17         FDRE                                         r  Cfu/fn0/ins/smr_3/last_mem_addr_reg[1]/C
                         clock pessimism              0.682    24.339    
                         clock uncertainty           -0.070    24.269    
    SLICE_X10Y17         FDRE (Setup_fdre_C_R)       -0.695    23.574    Cfu/fn0/ins/smr_3/last_mem_addr_reg[1]
  -------------------------------------------------------------------
                         required time                         23.574    
                         arrival time                         -23.252    
  -------------------------------------------------------------------
                         slack                                  0.322    

Slack (MET) :             0.324ns  (required time - arrival time)
  Source:                 FDPE_1/C
                            (rising edge-triggered cell FDPE clocked by soc_crg_clkout0  {rise@0.000ns fall@6.667ns period=13.333ns})
  Destination:            Cfu/fn0/store_output_multiplier_set/count_reg[7]/R
                            (rising edge-triggered cell FDRE clocked by soc_crg_clkout0  {rise@0.000ns fall@6.667ns period=13.333ns})
  Path Group:             soc_crg_clkout0
  Path Type:              Setup (Max at Slow Process Corner)
  Requirement:            13.333ns  (soc_crg_clkout0 rise@13.333ns - soc_crg_clkout0 rise@0.000ns)
  Data Path Delay:        12.320ns  (logic 0.478ns (3.880%)  route 11.842ns (96.120%))
  Logic Levels:           0  
  Clock Path Skew:        -0.019ns (DCD - SCD + CPR)
    Destination Clock Delay (DCD):    10.325ns = ( 23.658 - 13.333 ) 
    Source Clock Delay      (SCD):    11.026ns
    Clock Pessimism Removal (CPR):    0.682ns
  Clock Uncertainty:      0.070ns  ((TSJ^2 + DJ^2)^1/2) / 2 + PE
    Total System Jitter     (TSJ):    0.071ns
    Discrete Jitter          (DJ):    0.121ns
    Phase Error              (PE):    0.000ns

    Location             Delay type                Incr(ns)  Path(ns)    Netlist Resource(s)
  -------------------------------------------------------------------    -------------------
                         (clock soc_crg_clkout0 rise edge)
                                                      0.000     0.000 r  
    E3                                                0.000     0.000 r  clk100 (IN)
                         net (fo=0)                   0.000     0.000    clk100
    E3                   IBUF (Prop_ibuf_I_O)         1.482     1.482 r  clk100_IBUF_inst/O
                         net (fo=1, routed)           2.025     3.506    clk100_IBUF
    BUFGCTRL_X0Y16       BUFG (Prop_bufg_I_O)         0.096     3.602 r  clk100_IBUF_BUFG_inst/O
                         net (fo=1, routed)           2.549     6.151    clk100_IBUF_BUFG
    SLICE_X1Y14          LUT1 (Prop_lut1_I0_O)        0.124     6.275 r  clk100_inst/O
                         net (fo=9, routed)           0.838     7.113    soc_crg_clkin
    MMCME2_ADV_X0Y0      MMCME2_ADV (Prop_mmcme2_adv_CLKIN1_CLKOUT0)
                                                      0.088     7.201 r  MMCME2_ADV/CLKOUT0
                         net (fo=1, routed)           2.018     9.220    soc_crg_clkout0
    BUFGCTRL_X0Y0        BUFG (Prop_bufg_I_O)         0.096     9.316 r  BUFG/O
                         net (fo=5509, routed)        1.710    11.026    sys_clk
    SLICE_X78Y67         FDPE                                         r  FDPE_1/C
  -------------------------------------------------------------------    -------------------
    SLICE_X78Y67         FDPE (Prop_fdpe_C_Q)         0.478    11.504 r  FDPE_1/Q
                         net (fo=2617, routed)       11.842    23.346    Cfu/fn0/store_output_multiplier_set/sys_rst
    SLICE_X24Y10         FDRE                                         r  Cfu/fn0/store_output_multiplier_set/count_reg[7]/R
  -------------------------------------------------------------------    -------------------

                         (clock soc_crg_clkout0 rise edge)
                                                     13.333    13.333 r  
    E3                                                0.000    13.333 r  clk100 (IN)
                         net (fo=0)                   0.000    13.333    clk100
    E3                   IBUF (Prop_ibuf_I_O)         1.411    14.745 r  clk100_IBUF_inst/O
                         net (fo=1, routed)           1.920    16.665    clk100_IBUF
    BUFGCTRL_X0Y16       BUFG (Prop_bufg_I_O)         0.091    16.756 r  clk100_IBUF_BUFG_inst/O
                         net (fo=1, routed)           2.291    19.046    clk100_IBUF_BUFG
    SLICE_X1Y14          LUT1 (Prop_lut1_I0_O)        0.100    19.146 r  clk100_inst/O
                         net (fo=9, routed)           0.732    19.878    soc_crg_clkin
    MMCME2_ADV_X0Y0      MMCME2_ADV (Prop_mmcme2_adv_CLKIN1_CLKOUT0)
                                                      0.083    19.961 r  MMCME2_ADV/CLKOUT0
                         net (fo=1, routed)           1.923    21.884    soc_crg_clkout0
    BUFGCTRL_X0Y0        BUFG (Prop_bufg_I_O)         0.091    21.975 r  BUFG/O
                         net (fo=5509, routed)        1.683    23.658    Cfu/fn0/store_output_multiplier_set/out
    SLICE_X24Y10         FDRE                                         r  Cfu/fn0/store_output_multiplier_set/count_reg[7]/C
                         clock pessimism              0.682    24.340    
                         clock uncertainty           -0.070    24.270    
    SLICE_X24Y10         FDRE (Setup_fdre_C_R)       -0.600    23.670    Cfu/fn0/store_output_multiplier_set/count_reg[7]
  -------------------------------------------------------------------
                         required time                         23.670    
                         arrival time                         -23.346    
  -------------------------------------------------------------------
                         slack                                  0.324    

Slack (MET) :             0.324ns  (required time - arrival time)
  Source:                 FDPE_1/C
                            (rising edge-triggered cell FDPE clocked by soc_crg_clkout0  {rise@0.000ns fall@6.667ns period=13.333ns})
  Destination:            Cfu/fn0/store_output_multiplier_set/count_reg[8]/R
                            (rising edge-triggered cell FDRE clocked by soc_crg_clkout0  {rise@0.000ns fall@6.667ns period=13.333ns})
  Path Group:             soc_crg_clkout0
  Path Type:              Setup (Max at Slow Process Corner)
  Requirement:            13.333ns  (soc_crg_clkout0 rise@13.333ns - soc_crg_clkout0 rise@0.000ns)
  Data Path Delay:        12.320ns  (logic 0.478ns (3.880%)  route 11.842ns (96.120%))
  Logic Levels:           0  
  Clock Path Skew:        -0.019ns (DCD - SCD + CPR)
    Destination Clock Delay (DCD):    10.325ns = ( 23.658 - 13.333 ) 
    Source Clock Delay      (SCD):    11.026ns
    Clock Pessimism Removal (CPR):    0.682ns
  Clock Uncertainty:      0.070ns  ((TSJ^2 + DJ^2)^1/2) / 2 + PE
    Total System Jitter     (TSJ):    0.071ns
    Discrete Jitter          (DJ):    0.121ns
    Phase Error              (PE):    0.000ns

    Location             Delay type                Incr(ns)  Path(ns)    Netlist Resource(s)
  -------------------------------------------------------------------    -------------------
                         (clock soc_crg_clkout0 rise edge)
                                                      0.000     0.000 r  
    E3                                                0.000     0.000 r  clk100 (IN)
                         net (fo=0)                   0.000     0.000    clk100
    E3                   IBUF (Prop_ibuf_I_O)         1.482     1.482 r  clk100_IBUF_inst/O
                         net (fo=1, routed)           2.025     3.506    clk100_IBUF
    BUFGCTRL_X0Y16       BUFG (Prop_bufg_I_O)         0.096     3.602 r  clk100_IBUF_BUFG_inst/O
                         net (fo=1, routed)           2.549     6.151    clk100_IBUF_BUFG
    SLICE_X1Y14          LUT1 (Prop_lut1_I0_O)        0.124     6.275 r  clk100_inst/O
                         net (fo=9, routed)           0.838     7.113    soc_crg_clkin
    MMCME2_ADV_X0Y0      MMCME2_ADV (Prop_mmcme2_adv_CLKIN1_CLKOUT0)
                                                      0.088     7.201 r  MMCME2_ADV/CLKOUT0
                         net (fo=1, routed)           2.018     9.220    soc_crg_clkout0
    BUFGCTRL_X0Y0        BUFG (Prop_bufg_I_O)         0.096     9.316 r  BUFG/O
                         net (fo=5509, routed)        1.710    11.026    sys_clk
    SLICE_X78Y67         FDPE                                         r  FDPE_1/C
  -------------------------------------------------------------------    -------------------
    SLICE_X78Y67         FDPE (Prop_fdpe_C_Q)         0.478    11.504 r  FDPE_1/Q
                         net (fo=2617, routed)       11.842    23.346    Cfu/fn0/store_output_multiplier_set/sys_rst
    SLICE_X24Y10         FDRE                                         r  Cfu/fn0/store_output_multiplier_set/count_reg[8]/R
  -------------------------------------------------------------------    -------------------

                         (clock soc_crg_clkout0 rise edge)
                                                     13.333    13.333 r  
    E3                                                0.000    13.333 r  clk100 (IN)
                         net (fo=0)                   0.000    13.333    clk100
    E3                   IBUF (Prop_ibuf_I_O)         1.411    14.745 r  clk100_IBUF_inst/O
                         net (fo=1, routed)           1.920    16.665    clk100_IBUF
    BUFGCTRL_X0Y16       BUFG (Prop_bufg_I_O)         0.091    16.756 r  clk100_IBUF_BUFG_inst/O
                         net (fo=1, routed)           2.291    19.046    clk100_IBUF_BUFG
    SLICE_X1Y14          LUT1 (Prop_lut1_I0_O)        0.100    19.146 r  clk100_inst/O
                         net (fo=9, routed)           0.732    19.878    soc_crg_clkin
    MMCME2_ADV_X0Y0      MMCME2_ADV (Prop_mmcme2_adv_CLKIN1_CLKOUT0)
                                                      0.083    19.961 r  MMCME2_ADV/CLKOUT0
                         net (fo=1, routed)           1.923    21.884    soc_crg_clkout0
    BUFGCTRL_X0Y0        BUFG (Prop_bufg_I_O)         0.091    21.975 r  BUFG/O
                         net (fo=5509, routed)        1.683    23.658    Cfu/fn0/store_output_multiplier_set/out
    SLICE_X24Y10         FDRE                                         r  Cfu/fn0/store_output_multiplier_set/count_reg[8]/C
                         clock pessimism              0.682    24.340    
                         clock uncertainty           -0.070    24.270    
    SLICE_X24Y10         FDRE (Setup_fdre_C_R)       -0.600    23.670    Cfu/fn0/store_output_multiplier_set/count_reg[8]
  -------------------------------------------------------------------
                         required time                         23.670    
                         arrival time                         -23.346    
  -------------------------------------------------------------------
                         slack                                  0.324    

Slack (MET) :             0.328ns  (required time - arrival time)
  Source:                 FDPE_1/C
                            (rising edge-triggered cell FDPE clocked by soc_crg_clkout0  {rise@0.000ns fall@6.667ns period=13.333ns})
  Destination:            Cfu/fn0/store_output_multiplier_set/count_reg[5]/R
                            (rising edge-triggered cell FDRE clocked by soc_crg_clkout0  {rise@0.000ns fall@6.667ns period=13.333ns})
  Path Group:             soc_crg_clkout0
  Path Type:              Setup (Max at Slow Process Corner)
  Requirement:            13.333ns  (soc_crg_clkout0 rise@13.333ns - soc_crg_clkout0 rise@0.000ns)
  Data Path Delay:        12.316ns  (logic 0.478ns (3.881%)  route 11.838ns (96.119%))
  Logic Levels:           0  
  Clock Path Skew:        -0.019ns (DCD - SCD + CPR)
    Destination Clock Delay (DCD):    10.325ns = ( 23.658 - 13.333 ) 
    Source Clock Delay      (SCD):    11.026ns
    Clock Pessimism Removal (CPR):    0.682ns
  Clock Uncertainty:      0.070ns  ((TSJ^2 + DJ^2)^1/2) / 2 + PE
    Total System Jitter     (TSJ):    0.071ns
    Discrete Jitter          (DJ):    0.121ns
    Phase Error              (PE):    0.000ns

    Location             Delay type                Incr(ns)  Path(ns)    Netlist Resource(s)
  -------------------------------------------------------------------    -------------------
                         (clock soc_crg_clkout0 rise edge)
                                                      0.000     0.000 r  
    E3                                                0.000     0.000 r  clk100 (IN)
                         net (fo=0)                   0.000     0.000    clk100
    E3                   IBUF (Prop_ibuf_I_O)         1.482     1.482 r  clk100_IBUF_inst/O
                         net (fo=1, routed)           2.025     3.506    clk100_IBUF
    BUFGCTRL_X0Y16       BUFG (Prop_bufg_I_O)         0.096     3.602 r  clk100_IBUF_BUFG_inst/O
                         net (fo=1, routed)           2.549     6.151    clk100_IBUF_BUFG
    SLICE_X1Y14          LUT1 (Prop_lut1_I0_O)        0.124     6.275 r  clk100_inst/O
                         net (fo=9, routed)           0.838     7.113    soc_crg_clkin
    MMCME2_ADV_X0Y0      MMCME2_ADV (Prop_mmcme2_adv_CLKIN1_CLKOUT0)
                                                      0.088     7.201 r  MMCME2_ADV/CLKOUT0
                         net (fo=1, routed)           2.018     9.220    soc_crg_clkout0
    BUFGCTRL_X0Y0        BUFG (Prop_bufg_I_O)         0.096     9.316 r  BUFG/O
                         net (fo=5509, routed)        1.710    11.026    sys_clk
    SLICE_X78Y67         FDPE                                         r  FDPE_1/C
  -------------------------------------------------------------------    -------------------
    SLICE_X78Y67         FDPE (Prop_fdpe_C_Q)         0.478    11.504 r  FDPE_1/Q
                         net (fo=2617, routed)       11.838    23.342    Cfu/fn0/store_output_multiplier_set/sys_rst
    SLICE_X25Y10         FDRE                                         r  Cfu/fn0/store_output_multiplier_set/count_reg[5]/R
  -------------------------------------------------------------------    -------------------

                         (clock soc_crg_clkout0 rise edge)
                                                     13.333    13.333 r  
    E3                                                0.000    13.333 r  clk100 (IN)
                         net (fo=0)                   0.000    13.333    clk100
    E3                   IBUF (Prop_ibuf_I_O)         1.411    14.745 r  clk100_IBUF_inst/O
                         net (fo=1, routed)           1.920    16.665    clk100_IBUF
    BUFGCTRL_X0Y16       BUFG (Prop_bufg_I_O)         0.091    16.756 r  clk100_IBUF_BUFG_inst/O
                         net (fo=1, routed)           2.291    19.046    clk100_IBUF_BUFG
    SLICE_X1Y14          LUT1 (Prop_lut1_I0_O)        0.100    19.146 r  clk100_inst/O
                         net (fo=9, routed)           0.732    19.878    soc_crg_clkin
    MMCME2_ADV_X0Y0      MMCME2_ADV (Prop_mmcme2_adv_CLKIN1_CLKOUT0)
                                                      0.083    19.961 r  MMCME2_ADV/CLKOUT0
                         net (fo=1, routed)           1.923    21.884    soc_crg_clkout0
    BUFGCTRL_X0Y0        BUFG (Prop_bufg_I_O)         0.091    21.975 r  BUFG/O
                         net (fo=5509, routed)        1.683    23.658    Cfu/fn0/store_output_multiplier_set/out
    SLICE_X25Y10         FDRE                                         r  Cfu/fn0/store_output_multiplier_set/count_reg[5]/C
                         clock pessimism              0.682    24.340    
                         clock uncertainty           -0.070    24.270    
    SLICE_X25Y10         FDRE (Setup_fdre_C_R)       -0.600    23.670    Cfu/fn0/store_output_multiplier_set/count_reg[5]
  -------------------------------------------------------------------
                         required time                         23.670    
                         arrival time                         -23.342    
  -------------------------------------------------------------------
                         slack                                  0.328    

Slack (MET) :             0.328ns  (required time - arrival time)
  Source:                 FDPE_1/C
                            (rising edge-triggered cell FDPE clocked by soc_crg_clkout0  {rise@0.000ns fall@6.667ns period=13.333ns})
  Destination:            Cfu/fn0/store_output_multiplier_set/count_reg[6]/R
                            (rising edge-triggered cell FDRE clocked by soc_crg_clkout0  {rise@0.000ns fall@6.667ns period=13.333ns})
  Path Group:             soc_crg_clkout0
  Path Type:              Setup (Max at Slow Process Corner)
  Requirement:            13.333ns  (soc_crg_clkout0 rise@13.333ns - soc_crg_clkout0 rise@0.000ns)
  Data Path Delay:        12.316ns  (logic 0.478ns (3.881%)  route 11.838ns (96.119%))
  Logic Levels:           0  
  Clock Path Skew:        -0.019ns (DCD - SCD + CPR)
    Destination Clock Delay (DCD):    10.325ns = ( 23.658 - 13.333 ) 
    Source Clock Delay      (SCD):    11.026ns
    Clock Pessimism Removal (CPR):    0.682ns
  Clock Uncertainty:      0.070ns  ((TSJ^2 + DJ^2)^1/2) / 2 + PE
    Total System Jitter     (TSJ):    0.071ns
    Discrete Jitter          (DJ):    0.121ns
    Phase Error              (PE):    0.000ns

    Location             Delay type                Incr(ns)  Path(ns)    Netlist Resource(s)
  -------------------------------------------------------------------    -------------------
                         (clock soc_crg_clkout0 rise edge)
                                                      0.000     0.000 r  
    E3                                                0.000     0.000 r  clk100 (IN)
                         net (fo=0)                   0.000     0.000    clk100
    E3                   IBUF (Prop_ibuf_I_O)         1.482     1.482 r  clk100_IBUF_inst/O
                         net (fo=1, routed)           2.025     3.506    clk100_IBUF
    BUFGCTRL_X0Y16       BUFG (Prop_bufg_I_O)         0.096     3.602 r  clk100_IBUF_BUFG_inst/O
                         net (fo=1, routed)           2.549     6.151    clk100_IBUF_BUFG
    SLICE_X1Y14          LUT1 (Prop_lut1_I0_O)        0.124     6.275 r  clk100_inst/O
                         net (fo=9, routed)           0.838     7.113    soc_crg_clkin
    MMCME2_ADV_X0Y0      MMCME2_ADV (Prop_mmcme2_adv_CLKIN1_CLKOUT0)
                                                      0.088     7.201 r  MMCME2_ADV/CLKOUT0
                         net (fo=1, routed)           2.018     9.220    soc_crg_clkout0
    BUFGCTRL_X0Y0        BUFG (Prop_bufg_I_O)         0.096     9.316 r  BUFG/O
                         net (fo=5509, routed)        1.710    11.026    sys_clk
    SLICE_X78Y67         FDPE                                         r  FDPE_1/C
  -------------------------------------------------------------------    -------------------
    SLICE_X78Y67         FDPE (Prop_fdpe_C_Q)         0.478    11.504 r  FDPE_1/Q
                         net (fo=2617, routed)       11.838    23.342    Cfu/fn0/store_output_multiplier_set/sys_rst
    SLICE_X25Y10         FDRE                                         r  Cfu/fn0/store_output_multiplier_set/count_reg[6]/R
  -------------------------------------------------------------------    -------------------

                         (clock soc_crg_clkout0 rise edge)
                                                     13.333    13.333 r  
    E3                                                0.000    13.333 r  clk100 (IN)
                         net (fo=0)                   0.000    13.333    clk100
    E3                   IBUF (Prop_ibuf_I_O)         1.411    14.745 r  clk100_IBUF_inst/O
                         net (fo=1, routed)           1.920    16.665    clk100_IBUF
    BUFGCTRL_X0Y16       BUFG (Prop_bufg_I_O)         0.091    16.756 r  clk100_IBUF_BUFG_inst/O
                         net (fo=1, routed)           2.291    19.046    clk100_IBUF_BUFG
    SLICE_X1Y14          LUT1 (Prop_lut1_I0_O)        0.100    19.146 r  clk100_inst/O
                         net (fo=9, routed)           0.732    19.878    soc_crg_clkin
    MMCME2_ADV_X0Y0      MMCME2_ADV (Prop_mmcme2_adv_CLKIN1_CLKOUT0)
                                                      0.083    19.961 r  MMCME2_ADV/CLKOUT0
                         net (fo=1, routed)           1.923    21.884    soc_crg_clkout0
    BUFGCTRL_X0Y0        BUFG (Prop_bufg_I_O)         0.091    21.975 r  BUFG/O
                         net (fo=5509, routed)        1.683    23.658    Cfu/fn0/store_output_multiplier_set/out
    SLICE_X25Y10         FDRE                                         r  Cfu/fn0/store_output_multiplier_set/count_reg[6]/C
                         clock pessimism              0.682    24.340    
                         clock uncertainty           -0.070    24.270    
    SLICE_X25Y10         FDRE (Setup_fdre_C_R)       -0.600    23.670    Cfu/fn0/store_output_multiplier_set/count_reg[6]
  -------------------------------------------------------------------
                         required time                         23.670    
                         arrival time                         -23.342    
  -------------------------------------------------------------------
                         slack                                  0.328    

Slack (MET) :             0.343ns  (required time - arrival time)
  Source:                 FDPE_1/C
                            (rising edge-triggered cell FDPE clocked by soc_crg_clkout0  {rise@0.000ns fall@6.667ns period=13.333ns})
  Destination:            Cfu/fn0/fvf/smr_0/was_restart_reg/R
                            (rising edge-triggered cell FDRE clocked by soc_crg_clkout0  {rise@0.000ns fall@6.667ns period=13.333ns})
  Path Group:             soc_crg_clkout0
  Path Type:              Setup (Max at Slow Process Corner)
  Requirement:            13.333ns  (soc_crg_clkout0 rise@13.333ns - soc_crg_clkout0 rise@0.000ns)
  Data Path Delay:        12.386ns  (logic 0.478ns (3.859%)  route 11.908ns (96.141%))
  Logic Levels:           0  
  Clock Path Skew:        0.065ns (DCD - SCD + CPR)
    Destination Clock Delay (DCD):    10.409ns = ( 23.742 - 13.333 ) 
    Source Clock Delay      (SCD):    11.026ns
    Clock Pessimism Removal (CPR):    0.682ns
  Clock Uncertainty:      0.070ns  ((TSJ^2 + DJ^2)^1/2) / 2 + PE
    Total System Jitter     (TSJ):    0.071ns
    Discrete Jitter          (DJ):    0.121ns
    Phase Error              (PE):    0.000ns

    Location             Delay type                Incr(ns)  Path(ns)    Netlist Resource(s)
  -------------------------------------------------------------------    -------------------
                         (clock soc_crg_clkout0 rise edge)
                                                      0.000     0.000 r  
    E3                                                0.000     0.000 r  clk100 (IN)
                         net (fo=0)                   0.000     0.000    clk100
    E3                   IBUF (Prop_ibuf_I_O)         1.482     1.482 r  clk100_IBUF_inst/O
                         net (fo=1, routed)           2.025     3.506    clk100_IBUF
    BUFGCTRL_X0Y16       BUFG (Prop_bufg_I_O)         0.096     3.602 r  clk100_IBUF_BUFG_inst/O
                         net (fo=1, routed)           2.549     6.151    clk100_IBUF_BUFG
    SLICE_X1Y14          LUT1 (Prop_lut1_I0_O)        0.124     6.275 r  clk100_inst/O
                         net (fo=9, routed)           0.838     7.113    soc_crg_clkin
    MMCME2_ADV_X0Y0      MMCME2_ADV (Prop_mmcme2_adv_CLKIN1_CLKOUT0)
                                                      0.088     7.201 r  MMCME2_ADV/CLKOUT0
                         net (fo=1, routed)           2.018     9.220    soc_crg_clkout0
    BUFGCTRL_X0Y0        BUFG (Prop_bufg_I_O)         0.096     9.316 r  BUFG/O
                         net (fo=5509, routed)        1.710    11.026    sys_clk
    SLICE_X78Y67         FDPE                                         r  FDPE_1/C
  -------------------------------------------------------------------    -------------------
    SLICE_X78Y67         FDPE (Prop_fdpe_C_Q)         0.478    11.504 r  FDPE_1/Q
                         net (fo=2617, routed)       11.908    23.412    Cfu/fn0/fvf/smr_0/sys_rst
    SLICE_X4Y3           FDRE                                         r  Cfu/fn0/fvf/smr_0/was_restart_reg/R
  -------------------------------------------------------------------    -------------------

                         (clock soc_crg_clkout0 rise edge)
                                                     13.333    13.333 r  
    E3                                                0.000    13.333 r  clk100 (IN)
                         net (fo=0)                   0.000    13.333    clk100
    E3                   IBUF (Prop_ibuf_I_O)         1.411    14.745 r  clk100_IBUF_inst/O
                         net (fo=1, routed)           1.920    16.665    clk100_IBUF
    BUFGCTRL_X0Y16       BUFG (Prop_bufg_I_O)         0.091    16.756 r  clk100_IBUF_BUFG_inst/O
                         net (fo=1, routed)           2.291    19.046    clk100_IBUF_BUFG
    SLICE_X1Y14          LUT1 (Prop_lut1_I0_O)        0.100    19.146 r  clk100_inst/O
                         net (fo=9, routed)           0.732    19.878    soc_crg_clkin
    MMCME2_ADV_X0Y0      MMCME2_ADV (Prop_mmcme2_adv_CLKIN1_CLKOUT0)
                                                      0.083    19.961 r  MMCME2_ADV/CLKOUT0
                         net (fo=1, routed)           1.923    21.884    soc_crg_clkout0
    BUFGCTRL_X0Y0        BUFG (Prop_bufg_I_O)         0.091    21.975 r  BUFG/O
                         net (fo=5509, routed)        1.767    23.742    Cfu/fn0/fvf/smr_0/out
    SLICE_X4Y3           FDRE                                         r  Cfu/fn0/fvf/smr_0/was_restart_reg/C
                         clock pessimism              0.682    24.424    
                         clock uncertainty           -0.070    24.354    
    SLICE_X4Y3           FDRE (Setup_fdre_C_R)       -0.600    23.754    Cfu/fn0/fvf/smr_0/was_restart_reg
  -------------------------------------------------------------------
                         required time                         23.754    
                         arrival time                         -23.412    
  -------------------------------------------------------------------
                         slack                                  0.343    

Slack (MET) :             0.343ns  (required time - arrival time)
  Source:                 FDPE_1/C
                            (rising edge-triggered cell FDPE clocked by soc_crg_clkout0  {rise@0.000ns fall@6.667ns period=13.333ns})
  Destination:            Cfu/fn0/fvf/smr_2/last_mem_addr_reg[0]/R
                            (rising edge-triggered cell FDRE clocked by soc_crg_clkout0  {rise@0.000ns fall@6.667ns period=13.333ns})
  Path Group:             soc_crg_clkout0
  Path Type:              Setup (Max at Slow Process Corner)
  Requirement:            13.333ns  (soc_crg_clkout0 rise@13.333ns - soc_crg_clkout0 rise@0.000ns)
  Data Path Delay:        12.386ns  (logic 0.478ns (3.859%)  route 11.908ns (96.141%))
  Logic Levels:           0  
  Clock Path Skew:        0.065ns (DCD - SCD + CPR)
    Destination Clock Delay (DCD):    10.409ns = ( 23.742 - 13.333 ) 
    Source Clock Delay      (SCD):    11.026ns
    Clock Pessimism Removal (CPR):    0.682ns
  Clock Uncertainty:      0.070ns  ((TSJ^2 + DJ^2)^1/2) / 2 + PE
    Total System Jitter     (TSJ):    0.071ns
    Discrete Jitter          (DJ):    0.121ns
    Phase Error              (PE):    0.000ns

    Location             Delay type                Incr(ns)  Path(ns)    Netlist Resource(s)
  -------------------------------------------------------------------    -------------------
                         (clock soc_crg_clkout0 rise edge)
                                                      0.000     0.000 r  
    E3                                                0.000     0.000 r  clk100 (IN)
                         net (fo=0)                   0.000     0.000    clk100
    E3                   IBUF (Prop_ibuf_I_O)         1.482     1.482 r  clk100_IBUF_inst/O
                         net (fo=1, routed)           2.025     3.506    clk100_IBUF
    BUFGCTRL_X0Y16       BUFG (Prop_bufg_I_O)         0.096     3.602 r  clk100_IBUF_BUFG_inst/O
                         net (fo=1, routed)           2.549     6.151    clk100_IBUF_BUFG
    SLICE_X1Y14          LUT1 (Prop_lut1_I0_O)        0.124     6.275 r  clk100_inst/O
                         net (fo=9, routed)           0.838     7.113    soc_crg_clkin
    MMCME2_ADV_X0Y0      MMCME2_ADV (Prop_mmcme2_adv_CLKIN1_CLKOUT0)
                                                      0.088     7.201 r  MMCME2_ADV/CLKOUT0
                         net (fo=1, routed)           2.018     9.220    soc_crg_clkout0
    BUFGCTRL_X0Y0        BUFG (Prop_bufg_I_O)         0.096     9.316 r  BUFG/O
                         net (fo=5509, routed)        1.710    11.026    sys_clk
    SLICE_X78Y67         FDPE                                         r  FDPE_1/C
  -------------------------------------------------------------------    -------------------
    SLICE_X78Y67         FDPE (Prop_fdpe_C_Q)         0.478    11.504 r  FDPE_1/Q
                         net (fo=2617, routed)       11.908    23.412    Cfu/fn0/fvf/smr_2/sys_rst
    SLICE_X4Y3           FDRE                                         r  Cfu/fn0/fvf/smr_2/last_mem_addr_reg[0]/R
  -------------------------------------------------------------------    -------------------

                         (clock soc_crg_clkout0 rise edge)
                                                     13.333    13.333 r  
    E3                                                0.000    13.333 r  clk100 (IN)
                         net (fo=0)                   0.000    13.333    clk100
    E3                   IBUF (Prop_ibuf_I_O)         1.411    14.745 r  clk100_IBUF_inst/O
                         net (fo=1, routed)           1.920    16.665    clk100_IBUF
    BUFGCTRL_X0Y16       BUFG (Prop_bufg_I_O)         0.091    16.756 r  clk100_IBUF_BUFG_inst/O
                         net (fo=1, routed)           2.291    19.046    clk100_IBUF_BUFG
    SLICE_X1Y14          LUT1 (Prop_lut1_I0_O)        0.100    19.146 r  clk100_inst/O
                         net (fo=9, routed)           0.732    19.878    soc_crg_clkin
    MMCME2_ADV_X0Y0      MMCME2_ADV (Prop_mmcme2_adv_CLKIN1_CLKOUT0)
                                                      0.083    19.961 r  MMCME2_ADV/CLKOUT0
                         net (fo=1, routed)           1.923    21.884    soc_crg_clkout0
    BUFGCTRL_X0Y0        BUFG (Prop_bufg_I_O)         0.091    21.975 r  BUFG/O
                         net (fo=5509, routed)        1.767    23.742    Cfu/fn0/fvf/smr_2/out
    SLICE_X4Y3           FDRE                                         r  Cfu/fn0/fvf/smr_2/last_mem_addr_reg[0]/C
                         clock pessimism              0.682    24.424    
                         clock uncertainty           -0.070    24.354    
    SLICE_X4Y3           FDRE (Setup_fdre_C_R)       -0.600    23.754    Cfu/fn0/fvf/smr_2/last_mem_addr_reg[0]
  -------------------------------------------------------------------
                         required time                         23.754    
                         arrival time                         -23.412    
  -------------------------------------------------------------------
                         slack                                  0.343    

Slack (MET) :             0.343ns  (required time - arrival time)
  Source:                 FDPE_1/C
                            (rising edge-triggered cell FDPE clocked by soc_crg_clkout0  {rise@0.000ns fall@6.667ns period=13.333ns})
  Destination:            Cfu/fn0/fvf/smr_2/last_mem_addr_reg[1]/R
                            (rising edge-triggered cell FDRE clocked by soc_crg_clkout0  {rise@0.000ns fall@6.667ns period=13.333ns})
  Path Group:             soc_crg_clkout0
  Path Type:              Setup (Max at Slow Process Corner)
  Requirement:            13.333ns  (soc_crg_clkout0 rise@13.333ns - soc_crg_clkout0 rise@0.000ns)
  Data Path Delay:        12.386ns  (logic 0.478ns (3.859%)  route 11.908ns (96.141%))
  Logic Levels:           0  
  Clock Path Skew:        0.065ns (DCD - SCD + CPR)
    Destination Clock Delay (DCD):    10.409ns = ( 23.742 - 13.333 ) 
    Source Clock Delay      (SCD):    11.026ns
    Clock Pessimism Removal (CPR):    0.682ns
  Clock Uncertainty:      0.070ns  ((TSJ^2 + DJ^2)^1/2) / 2 + PE
    Total System Jitter     (TSJ):    0.071ns
    Discrete Jitter          (DJ):    0.121ns
    Phase Error              (PE):    0.000ns

    Location             Delay type                Incr(ns)  Path(ns)    Netlist Resource(s)
  -------------------------------------------------------------------    -------------------
                         (clock soc_crg_clkout0 rise edge)
                                                      0.000     0.000 r  
    E3                                                0.000     0.000 r  clk100 (IN)
                         net (fo=0)                   0.000     0.000    clk100
    E3                   IBUF (Prop_ibuf_I_O)         1.482     1.482 r  clk100_IBUF_inst/O
                         net (fo=1, routed)           2.025     3.506    clk100_IBUF
    BUFGCTRL_X0Y16       BUFG (Prop_bufg_I_O)         0.096     3.602 r  clk100_IBUF_BUFG_inst/O
                         net (fo=1, routed)           2.549     6.151    clk100_IBUF_BUFG
    SLICE_X1Y14          LUT1 (Prop_lut1_I0_O)        0.124     6.275 r  clk100_inst/O
                         net (fo=9, routed)           0.838     7.113    soc_crg_clkin
    MMCME2_ADV_X0Y0      MMCME2_ADV (Prop_mmcme2_adv_CLKIN1_CLKOUT0)
                                                      0.088     7.201 r  MMCME2_ADV/CLKOUT0
                         net (fo=1, routed)           2.018     9.220    soc_crg_clkout0
    BUFGCTRL_X0Y0        BUFG (Prop_bufg_I_O)         0.096     9.316 r  BUFG/O
                         net (fo=5509, routed)        1.710    11.026    sys_clk
    SLICE_X78Y67         FDPE                                         r  FDPE_1/C
  -------------------------------------------------------------------    -------------------
    SLICE_X78Y67         FDPE (Prop_fdpe_C_Q)         0.478    11.504 r  FDPE_1/Q
                         net (fo=2617, routed)       11.908    23.412    Cfu/fn0/fvf/smr_2/sys_rst
    SLICE_X4Y3           FDRE                                         r  Cfu/fn0/fvf/smr_2/last_mem_addr_reg[1]/R
  -------------------------------------------------------------------    -------------------

                         (clock soc_crg_clkout0 rise edge)
                                                     13.333    13.333 r  
    E3                                                0.000    13.333 r  clk100 (IN)
                         net (fo=0)                   0.000    13.333    clk100
    E3                   IBUF (Prop_ibuf_I_O)         1.411    14.745 r  clk100_IBUF_inst/O
                         net (fo=1, routed)           1.920    16.665    clk100_IBUF
    BUFGCTRL_X0Y16       BUFG (Prop_bufg_I_O)         0.091    16.756 r  clk100_IBUF_BUFG_inst/O
                         net (fo=1, routed)           2.291    19.046    clk100_IBUF_BUFG
    SLICE_X1Y14          LUT1 (Prop_lut1_I0_O)        0.100    19.146 r  clk100_inst/O
                         net (fo=9, routed)           0.732    19.878    soc_crg_clkin
    MMCME2_ADV_X0Y0      MMCME2_ADV (Prop_mmcme2_adv_CLKIN1_CLKOUT0)
                                                      0.083    19.961 r  MMCME2_ADV/CLKOUT0
                         net (fo=1, routed)           1.923    21.884    soc_crg_clkout0
    BUFGCTRL_X0Y0        BUFG (Prop_bufg_I_O)         0.091    21.975 r  BUFG/O
                         net (fo=5509, routed)        1.767    23.742    Cfu/fn0/fvf/smr_2/out
    SLICE_X4Y3           FDRE                                         r  Cfu/fn0/fvf/smr_2/last_mem_addr_reg[1]/C
                         clock pessimism              0.682    24.424    
                         clock uncertainty           -0.070    24.354    
    SLICE_X4Y3           FDRE (Setup_fdre_C_R)       -0.600    23.754    Cfu/fn0/fvf/smr_2/last_mem_addr_reg[1]
  -------------------------------------------------------------------
                         required time                         23.754    
                         arrival time                         -23.412    
  -------------------------------------------------------------------
                         slack                                  0.343    

Slack (MET) :             0.346ns  (required time - arrival time)
  Source:                 FDPE_1/C
                            (rising edge-triggered cell FDPE clocked by soc_crg_clkout0  {rise@0.000ns fall@6.667ns period=13.333ns})
  Destination:            Cfu/fn0/madd/f_tmp_reg[6]/R
                            (rising edge-triggered cell FDRE clocked by soc_crg_clkout0  {rise@0.000ns fall@6.667ns period=13.333ns})
  Path Group:             soc_crg_clkout0
  Path Type:              Setup (Max at Slow Process Corner)
  Requirement:            13.333ns  (soc_crg_clkout0 rise@13.333ns - soc_crg_clkout0 rise@0.000ns)
  Data Path Delay:        12.285ns  (logic 0.478ns (3.891%)  route 11.807ns (96.109%))
  Logic Levels:           0  
  Clock Path Skew:        0.063ns (DCD - SCD + CPR)
    Destination Clock Delay (DCD):    10.407ns = ( 23.740 - 13.333 ) 
    Source Clock Delay      (SCD):    11.026ns
    Clock Pessimism Removal (CPR):    0.682ns
  Clock Uncertainty:      0.070ns  ((TSJ^2 + DJ^2)^1/2) / 2 + PE
    Total System Jitter     (TSJ):    0.071ns
    Discrete Jitter          (DJ):    0.121ns
    Phase Error              (PE):    0.000ns

    Location             Delay type                Incr(ns)  Path(ns)    Netlist Resource(s)
  -------------------------------------------------------------------    -------------------
                         (clock soc_crg_clkout0 rise edge)
                                                      0.000     0.000 r  
    E3                                                0.000     0.000 r  clk100 (IN)
                         net (fo=0)                   0.000     0.000    clk100
    E3                   IBUF (Prop_ibuf_I_O)         1.482     1.482 r  clk100_IBUF_inst/O
                         net (fo=1, routed)           2.025     3.506    clk100_IBUF
    BUFGCTRL_X0Y16       BUFG (Prop_bufg_I_O)         0.096     3.602 r  clk100_IBUF_BUFG_inst/O
                         net (fo=1, routed)           2.549     6.151    clk100_IBUF_BUFG
    SLICE_X1Y14          LUT1 (Prop_lut1_I0_O)        0.124     6.275 r  clk100_inst/O
                         net (fo=9, routed)           0.838     7.113    soc_crg_clkin
    MMCME2_ADV_X0Y0      MMCME2_ADV (Prop_mmcme2_adv_CLKIN1_CLKOUT0)
                                                      0.088     7.201 r  MMCME2_ADV/CLKOUT0
                         net (fo=1, routed)           2.018     9.220    soc_crg_clkout0
    BUFGCTRL_X0Y0        BUFG (Prop_bufg_I_O)         0.096     9.316 r  BUFG/O
                         net (fo=5509, routed)        1.710    11.026    sys_clk
    SLICE_X78Y67         FDPE                                         r  FDPE_1/C
  -------------------------------------------------------------------    -------------------
    SLICE_X78Y67         FDPE (Prop_fdpe_C_Q)         0.478    11.504 r  FDPE_1/Q
                         net (fo=2617, routed)       11.807    23.311    Cfu/fn0/madd/sys_rst
    SLICE_X6Y9           FDRE                                         r  Cfu/fn0/madd/f_tmp_reg[6]/R
  -------------------------------------------------------------------    -------------------

                         (clock soc_crg_clkout0 rise edge)
                                                     13.333    13.333 r  
    E3                                                0.000    13.333 r  clk100 (IN)
                         net (fo=0)                   0.000    13.333    clk100
    E3                   IBUF (Prop_ibuf_I_O)         1.411    14.745 r  clk100_IBUF_inst/O
                         net (fo=1, routed)           1.920    16.665    clk100_IBUF
    BUFGCTRL_X0Y16       BUFG (Prop_bufg_I_O)         0.091    16.756 r  clk100_IBUF_BUFG_inst/O
                         net (fo=1, routed)           2.291    19.046    clk100_IBUF_BUFG
    SLICE_X1Y14          LUT1 (Prop_lut1_I0_O)        0.100    19.146 r  clk100_inst/O
                         net (fo=9, routed)           0.732    19.878    soc_crg_clkin
    MMCME2_ADV_X0Y0      MMCME2_ADV (Prop_mmcme2_adv_CLKIN1_CLKOUT0)
                                                      0.083    19.961 r  MMCME2_ADV/CLKOUT0
                         net (fo=1, routed)           1.923    21.884    soc_crg_clkout0
    BUFGCTRL_X0Y0        BUFG (Prop_bufg_I_O)         0.091    21.975 r  BUFG/O
                         net (fo=5509, routed)        1.765    23.740    Cfu/fn0/madd/out
    SLICE_X6Y9           FDRE                                         r  Cfu/fn0/madd/f_tmp_reg[6]/C
                         clock pessimism              0.682    24.422    
                         clock uncertainty           -0.070    24.352    
    SLICE_X6Y9           FDRE (Setup_fdre_C_R)       -0.695    23.657    Cfu/fn0/madd/f_tmp_reg[6]
  -------------------------------------------------------------------
                         required time                         23.657    
                         arrival time                         -23.311    
  -------------------------------------------------------------------
                         slack                                  0.346    





Min Delay Paths
--------------------------------------------------------------------------------------
Slack (MET) :             0.048ns  (arrival time - required time)
  Source:                 VexRiscv/IBusCachedPlugin_cache/lineLoader_address_reg[15]/C
                            (rising edge-triggered cell FDRE clocked by soc_crg_clkout0  {rise@0.000ns fall@6.667ns period=13.333ns})
  Destination:            VexRiscv/IBusCachedPlugin_cache/ways_0_tags_reg/DIADI[5]
                            (rising edge-triggered cell RAMB18E1 clocked by soc_crg_clkout0  {rise@0.000ns fall@6.667ns period=13.333ns})
  Path Group:             soc_crg_clkout0
  Path Type:              Hold (Min at Fast Process Corner)
  Requirement:            0.000ns  (soc_crg_clkout0 rise@0.000ns - soc_crg_clkout0 rise@0.000ns)
  Data Path Delay:        0.263ns  (logic 0.141ns (53.576%)  route 0.122ns (46.424%))
  Logic Levels:           0  
  Clock Path Skew:        0.060ns (DCD - SCD - CPR)
    Destination Clock Delay (DCD):    4.576ns
    Source Clock Delay      (SCD):    3.571ns
    Clock Pessimism Removal (CPR):    0.945ns

    Location             Delay type                Incr(ns)  Path(ns)    Netlist Resource(s)
  -------------------------------------------------------------------    -------------------
                         (clock soc_crg_clkout0 rise edge)
                                                      0.000     0.000 r  
    E3                                                0.000     0.000 r  clk100 (IN)
                         net (fo=0)                   0.000     0.000    clk100
    E3                   IBUF (Prop_ibuf_I_O)         0.250     0.250 r  clk100_IBUF_inst/O
                         net (fo=1, routed)           0.644     0.894    clk100_IBUF
    BUFGCTRL_X0Y16       BUFG (Prop_bufg_I_O)         0.026     0.920 r  clk100_IBUF_BUFG_inst/O
                         net (fo=1, routed)           0.889     1.809    clk100_IBUF_BUFG
    SLICE_X1Y14          LUT1 (Prop_lut1_I0_O)        0.045     1.854 r  clk100_inst/O
                         net (fo=9, routed)           0.365     2.219    soc_crg_clkin
    MMCME2_ADV_X0Y0      MMCME2_ADV (Prop_mmcme2_adv_CLKIN1_CLKOUT0)
                                                      0.050     2.269 r  MMCME2_ADV/CLKOUT0
                         net (fo=1, routed)           0.648     2.916    soc_crg_clkout0
    BUFGCTRL_X0Y0        BUFG (Prop_bufg_I_O)         0.026     2.942 r  BUFG/O
                         net (fo=5509, routed)        0.628     3.571    VexRiscv/IBusCachedPlugin_cache/ways_0_tags_reg_0
    SLICE_X63Y14         FDRE                                         r  VexRiscv/IBusCachedPlugin_cache/lineLoader_address_reg[15]/C
  -------------------------------------------------------------------    -------------------
    SLICE_X63Y14         FDRE (Prop_fdre_C_Q)         0.141     3.712 r  VexRiscv/IBusCachedPlugin_cache/lineLoader_address_reg[15]/Q
                         net (fo=2, routed)           0.122     3.834    VexRiscv/IBusCachedPlugin_cache/lineLoader_address[15]
    RAMB18_X1Y5          RAMB18E1                                     r  VexRiscv/IBusCachedPlugin_cache/ways_0_tags_reg/DIADI[5]
  -------------------------------------------------------------------    -------------------

                         (clock soc_crg_clkout0 rise edge)
                                                      0.000     0.000 r  
    E3                                                0.000     0.000 r  clk100 (IN)
                         net (fo=0)                   0.000     0.000    clk100
    E3                   IBUF (Prop_ibuf_I_O)         0.438     0.438 r  clk100_IBUF_inst/O
                         net (fo=1, routed)           0.699     1.136    clk100_IBUF
    BUFGCTRL_X0Y16       BUFG (Prop_bufg_I_O)         0.029     1.165 r  clk100_IBUF_BUFG_inst/O
                         net (fo=1, routed)           1.215     2.381    clk100_IBUF_BUFG
    SLICE_X1Y14          LUT1 (Prop_lut1_I0_O)        0.056     2.437 r  clk100_inst/O
                         net (fo=9, routed)           0.410     2.846    soc_crg_clkin
    MMCME2_ADV_X0Y0      MMCME2_ADV (Prop_mmcme2_adv_CLKIN1_CLKOUT0)
                                                      0.053     2.899 r  MMCME2_ADV/CLKOUT0
                         net (fo=1, routed)           0.700     3.600    soc_crg_clkout0
    BUFGCTRL_X0Y0        BUFG (Prop_bufg_I_O)         0.029     3.629 r  BUFG/O
                         net (fo=5509, routed)        0.947     4.576    VexRiscv/IBusCachedPlugin_cache/ways_0_tags_reg_0
    RAMB18_X1Y5          RAMB18E1                                     r  VexRiscv/IBusCachedPlugin_cache/ways_0_tags_reg/CLKBWRCLK
                         clock pessimism             -0.945     3.631    
    RAMB18_X1Y5          RAMB18E1 (Hold_ramb18e1_CLKBWRCLK_DIADI[5])
                                                      0.155     3.786    VexRiscv/IBusCachedPlugin_cache/ways_0_tags_reg
  -------------------------------------------------------------------
                         required time                         -3.786    
                         arrival time                           3.834    
  -------------------------------------------------------------------
                         slack                                  0.048    

Slack (MET) :             0.048ns  (arrival time - required time)
  Source:                 VexRiscv/IBusCachedPlugin_cache/lineLoader_address_reg[16]/C
                            (rising edge-triggered cell FDRE clocked by soc_crg_clkout0  {rise@0.000ns fall@6.667ns period=13.333ns})
  Destination:            VexRiscv/IBusCachedPlugin_cache/ways_0_tags_reg/DIADI[6]
                            (rising edge-triggered cell RAMB18E1 clocked by soc_crg_clkout0  {rise@0.000ns fall@6.667ns period=13.333ns})
  Path Group:             soc_crg_clkout0
  Path Type:              Hold (Min at Fast Process Corner)
  Requirement:            0.000ns  (soc_crg_clkout0 rise@0.000ns - soc_crg_clkout0 rise@0.000ns)
  Data Path Delay:        0.263ns  (logic 0.141ns (53.576%)  route 0.122ns (46.424%))
  Logic Levels:           0  
  Clock Path Skew:        0.060ns (DCD - SCD - CPR)
    Destination Clock Delay (DCD):    4.576ns
    Source Clock Delay      (SCD):    3.571ns
    Clock Pessimism Removal (CPR):    0.945ns

    Location             Delay type                Incr(ns)  Path(ns)    Netlist Resource(s)
  -------------------------------------------------------------------    -------------------
                         (clock soc_crg_clkout0 rise edge)
                                                      0.000     0.000 r  
    E3                                                0.000     0.000 r  clk100 (IN)
                         net (fo=0)                   0.000     0.000    clk100
    E3                   IBUF (Prop_ibuf_I_O)         0.250     0.250 r  clk100_IBUF_inst/O
                         net (fo=1, routed)           0.644     0.894    clk100_IBUF
    BUFGCTRL_X0Y16       BUFG (Prop_bufg_I_O)         0.026     0.920 r  clk100_IBUF_BUFG_inst/O
                         net (fo=1, routed)           0.889     1.809    clk100_IBUF_BUFG
    SLICE_X1Y14          LUT1 (Prop_lut1_I0_O)        0.045     1.854 r  clk100_inst/O
                         net (fo=9, routed)           0.365     2.219    soc_crg_clkin
    MMCME2_ADV_X0Y0      MMCME2_ADV (Prop_mmcme2_adv_CLKIN1_CLKOUT0)
                                                      0.050     2.269 r  MMCME2_ADV/CLKOUT0
                         net (fo=1, routed)           0.648     2.916    soc_crg_clkout0
    BUFGCTRL_X0Y0        BUFG (Prop_bufg_I_O)         0.026     2.942 r  BUFG/O
                         net (fo=5509, routed)        0.628     3.571    VexRiscv/IBusCachedPlugin_cache/ways_0_tags_reg_0
    SLICE_X63Y14         FDRE                                         r  VexRiscv/IBusCachedPlugin_cache/lineLoader_address_reg[16]/C
  -------------------------------------------------------------------    -------------------
    SLICE_X63Y14         FDRE (Prop_fdre_C_Q)         0.141     3.712 r  VexRiscv/IBusCachedPlugin_cache/lineLoader_address_reg[16]/Q
                         net (fo=3, routed)           0.122     3.834    VexRiscv/IBusCachedPlugin_cache/lineLoader_address[16]
    RAMB18_X1Y5          RAMB18E1                                     r  VexRiscv/IBusCachedPlugin_cache/ways_0_tags_reg/DIADI[6]
  -------------------------------------------------------------------    -------------------

                         (clock soc_crg_clkout0 rise edge)
                                                      0.000     0.000 r  
    E3                                                0.000     0.000 r  clk100 (IN)
                         net (fo=0)                   0.000     0.000    clk100
    E3                   IBUF (Prop_ibuf_I_O)         0.438     0.438 r  clk100_IBUF_inst/O
                         net (fo=1, routed)           0.699     1.136    clk100_IBUF
    BUFGCTRL_X0Y16       BUFG (Prop_bufg_I_O)         0.029     1.165 r  clk100_IBUF_BUFG_inst/O
                         net (fo=1, routed)           1.215     2.381    clk100_IBUF_BUFG
    SLICE_X1Y14          LUT1 (Prop_lut1_I0_O)        0.056     2.437 r  clk100_inst/O
                         net (fo=9, routed)           0.410     2.846    soc_crg_clkin
    MMCME2_ADV_X0Y0      MMCME2_ADV (Prop_mmcme2_adv_CLKIN1_CLKOUT0)
                                                      0.053     2.899 r  MMCME2_ADV/CLKOUT0
                         net (fo=1, routed)           0.700     3.600    soc_crg_clkout0
    BUFGCTRL_X0Y0        BUFG (Prop_bufg_I_O)         0.029     3.629 r  BUFG/O
                         net (fo=5509, routed)        0.947     4.576    VexRiscv/IBusCachedPlugin_cache/ways_0_tags_reg_0
    RAMB18_X1Y5          RAMB18E1                                     r  VexRiscv/IBusCachedPlugin_cache/ways_0_tags_reg/CLKBWRCLK
                         clock pessimism             -0.945     3.631    
    RAMB18_X1Y5          RAMB18E1 (Hold_ramb18e1_CLKBWRCLK_DIADI[6])
                                                      0.155     3.786    VexRiscv/IBusCachedPlugin_cache/ways_0_tags_reg
  -------------------------------------------------------------------
                         required time                         -3.786    
                         arrival time                           3.834    
  -------------------------------------------------------------------
                         slack                                  0.048    

Slack (MET) :             0.049ns  (arrival time - required time)
  Source:                 VexRiscv/dataCache_1/stageB_mmuRsp_physicalAddress_reg[14]/C
                            (rising edge-triggered cell FDRE clocked by soc_crg_clkout0  {rise@0.000ns fall@6.667ns period=13.333ns})
  Destination:            VexRiscv/dataCache_1/ways_0_tags_reg/DIADI[4]
                            (rising edge-triggered cell RAMB18E1 clocked by soc_crg_clkout0  {rise@0.000ns fall@6.667ns period=13.333ns})
  Path Group:             soc_crg_clkout0
  Path Type:              Hold (Min at Fast Process Corner)
  Requirement:            0.000ns  (soc_crg_clkout0 rise@0.000ns - soc_crg_clkout0 rise@0.000ns)
  Data Path Delay:        0.261ns  (logic 0.141ns (54.034%)  route 0.120ns (45.966%))
  Logic Levels:           0  
  Clock Path Skew:        0.056ns (DCD - SCD - CPR)
    Destination Clock Delay (DCD):    4.571ns
    Source Clock Delay      (SCD):    3.570ns
    Clock Pessimism Removal (CPR):    0.945ns

    Location             Delay type                Incr(ns)  Path(ns)    Netlist Resource(s)
  -------------------------------------------------------------------    -------------------
                         (clock soc_crg_clkout0 rise edge)
                                                      0.000     0.000 r  
    E3                                                0.000     0.000 r  clk100 (IN)
                         net (fo=0)                   0.000     0.000    clk100
    E3                   IBUF (Prop_ibuf_I_O)         0.250     0.250 r  clk100_IBUF_inst/O
                         net (fo=1, routed)           0.644     0.894    clk100_IBUF
    BUFGCTRL_X0Y16       BUFG (Prop_bufg_I_O)         0.026     0.920 r  clk100_IBUF_BUFG_inst/O
                         net (fo=1, routed)           0.889     1.809    clk100_IBUF_BUFG
    SLICE_X1Y14          LUT1 (Prop_lut1_I0_O)        0.045     1.854 r  clk100_inst/O
                         net (fo=9, routed)           0.365     2.219    soc_crg_clkin
    MMCME2_ADV_X0Y0      MMCME2_ADV (Prop_mmcme2_adv_CLKIN1_CLKOUT0)
                                                      0.050     2.269 r  MMCME2_ADV/CLKOUT0
                         net (fo=1, routed)           0.648     2.916    soc_crg_clkout0
    BUFGCTRL_X0Y0        BUFG (Prop_bufg_I_O)         0.026     2.942 r  BUFG/O
                         net (fo=5509, routed)        0.627     3.570    VexRiscv/dataCache_1/stageB_flusher_counter_reg[0]_0
    SLICE_X63Y16         FDRE                                         r  VexRiscv/dataCache_1/stageB_mmuRsp_physicalAddress_reg[14]/C
  -------------------------------------------------------------------    -------------------
    SLICE_X63Y16         FDRE (Prop_fdre_C_Q)         0.141     3.711 r  VexRiscv/dataCache_1/stageB_mmuRsp_physicalAddress_reg[14]/Q
                         net (fo=3, routed)           0.120     3.831    VexRiscv/dataCache_1/dataCache_1_io_mem_cmd_payload_address[12]
    RAMB18_X1Y6          RAMB18E1                                     r  VexRiscv/dataCache_1/ways_0_tags_reg/DIADI[4]
  -------------------------------------------------------------------    -------------------

                         (clock soc_crg_clkout0 rise edge)
                                                      0.000     0.000 r  
    E3                                                0.000     0.000 r  clk100 (IN)
                         net (fo=0)                   0.000     0.000    clk100
    E3                   IBUF (Prop_ibuf_I_O)         0.438     0.438 r  clk100_IBUF_inst/O
                         net (fo=1, routed)           0.699     1.136    clk100_IBUF
    BUFGCTRL_X0Y16       BUFG (Prop_bufg_I_O)         0.029     1.165 r  clk100_IBUF_BUFG_inst/O
                         net (fo=1, routed)           1.215     2.381    clk100_IBUF_BUFG
    SLICE_X1Y14          LUT1 (Prop_lut1_I0_O)        0.056     2.437 r  clk100_inst/O
                         net (fo=9, routed)           0.410     2.846    soc_crg_clkin
    MMCME2_ADV_X0Y0      MMCME2_ADV (Prop_mmcme2_adv_CLKIN1_CLKOUT0)
                                                      0.053     2.899 r  MMCME2_ADV/CLKOUT0
                         net (fo=1, routed)           0.700     3.600    soc_crg_clkout0
    BUFGCTRL_X0Y0        BUFG (Prop_bufg_I_O)         0.029     3.629 r  BUFG/O
                         net (fo=5509, routed)        0.942     4.571    VexRiscv/dataCache_1/stageB_flusher_counter_reg[0]_0
    RAMB18_X1Y6          RAMB18E1                                     r  VexRiscv/dataCache_1/ways_0_tags_reg/CLKBWRCLK
                         clock pessimism             -0.945     3.626    
    RAMB18_X1Y6          RAMB18E1 (Hold_ramb18e1_CLKBWRCLK_DIADI[4])
                                                      0.155     3.781    VexRiscv/dataCache_1/ways_0_tags_reg
  -------------------------------------------------------------------
                         required time                         -3.781    
                         arrival time                           3.831    
  -------------------------------------------------------------------
                         slack                                  0.049    

Slack (MET) :             0.050ns  (arrival time - required time)
  Source:                 VexRiscv/dataCache_1/stageB_mmuRsp_physicalAddress_reg[15]/C
                            (rising edge-triggered cell FDRE clocked by soc_crg_clkout0  {rise@0.000ns fall@6.667ns period=13.333ns})
  Destination:            VexRiscv/dataCache_1/ways_0_tags_reg/DIADI[5]
                            (rising edge-triggered cell RAMB18E1 clocked by soc_crg_clkout0  {rise@0.000ns fall@6.667ns period=13.333ns})
  Path Group:             soc_crg_clkout0
  Path Type:              Hold (Min at Fast Process Corner)
  Requirement:            0.000ns  (soc_crg_clkout0 rise@0.000ns - soc_crg_clkout0 rise@0.000ns)
  Data Path Delay:        0.261ns  (logic 0.141ns (54.028%)  route 0.120ns (45.972%))
  Logic Levels:           0  
  Clock Path Skew:        0.055ns (DCD - SCD - CPR)
    Destination Clock Delay (DCD):    4.571ns
    Source Clock Delay      (SCD):    3.571ns
    Clock Pessimism Removal (CPR):    0.945ns

    Location             Delay type                Incr(ns)  Path(ns)    Netlist Resource(s)
  -------------------------------------------------------------------    -------------------
                         (clock soc_crg_clkout0 rise edge)
                                                      0.000     0.000 r  
    E3                                                0.000     0.000 r  clk100 (IN)
                         net (fo=0)                   0.000     0.000    clk100
    E3                   IBUF (Prop_ibuf_I_O)         0.250     0.250 r  clk100_IBUF_inst/O
                         net (fo=1, routed)           0.644     0.894    clk100_IBUF
    BUFGCTRL_X0Y16       BUFG (Prop_bufg_I_O)         0.026     0.920 r  clk100_IBUF_BUFG_inst/O
                         net (fo=1, routed)           0.889     1.809    clk100_IBUF_BUFG
    SLICE_X1Y14          LUT1 (Prop_lut1_I0_O)        0.045     1.854 r  clk100_inst/O
                         net (fo=9, routed)           0.365     2.219    soc_crg_clkin
    MMCME2_ADV_X0Y0      MMCME2_ADV (Prop_mmcme2_adv_CLKIN1_CLKOUT0)
                                                      0.050     2.269 r  MMCME2_ADV/CLKOUT0
                         net (fo=1, routed)           0.648     2.916    soc_crg_clkout0
    BUFGCTRL_X0Y0        BUFG (Prop_bufg_I_O)         0.026     2.942 r  BUFG/O
                         net (fo=5509, routed)        0.628     3.571    VexRiscv/dataCache_1/stageB_flusher_counter_reg[0]_0
    SLICE_X63Y15         FDRE                                         r  VexRiscv/dataCache_1/stageB_mmuRsp_physicalAddress_reg[15]/C
  -------------------------------------------------------------------    -------------------
    SLICE_X63Y15         FDRE (Prop_fdre_C_Q)         0.141     3.712 r  VexRiscv/dataCache_1/stageB_mmuRsp_physicalAddress_reg[15]/Q
                         net (fo=3, routed)           0.120     3.832    VexRiscv/dataCache_1/dataCache_1_io_mem_cmd_payload_address[13]
    RAMB18_X1Y6          RAMB18E1                                     r  VexRiscv/dataCache_1/ways_0_tags_reg/DIADI[5]
  -------------------------------------------------------------------    -------------------

                         (clock soc_crg_clkout0 rise edge)
                                                      0.000     0.000 r  
    E3                                                0.000     0.000 r  clk100 (IN)
                         net (fo=0)                   0.000     0.000    clk100
    E3                   IBUF (Prop_ibuf_I_O)         0.438     0.438 r  clk100_IBUF_inst/O
                         net (fo=1, routed)           0.699     1.136    clk100_IBUF
    BUFGCTRL_X0Y16       BUFG (Prop_bufg_I_O)         0.029     1.165 r  clk100_IBUF_BUFG_inst/O
                         net (fo=1, routed)           1.215     2.381    clk100_IBUF_BUFG
    SLICE_X1Y14          LUT1 (Prop_lut1_I0_O)        0.056     2.437 r  clk100_inst/O
                         net (fo=9, routed)           0.410     2.846    soc_crg_clkin
    MMCME2_ADV_X0Y0      MMCME2_ADV (Prop_mmcme2_adv_CLKIN1_CLKOUT0)
                                                      0.053     2.899 r  MMCME2_ADV/CLKOUT0
                         net (fo=1, routed)           0.700     3.600    soc_crg_clkout0
    BUFGCTRL_X0Y0        BUFG (Prop_bufg_I_O)         0.029     3.629 r  BUFG/O
                         net (fo=5509, routed)        0.942     4.571    VexRiscv/dataCache_1/stageB_flusher_counter_reg[0]_0
    RAMB18_X1Y6          RAMB18E1                                     r  VexRiscv/dataCache_1/ways_0_tags_reg/CLKBWRCLK
                         clock pessimism             -0.945     3.626    
    RAMB18_X1Y6          RAMB18E1 (Hold_ramb18e1_CLKBWRCLK_DIADI[5])
                                                      0.155     3.781    VexRiscv/dataCache_1/ways_0_tags_reg
  -------------------------------------------------------------------
                         required time                         -3.781    
                         arrival time                           3.832    
  -------------------------------------------------------------------
                         slack                                  0.050    

Slack (MET) :             0.061ns  (arrival time - required time)
  Source:                 VexRiscv/dataCache_1/stageB_mmuRsp_physicalAddress_reg[22]/C
                            (rising edge-triggered cell FDRE clocked by soc_crg_clkout0  {rise@0.000ns fall@6.667ns period=13.333ns})
  Destination:            VexRiscv/dataCache_1/ways_0_tags_reg/DIADI[12]
                            (rising edge-triggered cell RAMB18E1 clocked by soc_crg_clkout0  {rise@0.000ns fall@6.667ns period=13.333ns})
  Path Group:             soc_crg_clkout0
  Path Type:              Hold (Min at Fast Process Corner)
  Requirement:            0.000ns  (soc_crg_clkout0 rise@0.000ns - soc_crg_clkout0 rise@0.000ns)
  Data Path Delay:        0.272ns  (logic 0.141ns (51.798%)  route 0.131ns (48.202%))
  Logic Levels:           0  
  Clock Path Skew:        0.056ns (DCD - SCD - CPR)
    Destination Clock Delay (DCD):    4.571ns
    Source Clock Delay      (SCD):    3.570ns
    Clock Pessimism Removal (CPR):    0.945ns

    Location             Delay type                Incr(ns)  Path(ns)    Netlist Resource(s)
  -------------------------------------------------------------------    -------------------
                         (clock soc_crg_clkout0 rise edge)
                                                      0.000     0.000 r  
    E3                                                0.000     0.000 r  clk100 (IN)
                         net (fo=0)                   0.000     0.000    clk100
    E3                   IBUF (Prop_ibuf_I_O)         0.250     0.250 r  clk100_IBUF_inst/O
                         net (fo=1, routed)           0.644     0.894    clk100_IBUF
    BUFGCTRL_X0Y16       BUFG (Prop_bufg_I_O)         0.026     0.920 r  clk100_IBUF_BUFG_inst/O
                         net (fo=1, routed)           0.889     1.809    clk100_IBUF_BUFG
    SLICE_X1Y14          LUT1 (Prop_lut1_I0_O)        0.045     1.854 r  clk100_inst/O
                         net (fo=9, routed)           0.365     2.219    soc_crg_clkin
    MMCME2_ADV_X0Y0      MMCME2_ADV (Prop_mmcme2_adv_CLKIN1_CLKOUT0)
                                                      0.050     2.269 r  MMCME2_ADV/CLKOUT0
                         net (fo=1, routed)           0.648     2.916    soc_crg_clkout0
    BUFGCTRL_X0Y0        BUFG (Prop_bufg_I_O)         0.026     2.942 r  BUFG/O
                         net (fo=5509, routed)        0.627     3.570    VexRiscv/dataCache_1/stageB_flusher_counter_reg[0]_0
    SLICE_X63Y16         FDRE                                         r  VexRiscv/dataCache_1/stageB_mmuRsp_physicalAddress_reg[22]/C
  -------------------------------------------------------------------    -------------------
    SLICE_X63Y16         FDRE (Prop_fdre_C_Q)         0.141     3.711 r  VexRiscv/dataCache_1/stageB_mmuRsp_physicalAddress_reg[22]/Q
                         net (fo=3, routed)           0.131     3.842    VexRiscv/dataCache_1/dataCache_1_io_mem_cmd_payload_address[20]
    RAMB18_X1Y6          RAMB18E1                                     r  VexRiscv/dataCache_1/ways_0_tags_reg/DIADI[12]
  -------------------------------------------------------------------    -------------------

                         (clock soc_crg_clkout0 rise edge)
                                                      0.000     0.000 r  
    E3                                                0.000     0.000 r  clk100 (IN)
                         net (fo=0)                   0.000     0.000    clk100
    E3                   IBUF (Prop_ibuf_I_O)         0.438     0.438 r  clk100_IBUF_inst/O
                         net (fo=1, routed)           0.699     1.136    clk100_IBUF
    BUFGCTRL_X0Y16       BUFG (Prop_bufg_I_O)         0.029     1.165 r  clk100_IBUF_BUFG_inst/O
                         net (fo=1, routed)           1.215     2.381    clk100_IBUF_BUFG
    SLICE_X1Y14          LUT1 (Prop_lut1_I0_O)        0.056     2.437 r  clk100_inst/O
                         net (fo=9, routed)           0.410     2.846    soc_crg_clkin
    MMCME2_ADV_X0Y0      MMCME2_ADV (Prop_mmcme2_adv_CLKIN1_CLKOUT0)
                                                      0.053     2.899 r  MMCME2_ADV/CLKOUT0
                         net (fo=1, routed)           0.700     3.600    soc_crg_clkout0
    BUFGCTRL_X0Y0        BUFG (Prop_bufg_I_O)         0.029     3.629 r  BUFG/O
                         net (fo=5509, routed)        0.942     4.571    VexRiscv/dataCache_1/stageB_flusher_counter_reg[0]_0
    RAMB18_X1Y6          RAMB18E1                                     r  VexRiscv/dataCache_1/ways_0_tags_reg/CLKBWRCLK
                         clock pessimism             -0.945     3.626    
    RAMB18_X1Y6          RAMB18E1 (Hold_ramb18e1_CLKBWRCLK_DIADI[12])
                                                      0.155     3.781    VexRiscv/dataCache_1/ways_0_tags_reg
  -------------------------------------------------------------------
                         required time                         -3.781    
                         arrival time                           3.842    
  -------------------------------------------------------------------
                         slack                                  0.061    

Slack (MET) :             0.067ns  (arrival time - required time)
  Source:                 soc_basesoc_wishbone_bridge_rdata_converter_converter_source_payload_data_reg[110]/C
                            (rising edge-triggered cell FDRE clocked by soc_crg_clkout0  {rise@0.000ns fall@6.667ns period=13.333ns})
  Destination:            data_mem_grain13_reg/DIADI[6]
                            (rising edge-triggered cell RAMB18E1 clocked by soc_crg_clkout0  {rise@0.000ns fall@6.667ns period=13.333ns})
  Path Group:             soc_crg_clkout0
  Path Type:              Hold (Min at Fast Process Corner)
  Requirement:            0.000ns  (soc_crg_clkout0 rise@0.000ns - soc_crg_clkout0 rise@0.000ns)
  Data Path Delay:        0.445ns  (logic 0.186ns (41.756%)  route 0.259ns (58.244%))
  Logic Levels:           1  (LUT6=1)
  Clock Path Skew:        0.082ns (DCD - SCD - CPR)
    Destination Clock Delay (DCD):    4.531ns
    Source Clock Delay      (SCD):    3.528ns
    Clock Pessimism Removal (CPR):    0.920ns

    Location             Delay type                Incr(ns)  Path(ns)    Netlist Resource(s)
  -------------------------------------------------------------------    -------------------
                         (clock soc_crg_clkout0 rise edge)
                                                      0.000     0.000 r  
    E3                                                0.000     0.000 r  clk100 (IN)
                         net (fo=0)                   0.000     0.000    clk100
    E3                   IBUF (Prop_ibuf_I_O)         0.250     0.250 r  clk100_IBUF_inst/O
                         net (fo=1, routed)           0.644     0.894    clk100_IBUF
    BUFGCTRL_X0Y16       BUFG (Prop_bufg_I_O)         0.026     0.920 r  clk100_IBUF_BUFG_inst/O
                         net (fo=1, routed)           0.889     1.809    clk100_IBUF_BUFG
    SLICE_X1Y14          LUT1 (Prop_lut1_I0_O)        0.045     1.854 r  clk100_inst/O
                         net (fo=9, routed)           0.365     2.219    soc_crg_clkin
    MMCME2_ADV_X0Y0      MMCME2_ADV (Prop_mmcme2_adv_CLKIN1_CLKOUT0)
                                                      0.050     2.269 r  MMCME2_ADV/CLKOUT0
                         net (fo=1, routed)           0.648     2.916    soc_crg_clkout0
    BUFGCTRL_X0Y0        BUFG (Prop_bufg_I_O)         0.026     2.942 r  BUFG/O
                         net (fo=5509, routed)        0.586     3.528    sys_clk
    SLICE_X79Y76         FDRE                                         r  soc_basesoc_wishbone_bridge_rdata_converter_converter_source_payload_data_reg[110]/C
  -------------------------------------------------------------------    -------------------
    SLICE_X79Y76         FDRE (Prop_fdre_C_Q)         0.141     3.669 r  soc_basesoc_wishbone_bridge_rdata_converter_converter_source_payload_data_reg[110]/Q
                         net (fo=1, routed)           0.136     3.805    VexRiscv/data_mem_grain15_reg[110]
    SLICE_X79Y76         LUT6 (Prop_lut6_I2_O)        0.045     3.850 r  VexRiscv/data_mem_grain13_reg_i_2/O
                         net (fo=1, routed)           0.123     3.973    soc_basesoc_data_port_dat_w[110]
    RAMB18_X3Y30         RAMB18E1                                     r  data_mem_grain13_reg/DIADI[6]
  -------------------------------------------------------------------    -------------------

                         (clock soc_crg_clkout0 rise edge)
                                                      0.000     0.000 r  
    E3                                                0.000     0.000 r  clk100 (IN)
                         net (fo=0)                   0.000     0.000    clk100
    E3                   IBUF (Prop_ibuf_I_O)         0.438     0.438 r  clk100_IBUF_inst/O
                         net (fo=1, routed)           0.699     1.136    clk100_IBUF
    BUFGCTRL_X0Y16       BUFG (Prop_bufg_I_O)         0.029     1.165 r  clk100_IBUF_BUFG_inst/O
                         net (fo=1, routed)           1.215     2.381    clk100_IBUF_BUFG
    SLICE_X1Y14          LUT1 (Prop_lut1_I0_O)        0.056     2.437 r  clk100_inst/O
                         net (fo=9, routed)           0.410     2.846    soc_crg_clkin
    MMCME2_ADV_X0Y0      MMCME2_ADV (Prop_mmcme2_adv_CLKIN1_CLKOUT0)
                                                      0.053     2.899 r  MMCME2_ADV/CLKOUT0
                         net (fo=1, routed)           0.700     3.600    soc_crg_clkout0
    BUFGCTRL_X0Y0        BUFG (Prop_bufg_I_O)         0.029     3.629 r  BUFG/O
                         net (fo=5509, routed)        0.902     4.531    sys_clk
    RAMB18_X3Y30         RAMB18E1                                     r  data_mem_grain13_reg/CLKARDCLK
                         clock pessimism             -0.920     3.610    
    RAMB18_X3Y30         RAMB18E1 (Hold_ramb18e1_CLKARDCLK_DIADI[6])
                                                      0.296     3.906    data_mem_grain13_reg
  -------------------------------------------------------------------
                         required time                         -3.907    
                         arrival time                           3.973    
  -------------------------------------------------------------------
                         slack                                  0.067    

Slack (MET) :             0.075ns  (arrival time - required time)
  Source:                 Cfu/fn0/depthwise_3x3/dw_product_7_reg[1]/C
                            (rising edge-triggered cell FDRE clocked by soc_crg_clkout0  {rise@0.000ns fall@6.667ns period=13.333ns})
  Destination:            Cfu/fn0/depthwise_3x3/dw_sum1_3_reg[1]/D
                            (rising edge-triggered cell FDRE clocked by soc_crg_clkout0  {rise@0.000ns fall@6.667ns period=13.333ns})
  Path Group:             soc_crg_clkout0
  Path Type:              Hold (Min at Fast Process Corner)
  Requirement:            0.000ns  (soc_crg_clkout0 rise@0.000ns - soc_crg_clkout0 rise@0.000ns)
  Data Path Delay:        0.477ns  (logic 0.252ns (52.808%)  route 0.225ns (47.192%))
  Logic Levels:           2  (CARRY4=1 LUT2=1)
  Clock Path Skew:        0.268ns (DCD - SCD - CPR)
    Destination Clock Delay (DCD):    4.529ns
    Source Clock Delay      (SCD):    3.567ns
    Clock Pessimism Removal (CPR):    0.695ns

    Location             Delay type                Incr(ns)  Path(ns)    Netlist Resource(s)
  -------------------------------------------------------------------    -------------------
                         (clock soc_crg_clkout0 rise edge)
                                                      0.000     0.000 r  
    E3                                                0.000     0.000 r  clk100 (IN)
                         net (fo=0)                   0.000     0.000    clk100
    E3                   IBUF (Prop_ibuf_I_O)         0.250     0.250 r  clk100_IBUF_inst/O
                         net (fo=1, routed)           0.644     0.894    clk100_IBUF
    BUFGCTRL_X0Y16       BUFG (Prop_bufg_I_O)         0.026     0.920 r  clk100_IBUF_BUFG_inst/O
                         net (fo=1, routed)           0.889     1.809    clk100_IBUF_BUFG
    SLICE_X1Y14          LUT1 (Prop_lut1_I0_O)        0.045     1.854 r  clk100_inst/O
                         net (fo=9, routed)           0.365     2.219    soc_crg_clkin
    MMCME2_ADV_X0Y0      MMCME2_ADV (Prop_mmcme2_adv_CLKIN1_CLKOUT0)
                                                      0.050     2.269 r  MMCME2_ADV/CLKOUT0
                         net (fo=1, routed)           0.648     2.916    soc_crg_clkout0
    BUFGCTRL_X0Y0        BUFG (Prop_bufg_I_O)         0.026     2.942 r  BUFG/O
                         net (fo=5509, routed)        0.624     3.567    Cfu/fn0/depthwise_3x3/out
    SLICE_X53Y15         FDRE                                         r  Cfu/fn0/depthwise_3x3/dw_product_7_reg[1]/C
  -------------------------------------------------------------------    -------------------
    SLICE_X53Y15         FDRE (Prop_fdre_C_Q)         0.141     3.708 r  Cfu/fn0/depthwise_3x3/dw_product_7_reg[1]/Q
                         net (fo=1, routed)           0.225     3.933    Cfu/fn0/depthwise_3x3/dw_product_7[1]
    SLICE_X42Y15         LUT2 (Prop_lut2_I1_O)        0.045     3.978 r  Cfu/fn0/depthwise_3x3/dw_sum1_3[3]_i_4/O
                         net (fo=1, routed)           0.000     3.978    Cfu/fn0/depthwise_3x3/dw_sum1_3[3]_i_4_n_0
    SLICE_X42Y15         CARRY4 (Prop_carry4_S[1]_O[1])
                                                      0.066     4.044 r  Cfu/fn0/depthwise_3x3/dw_sum1_3_reg[3]_i_1/O[1]
                         net (fo=1, routed)           0.000     4.044    Cfu/fn0/depthwise_3x3/$367[1]
    SLICE_X42Y15         FDRE                                         r  Cfu/fn0/depthwise_3x3/dw_sum1_3_reg[1]/D
  -------------------------------------------------------------------    -------------------

                         (clock soc_crg_clkout0 rise edge)
                                                      0.000     0.000 r  
    E3                                                0.000     0.000 r  clk100 (IN)
                         net (fo=0)                   0.000     0.000    clk100
    E3                   IBUF (Prop_ibuf_I_O)         0.438     0.438 r  clk100_IBUF_inst/O
                         net (fo=1, routed)           0.699     1.136    clk100_IBUF
    BUFGCTRL_X0Y16       BUFG (Prop_bufg_I_O)         0.029     1.165 r  clk100_IBUF_BUFG_inst/O
                         net (fo=1, routed)           1.215     2.381    clk100_IBUF_BUFG
    SLICE_X1Y14          LUT1 (Prop_lut1_I0_O)        0.056     2.437 r  clk100_inst/O
                         net (fo=9, routed)           0.410     2.846    soc_crg_clkin
    MMCME2_ADV_X0Y0      MMCME2_ADV (Prop_mmcme2_adv_CLKIN1_CLKOUT0)
                                                      0.053     2.899 r  MMCME2_ADV/CLKOUT0
                         net (fo=1, routed)           0.700     3.600    soc_crg_clkout0
    BUFGCTRL_X0Y0        BUFG (Prop_bufg_I_O)         0.029     3.629 r  BUFG/O
                         net (fo=5509, routed)        0.901     4.529    Cfu/fn0/depthwise_3x3/out
    SLICE_X42Y15         FDRE                                         r  Cfu/fn0/depthwise_3x3/dw_sum1_3_reg[1]/C
                         clock pessimism             -0.695     3.835    
    SLICE_X42Y15         FDRE (Hold_fdre_C_D)         0.134     3.969    Cfu/fn0/depthwise_3x3/dw_sum1_3_reg[1]
  -------------------------------------------------------------------
                         required time                         -3.969    
                         arrival time                           4.044    
  -------------------------------------------------------------------
                         slack                                  0.075    

Slack (MET) :             0.077ns  (arrival time - required time)
  Source:                 soc_basesoc_uart_rx_fifo_produce_reg[0]/C
                            (rising edge-triggered cell FDRE clocked by soc_crg_clkout0  {rise@0.000ns fall@6.667ns period=13.333ns})
  Destination:            storage_1_reg_0_15_6_9/RAMA/WADR0
                            (rising edge-triggered cell RAMD32 clocked by soc_crg_clkout0  {rise@0.000ns fall@6.667ns period=13.333ns})
  Path Group:             soc_crg_clkout0
  Path Type:              Hold (Min at Fast Process Corner)
  Requirement:            0.000ns  (soc_crg_clkout0 rise@0.000ns - soc_crg_clkout0 rise@0.000ns)
  Data Path Delay:        0.427ns  (logic 0.141ns (33.048%)  route 0.286ns (66.952%))
  Logic Levels:           0  
  Clock Path Skew:        0.040ns (DCD - SCD - CPR)
    Destination Clock Delay (DCD):    4.500ns
    Source Clock Delay      (SCD):    3.540ns
    Clock Pessimism Removal (CPR):    0.920ns

    Location             Delay type                Incr(ns)  Path(ns)    Netlist Resource(s)
  -------------------------------------------------------------------    -------------------
                         (clock soc_crg_clkout0 rise edge)
                                                      0.000     0.000 r  
    E3                                                0.000     0.000 r  clk100 (IN)
                         net (fo=0)                   0.000     0.000    clk100
    E3                   IBUF (Prop_ibuf_I_O)         0.250     0.250 r  clk100_IBUF_inst/O
                         net (fo=1, routed)           0.644     0.894    clk100_IBUF
    BUFGCTRL_X0Y16       BUFG (Prop_bufg_I_O)         0.026     0.920 r  clk100_IBUF_BUFG_inst/O
                         net (fo=1, routed)           0.889     1.809    clk100_IBUF_BUFG
    SLICE_X1Y14          LUT1 (Prop_lut1_I0_O)        0.045     1.854 r  clk100_inst/O
                         net (fo=9, routed)           0.365     2.219    soc_crg_clkin
    MMCME2_ADV_X0Y0      MMCME2_ADV (Prop_mmcme2_adv_CLKIN1_CLKOUT0)
                                                      0.050     2.269 r  MMCME2_ADV/CLKOUT0
                         net (fo=1, routed)           0.648     2.916    soc_crg_clkout0
    BUFGCTRL_X0Y0        BUFG (Prop_bufg_I_O)         0.026     2.942 r  BUFG/O
                         net (fo=5509, routed)        0.598     3.540    sys_clk
    SLICE_X79Y54         FDRE                                         r  soc_basesoc_uart_rx_fifo_produce_reg[0]/C
  -------------------------------------------------------------------    -------------------
    SLICE_X79Y54         FDRE (Prop_fdre_C_Q)         0.141     3.681 r  soc_basesoc_uart_rx_fifo_produce_reg[0]/Q
                         net (fo=20, routed)          0.286     3.967    storage_1_reg_0_15_6_9/ADDRD0
    SLICE_X80Y53         RAMD32                                       r  storage_1_reg_0_15_6_9/RAMA/WADR0
  -------------------------------------------------------------------    -------------------

                         (clock soc_crg_clkout0 rise edge)
                                                      0.000     0.000 r  
    E3                                                0.000     0.000 r  clk100 (IN)
                         net (fo=0)                   0.000     0.000    clk100
    E3                   IBUF (Prop_ibuf_I_O)         0.438     0.438 r  clk100_IBUF_inst/O
                         net (fo=1, routed)           0.699     1.136    clk100_IBUF
    BUFGCTRL_X0Y16       BUFG (Prop_bufg_I_O)         0.029     1.165 r  clk100_IBUF_BUFG_inst/O
                         net (fo=1, routed)           1.215     2.381    clk100_IBUF_BUFG
    SLICE_X1Y14          LUT1 (Prop_lut1_I0_O)        0.056     2.437 r  clk100_inst/O
                         net (fo=9, routed)           0.410     2.846    soc_crg_clkin
    MMCME2_ADV_X0Y0      MMCME2_ADV (Prop_mmcme2_adv_CLKIN1_CLKOUT0)
                                                      0.053     2.899 r  MMCME2_ADV/CLKOUT0
                         net (fo=1, routed)           0.700     3.600    soc_crg_clkout0
    BUFGCTRL_X0Y0        BUFG (Prop_bufg_I_O)         0.029     3.629 r  BUFG/O
                         net (fo=5509, routed)        0.872     4.500    storage_1_reg_0_15_6_9/WCLK
    SLICE_X80Y53         RAMD32                                       r  storage_1_reg_0_15_6_9/RAMA/CLK
                         clock pessimism             -0.920     3.580    
    SLICE_X80Y53         RAMD32 (Hold_ramd32_CLK_WADR0)
                                                      0.310     3.890    storage_1_reg_0_15_6_9/RAMA
  -------------------------------------------------------------------
                         required time                         -3.890    
                         arrival time                           3.967    
  -------------------------------------------------------------------
                         slack                                  0.077    

Slack (MET) :             0.077ns  (arrival time - required time)
  Source:                 soc_basesoc_uart_rx_fifo_produce_reg[0]/C
                            (rising edge-triggered cell FDRE clocked by soc_crg_clkout0  {rise@0.000ns fall@6.667ns period=13.333ns})
  Destination:            storage_1_reg_0_15_6_9/RAMA_D1/WADR0
                            (rising edge-triggered cell RAMD32 clocked by soc_crg_clkout0  {rise@0.000ns fall@6.667ns period=13.333ns})
  Path Group:             soc_crg_clkout0
  Path Type:              Hold (Min at Fast Process Corner)
  Requirement:            0.000ns  (soc_crg_clkout0 rise@0.000ns - soc_crg_clkout0 rise@0.000ns)
  Data Path Delay:        0.427ns  (logic 0.141ns (33.048%)  route 0.286ns (66.952%))
  Logic Levels:           0  
  Clock Path Skew:        0.040ns (DCD - SCD - CPR)
    Destination Clock Delay (DCD):    4.500ns
    Source Clock Delay      (SCD):    3.540ns
    Clock Pessimism Removal (CPR):    0.920ns

    Location             Delay type                Incr(ns)  Path(ns)    Netlist Resource(s)
  -------------------------------------------------------------------    -------------------
                         (clock soc_crg_clkout0 rise edge)
                                                      0.000     0.000 r  
    E3                                                0.000     0.000 r  clk100 (IN)
                         net (fo=0)                   0.000     0.000    clk100
    E3                   IBUF (Prop_ibuf_I_O)         0.250     0.250 r  clk100_IBUF_inst/O
                         net (fo=1, routed)           0.644     0.894    clk100_IBUF
    BUFGCTRL_X0Y16       BUFG (Prop_bufg_I_O)         0.026     0.920 r  clk100_IBUF_BUFG_inst/O
                         net (fo=1, routed)           0.889     1.809    clk100_IBUF_BUFG
    SLICE_X1Y14          LUT1 (Prop_lut1_I0_O)        0.045     1.854 r  clk100_inst/O
                         net (fo=9, routed)           0.365     2.219    soc_crg_clkin
    MMCME2_ADV_X0Y0      MMCME2_ADV (Prop_mmcme2_adv_CLKIN1_CLKOUT0)
                                                      0.050     2.269 r  MMCME2_ADV/CLKOUT0
                         net (fo=1, routed)           0.648     2.916    soc_crg_clkout0
    BUFGCTRL_X0Y0        BUFG (Prop_bufg_I_O)         0.026     2.942 r  BUFG/O
                         net (fo=5509, routed)        0.598     3.540    sys_clk
    SLICE_X79Y54         FDRE                                         r  soc_basesoc_uart_rx_fifo_produce_reg[0]/C
  -------------------------------------------------------------------    -------------------
    SLICE_X79Y54         FDRE (Prop_fdre_C_Q)         0.141     3.681 r  soc_basesoc_uart_rx_fifo_produce_reg[0]/Q
                         net (fo=20, routed)          0.286     3.967    storage_1_reg_0_15_6_9/ADDRD0
    SLICE_X80Y53         RAMD32                                       r  storage_1_reg_0_15_6_9/RAMA_D1/WADR0
  -------------------------------------------------------------------    -------------------

                         (clock soc_crg_clkout0 rise edge)
                                                      0.000     0.000 r  
    E3                                                0.000     0.000 r  clk100 (IN)
                         net (fo=0)                   0.000     0.000    clk100
    E3                   IBUF (Prop_ibuf_I_O)         0.438     0.438 r  clk100_IBUF_inst/O
                         net (fo=1, routed)           0.699     1.136    clk100_IBUF
    BUFGCTRL_X0Y16       BUFG (Prop_bufg_I_O)         0.029     1.165 r  clk100_IBUF_BUFG_inst/O
                         net (fo=1, routed)           1.215     2.381    clk100_IBUF_BUFG
    SLICE_X1Y14          LUT1 (Prop_lut1_I0_O)        0.056     2.437 r  clk100_inst/O
                         net (fo=9, routed)           0.410     2.846    soc_crg_clkin
    MMCME2_ADV_X0Y0      MMCME2_ADV (Prop_mmcme2_adv_CLKIN1_CLKOUT0)
                                                      0.053     2.899 r  MMCME2_ADV/CLKOUT0
                         net (fo=1, routed)           0.700     3.600    soc_crg_clkout0
    BUFGCTRL_X0Y0        BUFG (Prop_bufg_I_O)         0.029     3.629 r  BUFG/O
                         net (fo=5509, routed)        0.872     4.500    storage_1_reg_0_15_6_9/WCLK
    SLICE_X80Y53         RAMD32                                       r  storage_1_reg_0_15_6_9/RAMA_D1/CLK
                         clock pessimism             -0.920     3.580    
    SLICE_X80Y53         RAMD32 (Hold_ramd32_CLK_WADR0)
                                                      0.310     3.890    storage_1_reg_0_15_6_9/RAMA_D1
  -------------------------------------------------------------------
                         required time                         -3.890    
                         arrival time                           3.967    
  -------------------------------------------------------------------
                         slack                                  0.077    

Slack (MET) :             0.077ns  (arrival time - required time)
  Source:                 soc_basesoc_uart_rx_fifo_produce_reg[0]/C
                            (rising edge-triggered cell FDRE clocked by soc_crg_clkout0  {rise@0.000ns fall@6.667ns period=13.333ns})
  Destination:            storage_1_reg_0_15_6_9/RAMB/WADR0
                            (rising edge-triggered cell RAMD32 clocked by soc_crg_clkout0  {rise@0.000ns fall@6.667ns period=13.333ns})
  Path Group:             soc_crg_clkout0
  Path Type:              Hold (Min at Fast Process Corner)
  Requirement:            0.000ns  (soc_crg_clkout0 rise@0.000ns - soc_crg_clkout0 rise@0.000ns)
  Data Path Delay:        0.427ns  (logic 0.141ns (33.048%)  route 0.286ns (66.952%))
  Logic Levels:           0  
  Clock Path Skew:        0.040ns (DCD - SCD - CPR)
    Destination Clock Delay (DCD):    4.500ns
    Source Clock Delay      (SCD):    3.540ns
    Clock Pessimism Removal (CPR):    0.920ns

    Location             Delay type                Incr(ns)  Path(ns)    Netlist Resource(s)
  -------------------------------------------------------------------    -------------------
                         (clock soc_crg_clkout0 rise edge)
                                                      0.000     0.000 r  
    E3                                                0.000     0.000 r  clk100 (IN)
                         net (fo=0)                   0.000     0.000    clk100
    E3                   IBUF (Prop_ibuf_I_O)         0.250     0.250 r  clk100_IBUF_inst/O
                         net (fo=1, routed)           0.644     0.894    clk100_IBUF
    BUFGCTRL_X0Y16       BUFG (Prop_bufg_I_O)         0.026     0.920 r  clk100_IBUF_BUFG_inst/O
                         net (fo=1, routed)           0.889     1.809    clk100_IBUF_BUFG
    SLICE_X1Y14          LUT1 (Prop_lut1_I0_O)        0.045     1.854 r  clk100_inst/O
                         net (fo=9, routed)           0.365     2.219    soc_crg_clkin
    MMCME2_ADV_X0Y0      MMCME2_ADV (Prop_mmcme2_adv_CLKIN1_CLKOUT0)
                                                      0.050     2.269 r  MMCME2_ADV/CLKOUT0
                         net (fo=1, routed)           0.648     2.916    soc_crg_clkout0
    BUFGCTRL_X0Y0        BUFG (Prop_bufg_I_O)         0.026     2.942 r  BUFG/O
                         net (fo=5509, routed)        0.598     3.540    sys_clk
    SLICE_X79Y54         FDRE                                         r  soc_basesoc_uart_rx_fifo_produce_reg[0]/C
  -------------------------------------------------------------------    -------------------
    SLICE_X79Y54         FDRE (Prop_fdre_C_Q)         0.141     3.681 r  soc_basesoc_uart_rx_fifo_produce_reg[0]/Q
                         net (fo=20, routed)          0.286     3.967    storage_1_reg_0_15_6_9/ADDRD0
    SLICE_X80Y53         RAMD32                                       r  storage_1_reg_0_15_6_9/RAMB/WADR0
  -------------------------------------------------------------------    -------------------

                         (clock soc_crg_clkout0 rise edge)
                                                      0.000     0.000 r  
    E3                                                0.000     0.000 r  clk100 (IN)
                         net (fo=0)                   0.000     0.000    clk100
    E3                   IBUF (Prop_ibuf_I_O)         0.438     0.438 r  clk100_IBUF_inst/O
                         net (fo=1, routed)           0.699     1.136    clk100_IBUF
    BUFGCTRL_X0Y16       BUFG (Prop_bufg_I_O)         0.029     1.165 r  clk100_IBUF_BUFG_inst/O
                         net (fo=1, routed)           1.215     2.381    clk100_IBUF_BUFG
    SLICE_X1Y14          LUT1 (Prop_lut1_I0_O)        0.056     2.437 r  clk100_inst/O
                         net (fo=9, routed)           0.410     2.846    soc_crg_clkin
    MMCME2_ADV_X0Y0      MMCME2_ADV (Prop_mmcme2_adv_CLKIN1_CLKOUT0)
                                                      0.053     2.899 r  MMCME2_ADV/CLKOUT0
                         net (fo=1, routed)           0.700     3.600    soc_crg_clkout0
    BUFGCTRL_X0Y0        BUFG (Prop_bufg_I_O)         0.029     3.629 r  BUFG/O
                         net (fo=5509, routed)        0.872     4.500    storage_1_reg_0_15_6_9/WCLK
    SLICE_X80Y53         RAMD32                                       r  storage_1_reg_0_15_6_9/RAMB/CLK
                         clock pessimism             -0.920     3.580    
    SLICE_X80Y53         RAMD32 (Hold_ramd32_CLK_WADR0)
                                                      0.310     3.890    storage_1_reg_0_15_6_9/RAMB
  -------------------------------------------------------------------
                         required time                         -3.890    
                         arrival time                           3.967    
  -------------------------------------------------------------------
                         slack                                  0.077    





Pulse Width Checks
--------------------------------------------------------------------------------------
Clock Name:         soc_crg_clkout0
Waveform(ns):       { 0.000 6.667 }
Period(ns):         13.333
Sources:            { MMCME2_ADV/CLKOUT0 }

Check Type        Corner  Lib Pin             Reference Pin  Required(ns)  Actual(ns)  Slack(ns)  Location         Pin
Min Period        n/a     DSP48E1/CLK         n/a            3.884         13.333      9.449      DSP48_X0Y5       Cfu/fn0/pp/srdhm/ab_reg/CLK
Min Period        n/a     DSP48E1/CLK         n/a            3.687         13.333      9.646      DSP48_X0Y7       Cfu/fn0/pp/srdhm/ab_reg__0/CLK
Min Period        n/a     RAMB18E1/CLKARDCLK  n/a            2.944         13.333      10.389     RAMB18_X0Y2      Cfu/fn0/FIFO/unbuffered/storage_reg/CLKARDCLK
Min Period        n/a     RAMB18E1/CLKBWRCLK  n/a            2.944         13.333      10.389     RAMB18_X0Y2      Cfu/fn0/FIFO/unbuffered/storage_reg/CLKBWRCLK
Min Period        n/a     RAMB36E1/CLKARDCLK  n/a            2.944         13.333      10.389     RAMB36_X0Y6      Cfu/fn0/ins/dp_0/mem_reg/CLKARDCLK
Min Period        n/a     RAMB36E1/CLKARDCLK  n/a            2.944         13.333      10.389     RAMB36_X0Y7      Cfu/fn0/ins/dp_1/mem_reg/CLKARDCLK
Min Period        n/a     RAMB36E1/CLKARDCLK  n/a            2.944         13.333      10.389     RAMB36_X0Y5      Cfu/fn0/ins/dp_2/mem_reg/CLKARDCLK
Min Period        n/a     RAMB36E1/CLKARDCLK  n/a            2.944         13.333      10.389     RAMB36_X0Y4      Cfu/fn0/ins/dp_3/mem_reg/CLKARDCLK
Min Period        n/a     RAMB18E1/CLKARDCLK  n/a            2.944         13.333      10.389     RAMB18_X0Y4      Cfu/fn0/store_filter_values_dp_0/mem_reg/CLKARDCLK
Min Period        n/a     RAMB18E1/CLKBWRCLK  n/a            2.944         13.333      10.389     RAMB18_X0Y4      Cfu/fn0/store_filter_values_dp_0/mem_reg/CLKBWRCLK
Max Period        n/a     MMCME2_ADV/CLKOUT0  n/a            213.360       13.333      200.027    MMCME2_ADV_X0Y0  MMCME2_ADV/CLKOUT0
Low Pulse Width   Slow    RAMD32/CLK          n/a            1.250         6.667       5.417      SLICE_X80Y54     storage_1_reg_0_15_0_5/RAMA/CLK
Low Pulse Width   Fast    RAMD32/CLK          n/a            1.250         6.667       5.417      SLICE_X80Y54     storage_1_reg_0_15_0_5/RAMA/CLK
Low Pulse Width   Slow    RAMD32/CLK          n/a            1.250         6.667       5.417      SLICE_X80Y54     storage_1_reg_0_15_0_5/RAMA_D1/CLK
Low Pulse Width   Fast    RAMD32/CLK          n/a            1.250         6.667       5.417      SLICE_X80Y54     storage_1_reg_0_15_0_5/RAMA_D1/CLK
Low Pulse Width   Slow    RAMD32/CLK          n/a            1.250         6.667       5.417      SLICE_X80Y54     storage_1_reg_0_15_0_5/RAMB/CLK
Low Pulse Width   Fast    RAMD32/CLK          n/a            1.250         6.667       5.417      SLICE_X80Y54     storage_1_reg_0_15_0_5/RAMB/CLK
Low Pulse Width   Slow    RAMD32/CLK          n/a            1.250         6.667       5.417      SLICE_X80Y54     storage_1_reg_0_15_0_5/RAMB_D1/CLK
Low Pulse Width   Fast    RAMD32/CLK          n/a            1.250         6.667       5.417      SLICE_X80Y54     storage_1_reg_0_15_0_5/RAMB_D1/CLK
Low Pulse Width   Slow    RAMD32/CLK          n/a            1.250         6.667       5.417      SLICE_X80Y54     storage_1_reg_0_15_0_5/RAMC/CLK
Low Pulse Width   Fast    RAMD32/CLK          n/a            1.250         6.667       5.417      SLICE_X80Y54     storage_1_reg_0_15_0_5/RAMC/CLK
High Pulse Width  Slow    RAMD32/CLK          n/a            1.250         6.667       5.417      SLICE_X80Y54     storage_1_reg_0_15_0_5/RAMA/CLK
High Pulse Width  Fast    RAMD32/CLK          n/a            1.250         6.667       5.417      SLICE_X80Y54     storage_1_reg_0_15_0_5/RAMA/CLK
High Pulse Width  Slow    RAMD32/CLK          n/a            1.250         6.667       5.417      SLICE_X80Y54     storage_1_reg_0_15_0_5/RAMA_D1/CLK
High Pulse Width  Fast    RAMD32/CLK          n/a            1.250         6.667       5.417      SLICE_X80Y54     storage_1_reg_0_15_0_5/RAMA_D1/CLK
High Pulse Width  Slow    RAMD32/CLK          n/a            1.250         6.667       5.417      SLICE_X80Y54     storage_1_reg_0_15_0_5/RAMB/CLK
High Pulse Width  Fast    RAMD32/CLK          n/a            1.250         6.667       5.417      SLICE_X80Y54     storage_1_reg_0_15_0_5/RAMB/CLK
High Pulse Width  Slow    RAMD32/CLK          n/a            1.250         6.667       5.417      SLICE_X80Y54     storage_1_reg_0_15_0_5/RAMB_D1/CLK
High Pulse Width  Fast    RAMD32/CLK          n/a            1.250         6.667       5.417      SLICE_X80Y54     storage_1_reg_0_15_0_5/RAMB_D1/CLK
High Pulse Width  Slow    RAMD32/CLK          n/a            1.250         6.667       5.417      SLICE_X80Y54     storage_1_reg_0_15_0_5/RAMC/CLK
High Pulse Width  Fast    RAMD32/CLK          n/a            1.250         6.667       5.417      SLICE_X80Y54     storage_1_reg_0_15_0_5/RAMC/CLK



---------------------------------------------------------------------------------------------------
From Clock:  soc_crg_clkout1
  To Clock:  soc_crg_clkout1

Setup :           NA  Failing Endpoints,  Worst Slack           NA  ,  Total Violation           NA
Hold  :           NA  Failing Endpoints,  Worst Slack           NA  ,  Total Violation           NA
PW    :            0  Failing Endpoints,  Worst Slack        4.511ns,  Total Violation        0.000ns
---------------------------------------------------------------------------------------------------


Pulse Width Checks
--------------------------------------------------------------------------------------
Clock Name:         soc_crg_clkout1
Waveform(ns):       { 0.000 3.333 }
Period(ns):         6.667
Sources:            { MMCME2_ADV/CLKOUT1 }

Check Type  Corner  Lib Pin             Reference Pin  Required(ns)  Actual(ns)  Slack(ns)  Location         Pin
Min Period  n/a     BUFG/I              n/a            2.155         6.667       4.511      BUFGCTRL_X0Y1    BUFG_1/I
Min Period  n/a     ISERDESE2/CLK       n/a            1.667         6.667       5.000      ILOGIC_X1Y54     ISERDESE2/CLK
Min Period  n/a     ISERDESE2/CLKB      n/a            1.667         6.667       5.000      ILOGIC_X1Y54     ISERDESE2/CLKB
Min Period  n/a     ISERDESE2/CLK       n/a            1.667         6.667       5.000      ILOGIC_X1Y59     ISERDESE2_1/CLK
Min Period  n/a     ISERDESE2/CLKB      n/a            1.667         6.667       5.000      ILOGIC_X1Y59     ISERDESE2_1/CLKB
Min Period  n/a     ISERDESE2/CLK       n/a            1.667         6.667       5.000      ILOGIC_X1Y80     ISERDESE2_10/CLK
Min Period  n/a     ISERDESE2/CLKB      n/a            1.667         6.667       5.000      ILOGIC_X1Y80     ISERDESE2_10/CLKB
Min Period  n/a     ISERDESE2/CLK       n/a            1.667         6.667       5.000      ILOGIC_X1Y84     ISERDESE2_11/CLK
Min Period  n/a     ISERDESE2/CLKB      n/a            1.667         6.667       5.000      ILOGIC_X1Y84     ISERDESE2_11/CLKB
Min Period  n/a     ISERDESE2/CLK       n/a            1.667         6.667       5.000      ILOGIC_X1Y79     ISERDESE2_12/CLK
Max Period  n/a     MMCME2_ADV/CLKOUT1  n/a            213.360       6.667       206.693    MMCME2_ADV_X0Y0  MMCME2_ADV/CLKOUT1



---------------------------------------------------------------------------------------------------
From Clock:  soc_crg_clkout2
  To Clock:  soc_crg_clkout2

Setup :           NA  Failing Endpoints,  Worst Slack           NA  ,  Total Violation           NA
Hold  :           NA  Failing Endpoints,  Worst Slack           NA  ,  Total Violation           NA
PW    :            0  Failing Endpoints,  Worst Slack        4.511ns,  Total Violation        0.000ns
---------------------------------------------------------------------------------------------------


Pulse Width Checks
--------------------------------------------------------------------------------------
Clock Name:         soc_crg_clkout2
Waveform(ns):       { 1.667 5.000 }
Period(ns):         6.667
Sources:            { MMCME2_ADV/CLKOUT2 }

Check Type  Corner  Lib Pin             Reference Pin  Required(ns)  Actual(ns)  Slack(ns)  Location         Pin
Min Period  n/a     BUFG/I              n/a            2.155         6.667       4.511      BUFGCTRL_X0Y3    BUFG_2/I
Min Period  n/a     OSERDESE2/CLK       n/a            1.667         6.667       5.000      OLOGIC_X1Y58     OSERDESE2_23/CLK
Min Period  n/a     OSERDESE2/CLK       n/a            1.667         6.667       5.000      OLOGIC_X1Y82     OSERDESE2_24/CLK
Min Period  n/a     MMCME2_ADV/CLKOUT2  n/a            1.249         6.667       5.418      MMCME2_ADV_X0Y0  MMCME2_ADV/CLKOUT2
Max Period  n/a     MMCME2_ADV/CLKOUT2  n/a            213.360       6.667       206.693    MMCME2_ADV_X0Y0  MMCME2_ADV/CLKOUT2



---------------------------------------------------------------------------------------------------
From Clock:  soc_crg_clkout3
  To Clock:  soc_crg_clkout3

Setup :            0  Failing Endpoints,  Worst Slack        1.215ns,  Total Violation        0.000ns
Hold  :            0  Failing Endpoints,  Worst Slack        0.160ns,  Total Violation        0.000ns
PW    :            0  Failing Endpoints,  Worst Slack        0.264ns,  Total Violation        0.000ns
---------------------------------------------------------------------------------------------------


Max Delay Paths
--------------------------------------------------------------------------------------
Slack (MET) :             1.215ns  (required time - arrival time)
  Source:                 FDPE_6/C
                            (rising edge-triggered cell FDPE clocked by soc_crg_clkout3  {rise@0.000ns fall@2.500ns period=5.000ns})
  Destination:            FDPE_7/D
                            (rising edge-triggered cell FDPE clocked by soc_crg_clkout3  {rise@0.000ns fall@2.500ns period=5.000ns})
  Path Group:             soc_crg_clkout3
  Path Type:              Setup (Max at Slow Process Corner)
  Requirement:            2.000ns  (MaxDelay Path 2.000ns)
  Data Path Delay:        0.708ns  (logic 0.518ns (73.174%)  route 0.190ns (26.826%))
  Logic Levels:           0  
  Clock Path Skew:        0.000ns (DCD - SCD + CPR)
    Destination Clock Delay (DCD):    10.225ns
    Source Clock Delay      (SCD):    11.018ns
    Clock Pessimism Removal (CPR):    0.793ns
  Clock Uncertainty:      0.061ns  ((TSJ^2 + DJ^2)^1/2) / 2 + PE
    Total System Jitter     (TSJ):    0.071ns
    Discrete Jitter          (DJ):    0.100ns
    Phase Error              (PE):    0.000ns
  Timing Exception:       MaxDelay Path 2.000ns

    Location             Delay type                Incr(ns)  Path(ns)    Netlist Resource(s)
  -------------------------------------------------------------------    -------------------
                         (clock soc_crg_clkout3 rise edge)
                                                      0.000     0.000 r  
    E3                                                0.000     0.000 r  clk100 (IN)
                         net (fo=0)                   0.000     0.000    clk100
    E3                   IBUF (Prop_ibuf_I_O)         1.482     1.482 r  clk100_IBUF_inst/O
                         net (fo=1, routed)           2.025     3.506    clk100_IBUF
    BUFGCTRL_X0Y16       BUFG (Prop_bufg_I_O)         0.096     3.602 r  clk100_IBUF_BUFG_inst/O
                         net (fo=1, routed)           2.549     6.151    clk100_IBUF_BUFG
    SLICE_X1Y14          LUT1 (Prop_lut1_I0_O)        0.124     6.275 r  clk100_inst/O
                         net (fo=9, routed)           0.838     7.113    soc_crg_clkin
    MMCME2_ADV_X0Y0      MMCME2_ADV (Prop_mmcme2_adv_CLKIN1_CLKOUT3)
                                                      0.088     7.201 r  MMCME2_ADV/CLKOUT3
                         net (fo=1, routed)           2.018     9.220    soc_crg_clkout3
    BUFGCTRL_X0Y2        BUFG (Prop_bufg_I_O)         0.096     9.316 r  BUFG_3/O
                         net (fo=8, routed)           1.702    11.018    idelay_clk
    SLICE_X78Y72         FDPE                                         r  FDPE_6/C
  -------------------------------------------------------------------    -------------------
    SLICE_X78Y72         FDPE (Prop_fdpe_C_Q)         0.518    11.536 r  FDPE_6/Q
                         net (fo=1, routed)           0.190    11.726    soc_builder_xilinxasyncresetsynchronizerimpl3_rst_meta
    SLICE_X78Y72         FDPE                                         r  FDPE_7/D
  -------------------------------------------------------------------    -------------------

                         max delay                    2.000     2.000    
    E3                                                0.000     2.000 r  clk100 (IN)
                         net (fo=0)                   0.000     2.000    clk100
    E3                   IBUF (Prop_ibuf_I_O)         1.411     3.411 r  clk100_IBUF_inst/O
                         net (fo=1, routed)           1.920     5.331    clk100_IBUF
    BUFGCTRL_X0Y16       BUFG (Prop_bufg_I_O)         0.091     5.422 r  clk100_IBUF_BUFG_inst/O
                         net (fo=1, routed)           2.291     7.713    clk100_IBUF_BUFG
    SLICE_X1Y14          LUT1 (Prop_lut1_I0_O)        0.100     7.813 r  clk100_inst/O
                         net (fo=9, routed)           0.732     8.545    soc_crg_clkin
    MMCME2_ADV_X0Y0      MMCME2_ADV (Prop_mmcme2_adv_CLKIN1_CLKOUT3)
                                                      0.083     8.628 r  MMCME2_ADV/CLKOUT3
                         net (fo=1, routed)           1.923    10.551    soc_crg_clkout3
    BUFGCTRL_X0Y2        BUFG (Prop_bufg_I_O)         0.091    10.642 r  BUFG_3/O
                         net (fo=8, routed)           1.583    12.225    idelay_clk
    SLICE_X78Y72         FDPE                                         r  FDPE_7/C
                         clock pessimism              0.793    13.018    
                         clock uncertainty           -0.061    12.957    
    SLICE_X78Y72         FDPE (Setup_fdpe_C_D)       -0.016    12.941    FDPE_7
  -------------------------------------------------------------------
                         required time                         12.941    
                         arrival time                         -11.726    
  -------------------------------------------------------------------
                         slack                                  1.215    

Slack (MET) :             2.536ns  (required time - arrival time)
  Source:                 soc_crg_reset_counter_reg[1]/C
                            (rising edge-triggered cell FDSE clocked by soc_crg_clkout3  {rise@0.000ns fall@2.500ns period=5.000ns})
  Destination:            soc_crg_reset_counter_reg[0]/CE
                            (rising edge-triggered cell FDSE clocked by soc_crg_clkout3  {rise@0.000ns fall@2.500ns period=5.000ns})
  Path Group:             soc_crg_clkout3
  Path Type:              Setup (Max at Slow Process Corner)
  Requirement:            5.000ns  (soc_crg_clkout3 rise@5.000ns - soc_crg_clkout3 rise@0.000ns)
  Data Path Delay:        2.198ns  (logic 0.718ns (32.668%)  route 1.480ns (67.332%))
  Logic Levels:           1  (LUT4=1)
  Clock Path Skew:        0.000ns (DCD - SCD + CPR)
    Destination Clock Delay (DCD):    10.237ns = ( 15.237 - 5.000 ) 
    Source Clock Delay      (SCD):    11.029ns
    Clock Pessimism Removal (CPR):    0.792ns
  Clock Uncertainty:      0.061ns  ((TSJ^2 + DJ^2)^1/2) / 2 + PE
    Total System Jitter     (TSJ):    0.071ns
    Discrete Jitter          (DJ):    0.100ns
    Phase Error              (PE):    0.000ns

    Location             Delay type                Incr(ns)  Path(ns)    Netlist Resource(s)
  -------------------------------------------------------------------    -------------------
                         (clock soc_crg_clkout3 rise edge)
                                                      0.000     0.000 r  
    E3                                                0.000     0.000 r  clk100 (IN)
                         net (fo=0)                   0.000     0.000    clk100
    E3                   IBUF (Prop_ibuf_I_O)         1.482     1.482 r  clk100_IBUF_inst/O
                         net (fo=1, routed)           2.025     3.506    clk100_IBUF
    BUFGCTRL_X0Y16       BUFG (Prop_bufg_I_O)         0.096     3.602 r  clk100_IBUF_BUFG_inst/O
                         net (fo=1, routed)           2.549     6.151    clk100_IBUF_BUFG
    SLICE_X1Y14          LUT1 (Prop_lut1_I0_O)        0.124     6.275 r  clk100_inst/O
                         net (fo=9, routed)           0.838     7.113    soc_crg_clkin
    MMCME2_ADV_X0Y0      MMCME2_ADV (Prop_mmcme2_adv_CLKIN1_CLKOUT3)
                                                      0.088     7.201 r  MMCME2_ADV/CLKOUT3
                         net (fo=1, routed)           2.018     9.220    soc_crg_clkout3
    BUFGCTRL_X0Y2        BUFG (Prop_bufg_I_O)         0.096     9.316 r  BUFG_3/O
                         net (fo=8, routed)           1.713    11.029    idelay_clk
    SLICE_X89Y72         FDSE                                         r  soc_crg_reset_counter_reg[1]/C
  -------------------------------------------------------------------    -------------------
    SLICE_X89Y72         FDSE (Prop_fdse_C_Q)         0.419    11.448 r  soc_crg_reset_counter_reg[1]/Q
                         net (fo=4, routed)           0.882    12.330    soc_crg_reset_counter[1]
    SLICE_X89Y72         LUT4 (Prop_lut4_I0_O)        0.299    12.629 r  soc_crg_reset_counter[3]_i_1/O
                         net (fo=5, routed)           0.598    13.227    soc_crg_reset_counter[3]_i_1_n_0
    SLICE_X89Y72         FDSE                                         r  soc_crg_reset_counter_reg[0]/CE
  -------------------------------------------------------------------    -------------------

                         (clock soc_crg_clkout3 rise edge)
                                                      5.000     5.000 r  
    E3                                                0.000     5.000 r  clk100 (IN)
                         net (fo=0)                   0.000     5.000    clk100
    E3                   IBUF (Prop_ibuf_I_O)         1.411     6.411 r  clk100_IBUF_inst/O
                         net (fo=1, routed)           1.920     8.331    clk100_IBUF
    BUFGCTRL_X0Y16       BUFG (Prop_bufg_I_O)         0.091     8.422 r  clk100_IBUF_BUFG_inst/O
                         net (fo=1, routed)           2.291    10.713    clk100_IBUF_BUFG
    SLICE_X1Y14          LUT1 (Prop_lut1_I0_O)        0.100    10.813 r  clk100_inst/O
                         net (fo=9, routed)           0.732    11.545    soc_crg_clkin
    MMCME2_ADV_X0Y0      MMCME2_ADV (Prop_mmcme2_adv_CLKIN1_CLKOUT3)
                                                      0.083    11.628 r  MMCME2_ADV/CLKOUT3
                         net (fo=1, routed)           1.923    13.551    soc_crg_clkout3
    BUFGCTRL_X0Y2        BUFG (Prop_bufg_I_O)         0.091    13.642 r  BUFG_3/O
                         net (fo=8, routed)           1.595    15.237    idelay_clk
    SLICE_X89Y72         FDSE                                         r  soc_crg_reset_counter_reg[0]/C
                         clock pessimism              0.792    16.029    
                         clock uncertainty           -0.061    15.968    
    SLICE_X89Y72         FDSE (Setup_fdse_C_CE)      -0.205    15.763    soc_crg_reset_counter_reg[0]
  -------------------------------------------------------------------
                         required time                         15.763    
                         arrival time                         -13.227    
  -------------------------------------------------------------------
                         slack                                  2.536    

Slack (MET) :             2.536ns  (required time - arrival time)
  Source:                 soc_crg_reset_counter_reg[1]/C
                            (rising edge-triggered cell FDSE clocked by soc_crg_clkout3  {rise@0.000ns fall@2.500ns period=5.000ns})
  Destination:            soc_crg_reset_counter_reg[1]/CE
                            (rising edge-triggered cell FDSE clocked by soc_crg_clkout3  {rise@0.000ns fall@2.500ns period=5.000ns})
  Path Group:             soc_crg_clkout3
  Path Type:              Setup (Max at Slow Process Corner)
  Requirement:            5.000ns  (soc_crg_clkout3 rise@5.000ns - soc_crg_clkout3 rise@0.000ns)
  Data Path Delay:        2.198ns  (logic 0.718ns (32.668%)  route 1.480ns (67.332%))
  Logic Levels:           1  (LUT4=1)
  Clock Path Skew:        0.000ns (DCD - SCD + CPR)
    Destination Clock Delay (DCD):    10.237ns = ( 15.237 - 5.000 ) 
    Source Clock Delay      (SCD):    11.029ns
    Clock Pessimism Removal (CPR):    0.792ns
  Clock Uncertainty:      0.061ns  ((TSJ^2 + DJ^2)^1/2) / 2 + PE
    Total System Jitter     (TSJ):    0.071ns
    Discrete Jitter          (DJ):    0.100ns
    Phase Error              (PE):    0.000ns

    Location             Delay type                Incr(ns)  Path(ns)    Netlist Resource(s)
  -------------------------------------------------------------------    -------------------
                         (clock soc_crg_clkout3 rise edge)
                                                      0.000     0.000 r  
    E3                                                0.000     0.000 r  clk100 (IN)
                         net (fo=0)                   0.000     0.000    clk100
    E3                   IBUF (Prop_ibuf_I_O)         1.482     1.482 r  clk100_IBUF_inst/O
                         net (fo=1, routed)           2.025     3.506    clk100_IBUF
    BUFGCTRL_X0Y16       BUFG (Prop_bufg_I_O)         0.096     3.602 r  clk100_IBUF_BUFG_inst/O
                         net (fo=1, routed)           2.549     6.151    clk100_IBUF_BUFG
    SLICE_X1Y14          LUT1 (Prop_lut1_I0_O)        0.124     6.275 r  clk100_inst/O
                         net (fo=9, routed)           0.838     7.113    soc_crg_clkin
    MMCME2_ADV_X0Y0      MMCME2_ADV (Prop_mmcme2_adv_CLKIN1_CLKOUT3)
                                                      0.088     7.201 r  MMCME2_ADV/CLKOUT3
                         net (fo=1, routed)           2.018     9.220    soc_crg_clkout3
    BUFGCTRL_X0Y2        BUFG (Prop_bufg_I_O)         0.096     9.316 r  BUFG_3/O
                         net (fo=8, routed)           1.713    11.029    idelay_clk
    SLICE_X89Y72         FDSE                                         r  soc_crg_reset_counter_reg[1]/C
  -------------------------------------------------------------------    -------------------
    SLICE_X89Y72         FDSE (Prop_fdse_C_Q)         0.419    11.448 r  soc_crg_reset_counter_reg[1]/Q
                         net (fo=4, routed)           0.882    12.330    soc_crg_reset_counter[1]
    SLICE_X89Y72         LUT4 (Prop_lut4_I0_O)        0.299    12.629 r  soc_crg_reset_counter[3]_i_1/O
                         net (fo=5, routed)           0.598    13.227    soc_crg_reset_counter[3]_i_1_n_0
    SLICE_X89Y72         FDSE                                         r  soc_crg_reset_counter_reg[1]/CE
  -------------------------------------------------------------------    -------------------

                         (clock soc_crg_clkout3 rise edge)
                                                      5.000     5.000 r  
    E3                                                0.000     5.000 r  clk100 (IN)
                         net (fo=0)                   0.000     5.000    clk100
    E3                   IBUF (Prop_ibuf_I_O)         1.411     6.411 r  clk100_IBUF_inst/O
                         net (fo=1, routed)           1.920     8.331    clk100_IBUF
    BUFGCTRL_X0Y16       BUFG (Prop_bufg_I_O)         0.091     8.422 r  clk100_IBUF_BUFG_inst/O
                         net (fo=1, routed)           2.291    10.713    clk100_IBUF_BUFG
    SLICE_X1Y14          LUT1 (Prop_lut1_I0_O)        0.100    10.813 r  clk100_inst/O
                         net (fo=9, routed)           0.732    11.545    soc_crg_clkin
    MMCME2_ADV_X0Y0      MMCME2_ADV (Prop_mmcme2_adv_CLKIN1_CLKOUT3)
                                                      0.083    11.628 r  MMCME2_ADV/CLKOUT3
                         net (fo=1, routed)           1.923    13.551    soc_crg_clkout3
    BUFGCTRL_X0Y2        BUFG (Prop_bufg_I_O)         0.091    13.642 r  BUFG_3/O
                         net (fo=8, routed)           1.595    15.237    idelay_clk
    SLICE_X89Y72         FDSE                                         r  soc_crg_reset_counter_reg[1]/C
                         clock pessimism              0.792    16.029    
                         clock uncertainty           -0.061    15.968    
    SLICE_X89Y72         FDSE (Setup_fdse_C_CE)      -0.205    15.763    soc_crg_reset_counter_reg[1]
  -------------------------------------------------------------------
                         required time                         15.763    
                         arrival time                         -13.227    
  -------------------------------------------------------------------
                         slack                                  2.536    

Slack (MET) :             2.536ns  (required time - arrival time)
  Source:                 soc_crg_reset_counter_reg[1]/C
                            (rising edge-triggered cell FDSE clocked by soc_crg_clkout3  {rise@0.000ns fall@2.500ns period=5.000ns})
  Destination:            soc_crg_reset_counter_reg[2]/CE
                            (rising edge-triggered cell FDSE clocked by soc_crg_clkout3  {rise@0.000ns fall@2.500ns period=5.000ns})
  Path Group:             soc_crg_clkout3
  Path Type:              Setup (Max at Slow Process Corner)
  Requirement:            5.000ns  (soc_crg_clkout3 rise@5.000ns - soc_crg_clkout3 rise@0.000ns)
  Data Path Delay:        2.198ns  (logic 0.718ns (32.668%)  route 1.480ns (67.332%))
  Logic Levels:           1  (LUT4=1)
  Clock Path Skew:        0.000ns (DCD - SCD + CPR)
    Destination Clock Delay (DCD):    10.237ns = ( 15.237 - 5.000 ) 
    Source Clock Delay      (SCD):    11.029ns
    Clock Pessimism Removal (CPR):    0.792ns
  Clock Uncertainty:      0.061ns  ((TSJ^2 + DJ^2)^1/2) / 2 + PE
    Total System Jitter     (TSJ):    0.071ns
    Discrete Jitter          (DJ):    0.100ns
    Phase Error              (PE):    0.000ns

    Location             Delay type                Incr(ns)  Path(ns)    Netlist Resource(s)
  -------------------------------------------------------------------    -------------------
                         (clock soc_crg_clkout3 rise edge)
                                                      0.000     0.000 r  
    E3                                                0.000     0.000 r  clk100 (IN)
                         net (fo=0)                   0.000     0.000    clk100
    E3                   IBUF (Prop_ibuf_I_O)         1.482     1.482 r  clk100_IBUF_inst/O
                         net (fo=1, routed)           2.025     3.506    clk100_IBUF
    BUFGCTRL_X0Y16       BUFG (Prop_bufg_I_O)         0.096     3.602 r  clk100_IBUF_BUFG_inst/O
                         net (fo=1, routed)           2.549     6.151    clk100_IBUF_BUFG
    SLICE_X1Y14          LUT1 (Prop_lut1_I0_O)        0.124     6.275 r  clk100_inst/O
                         net (fo=9, routed)           0.838     7.113    soc_crg_clkin
    MMCME2_ADV_X0Y0      MMCME2_ADV (Prop_mmcme2_adv_CLKIN1_CLKOUT3)
                                                      0.088     7.201 r  MMCME2_ADV/CLKOUT3
                         net (fo=1, routed)           2.018     9.220    soc_crg_clkout3
    BUFGCTRL_X0Y2        BUFG (Prop_bufg_I_O)         0.096     9.316 r  BUFG_3/O
                         net (fo=8, routed)           1.713    11.029    idelay_clk
    SLICE_X89Y72         FDSE                                         r  soc_crg_reset_counter_reg[1]/C
  -------------------------------------------------------------------    -------------------
    SLICE_X89Y72         FDSE (Prop_fdse_C_Q)         0.419    11.448 r  soc_crg_reset_counter_reg[1]/Q
                         net (fo=4, routed)           0.882    12.330    soc_crg_reset_counter[1]
    SLICE_X89Y72         LUT4 (Prop_lut4_I0_O)        0.299    12.629 r  soc_crg_reset_counter[3]_i_1/O
                         net (fo=5, routed)           0.598    13.227    soc_crg_reset_counter[3]_i_1_n_0
    SLICE_X89Y72         FDSE                                         r  soc_crg_reset_counter_reg[2]/CE
  -------------------------------------------------------------------    -------------------

                         (clock soc_crg_clkout3 rise edge)
                                                      5.000     5.000 r  
    E3                                                0.000     5.000 r  clk100 (IN)
                         net (fo=0)                   0.000     5.000    clk100
    E3                   IBUF (Prop_ibuf_I_O)         1.411     6.411 r  clk100_IBUF_inst/O
                         net (fo=1, routed)           1.920     8.331    clk100_IBUF
    BUFGCTRL_X0Y16       BUFG (Prop_bufg_I_O)         0.091     8.422 r  clk100_IBUF_BUFG_inst/O
                         net (fo=1, routed)           2.291    10.713    clk100_IBUF_BUFG
    SLICE_X1Y14          LUT1 (Prop_lut1_I0_O)        0.100    10.813 r  clk100_inst/O
                         net (fo=9, routed)           0.732    11.545    soc_crg_clkin
    MMCME2_ADV_X0Y0      MMCME2_ADV (Prop_mmcme2_adv_CLKIN1_CLKOUT3)
                                                      0.083    11.628 r  MMCME2_ADV/CLKOUT3
                         net (fo=1, routed)           1.923    13.551    soc_crg_clkout3
    BUFGCTRL_X0Y2        BUFG (Prop_bufg_I_O)         0.091    13.642 r  BUFG_3/O
                         net (fo=8, routed)           1.595    15.237    idelay_clk
    SLICE_X89Y72         FDSE                                         r  soc_crg_reset_counter_reg[2]/C
                         clock pessimism              0.792    16.029    
                         clock uncertainty           -0.061    15.968    
    SLICE_X89Y72         FDSE (Setup_fdse_C_CE)      -0.205    15.763    soc_crg_reset_counter_reg[2]
  -------------------------------------------------------------------
                         required time                         15.763    
                         arrival time                         -13.227    
  -------------------------------------------------------------------
                         slack                                  2.536    

Slack (MET) :             2.536ns  (required time - arrival time)
  Source:                 soc_crg_reset_counter_reg[1]/C
                            (rising edge-triggered cell FDSE clocked by soc_crg_clkout3  {rise@0.000ns fall@2.500ns period=5.000ns})
  Destination:            soc_crg_reset_counter_reg[3]/CE
                            (rising edge-triggered cell FDSE clocked by soc_crg_clkout3  {rise@0.000ns fall@2.500ns period=5.000ns})
  Path Group:             soc_crg_clkout3
  Path Type:              Setup (Max at Slow Process Corner)
  Requirement:            5.000ns  (soc_crg_clkout3 rise@5.000ns - soc_crg_clkout3 rise@0.000ns)
  Data Path Delay:        2.198ns  (logic 0.718ns (32.668%)  route 1.480ns (67.332%))
  Logic Levels:           1  (LUT4=1)
  Clock Path Skew:        0.000ns (DCD - SCD + CPR)
    Destination Clock Delay (DCD):    10.237ns = ( 15.237 - 5.000 ) 
    Source Clock Delay      (SCD):    11.029ns
    Clock Pessimism Removal (CPR):    0.792ns
  Clock Uncertainty:      0.061ns  ((TSJ^2 + DJ^2)^1/2) / 2 + PE
    Total System Jitter     (TSJ):    0.071ns
    Discrete Jitter          (DJ):    0.100ns
    Phase Error              (PE):    0.000ns

    Location             Delay type                Incr(ns)  Path(ns)    Netlist Resource(s)
  -------------------------------------------------------------------    -------------------
                         (clock soc_crg_clkout3 rise edge)
                                                      0.000     0.000 r  
    E3                                                0.000     0.000 r  clk100 (IN)
                         net (fo=0)                   0.000     0.000    clk100
    E3                   IBUF (Prop_ibuf_I_O)         1.482     1.482 r  clk100_IBUF_inst/O
                         net (fo=1, routed)           2.025     3.506    clk100_IBUF
    BUFGCTRL_X0Y16       BUFG (Prop_bufg_I_O)         0.096     3.602 r  clk100_IBUF_BUFG_inst/O
                         net (fo=1, routed)           2.549     6.151    clk100_IBUF_BUFG
    SLICE_X1Y14          LUT1 (Prop_lut1_I0_O)        0.124     6.275 r  clk100_inst/O
                         net (fo=9, routed)           0.838     7.113    soc_crg_clkin
    MMCME2_ADV_X0Y0      MMCME2_ADV (Prop_mmcme2_adv_CLKIN1_CLKOUT3)
                                                      0.088     7.201 r  MMCME2_ADV/CLKOUT3
                         net (fo=1, routed)           2.018     9.220    soc_crg_clkout3
    BUFGCTRL_X0Y2        BUFG (Prop_bufg_I_O)         0.096     9.316 r  BUFG_3/O
                         net (fo=8, routed)           1.713    11.029    idelay_clk
    SLICE_X89Y72         FDSE                                         r  soc_crg_reset_counter_reg[1]/C
  -------------------------------------------------------------------    -------------------
    SLICE_X89Y72         FDSE (Prop_fdse_C_Q)         0.419    11.448 r  soc_crg_reset_counter_reg[1]/Q
                         net (fo=4, routed)           0.882    12.330    soc_crg_reset_counter[1]
    SLICE_X89Y72         LUT4 (Prop_lut4_I0_O)        0.299    12.629 r  soc_crg_reset_counter[3]_i_1/O
                         net (fo=5, routed)           0.598    13.227    soc_crg_reset_counter[3]_i_1_n_0
    SLICE_X89Y72         FDSE                                         r  soc_crg_reset_counter_reg[3]/CE
  -------------------------------------------------------------------    -------------------

                         (clock soc_crg_clkout3 rise edge)
                                                      5.000     5.000 r  
    E3                                                0.000     5.000 r  clk100 (IN)
                         net (fo=0)                   0.000     5.000    clk100
    E3                   IBUF (Prop_ibuf_I_O)         1.411     6.411 r  clk100_IBUF_inst/O
                         net (fo=1, routed)           1.920     8.331    clk100_IBUF
    BUFGCTRL_X0Y16       BUFG (Prop_bufg_I_O)         0.091     8.422 r  clk100_IBUF_BUFG_inst/O
                         net (fo=1, routed)           2.291    10.713    clk100_IBUF_BUFG
    SLICE_X1Y14          LUT1 (Prop_lut1_I0_O)        0.100    10.813 r  clk100_inst/O
                         net (fo=9, routed)           0.732    11.545    soc_crg_clkin
    MMCME2_ADV_X0Y0      MMCME2_ADV (Prop_mmcme2_adv_CLKIN1_CLKOUT3)
                                                      0.083    11.628 r  MMCME2_ADV/CLKOUT3
                         net (fo=1, routed)           1.923    13.551    soc_crg_clkout3
    BUFGCTRL_X0Y2        BUFG (Prop_bufg_I_O)         0.091    13.642 r  BUFG_3/O
                         net (fo=8, routed)           1.595    15.237    idelay_clk
    SLICE_X89Y72         FDSE                                         r  soc_crg_reset_counter_reg[3]/C
                         clock pessimism              0.792    16.029    
                         clock uncertainty           -0.061    15.968    
    SLICE_X89Y72         FDSE (Setup_fdse_C_CE)      -0.205    15.763    soc_crg_reset_counter_reg[3]
  -------------------------------------------------------------------
                         required time                         15.763    
                         arrival time                         -13.227    
  -------------------------------------------------------------------
                         slack                                  2.536    

Slack (MET) :             2.770ns  (required time - arrival time)
  Source:                 soc_crg_reset_counter_reg[1]/C
                            (rising edge-triggered cell FDSE clocked by soc_crg_clkout3  {rise@0.000ns fall@2.500ns period=5.000ns})
  Destination:            soc_crg_ic_reset_reg/D
                            (rising edge-triggered cell FDRE clocked by soc_crg_clkout3  {rise@0.000ns fall@2.500ns period=5.000ns})
  Path Group:             soc_crg_clkout3
  Path Type:              Setup (Max at Slow Process Corner)
  Requirement:            5.000ns  (soc_crg_clkout3 rise@5.000ns - soc_crg_clkout3 rise@0.000ns)
  Data Path Delay:        2.174ns  (logic 0.842ns (38.728%)  route 1.332ns (61.272%))
  Logic Levels:           2  (LUT3=1 LUT4=1)
  Clock Path Skew:        -0.023ns (DCD - SCD + CPR)
    Destination Clock Delay (DCD):    10.236ns = ( 15.236 - 5.000 ) 
    Source Clock Delay      (SCD):    11.029ns
    Clock Pessimism Removal (CPR):    0.770ns
  Clock Uncertainty:      0.061ns  ((TSJ^2 + DJ^2)^1/2) / 2 + PE
    Total System Jitter     (TSJ):    0.071ns
    Discrete Jitter          (DJ):    0.100ns
    Phase Error              (PE):    0.000ns

    Location             Delay type                Incr(ns)  Path(ns)    Netlist Resource(s)
  -------------------------------------------------------------------    -------------------
                         (clock soc_crg_clkout3 rise edge)
                                                      0.000     0.000 r  
    E3                                                0.000     0.000 r  clk100 (IN)
                         net (fo=0)                   0.000     0.000    clk100
    E3                   IBUF (Prop_ibuf_I_O)         1.482     1.482 r  clk100_IBUF_inst/O
                         net (fo=1, routed)           2.025     3.506    clk100_IBUF
    BUFGCTRL_X0Y16       BUFG (Prop_bufg_I_O)         0.096     3.602 r  clk100_IBUF_BUFG_inst/O
                         net (fo=1, routed)           2.549     6.151    clk100_IBUF_BUFG
    SLICE_X1Y14          LUT1 (Prop_lut1_I0_O)        0.124     6.275 r  clk100_inst/O
                         net (fo=9, routed)           0.838     7.113    soc_crg_clkin
    MMCME2_ADV_X0Y0      MMCME2_ADV (Prop_mmcme2_adv_CLKIN1_CLKOUT3)
                                                      0.088     7.201 r  MMCME2_ADV/CLKOUT3
                         net (fo=1, routed)           2.018     9.220    soc_crg_clkout3
    BUFGCTRL_X0Y2        BUFG (Prop_bufg_I_O)         0.096     9.316 r  BUFG_3/O
                         net (fo=8, routed)           1.713    11.029    idelay_clk
    SLICE_X89Y72         FDSE                                         r  soc_crg_reset_counter_reg[1]/C
  -------------------------------------------------------------------    -------------------
    SLICE_X89Y72         FDSE (Prop_fdse_C_Q)         0.419    11.448 r  soc_crg_reset_counter_reg[1]/Q
                         net (fo=4, routed)           0.882    12.330    soc_crg_reset_counter[1]
    SLICE_X89Y72         LUT4 (Prop_lut4_I0_O)        0.299    12.629 r  soc_crg_reset_counter[3]_i_1/O
                         net (fo=5, routed)           0.451    13.079    soc_crg_reset_counter[3]_i_1_n_0
    SLICE_X89Y73         LUT3 (Prop_lut3_I0_O)        0.124    13.203 r  soc_crg_ic_reset_i_1/O
                         net (fo=1, routed)           0.000    13.203    soc_crg_ic_reset_i_1_n_0
    SLICE_X89Y73         FDRE                                         r  soc_crg_ic_reset_reg/D
  -------------------------------------------------------------------    -------------------

                         (clock soc_crg_clkout3 rise edge)
                                                      5.000     5.000 r  
    E3                                                0.000     5.000 r  clk100 (IN)
                         net (fo=0)                   0.000     5.000    clk100
    E3                   IBUF (Prop_ibuf_I_O)         1.411     6.411 r  clk100_IBUF_inst/O
                         net (fo=1, routed)           1.920     8.331    clk100_IBUF
    BUFGCTRL_X0Y16       BUFG (Prop_bufg_I_O)         0.091     8.422 r  clk100_IBUF_BUFG_inst/O
                         net (fo=1, routed)           2.291    10.713    clk100_IBUF_BUFG
    SLICE_X1Y14          LUT1 (Prop_lut1_I0_O)        0.100    10.813 r  clk100_inst/O
                         net (fo=9, routed)           0.732    11.545    soc_crg_clkin
    MMCME2_ADV_X0Y0      MMCME2_ADV (Prop_mmcme2_adv_CLKIN1_CLKOUT3)
                                                      0.083    11.628 r  MMCME2_ADV/CLKOUT3
                         net (fo=1, routed)           1.923    13.551    soc_crg_clkout3
    BUFGCTRL_X0Y2        BUFG (Prop_bufg_I_O)         0.091    13.642 r  BUFG_3/O
                         net (fo=8, routed)           1.594    15.236    idelay_clk
    SLICE_X89Y73         FDRE                                         r  soc_crg_ic_reset_reg/C
                         clock pessimism              0.770    16.006    
                         clock uncertainty           -0.061    15.945    
    SLICE_X89Y73         FDRE (Setup_fdre_C_D)        0.029    15.974    soc_crg_ic_reset_reg
  -------------------------------------------------------------------
                         required time                         15.974    
                         arrival time                         -13.203    
  -------------------------------------------------------------------
                         slack                                  2.770    

Slack (MET) :             3.085ns  (required time - arrival time)
  Source:                 FDPE_7/C
                            (rising edge-triggered cell FDPE clocked by soc_crg_clkout3  {rise@0.000ns fall@2.500ns period=5.000ns})
  Destination:            soc_crg_reset_counter_reg[0]/S
                            (rising edge-triggered cell FDSE clocked by soc_crg_clkout3  {rise@0.000ns fall@2.500ns period=5.000ns})
  Path Group:             soc_crg_clkout3
  Path Type:              Setup (Max at Slow Process Corner)
  Requirement:            5.000ns  (soc_crg_clkout3 rise@5.000ns - soc_crg_clkout3 rise@0.000ns)
  Data Path Delay:        1.227ns  (logic 0.478ns (38.964%)  route 0.749ns (61.036%))
  Logic Levels:           0  
  Clock Path Skew:        -0.027ns (DCD - SCD + CPR)
    Destination Clock Delay (DCD):    10.237ns = ( 15.237 - 5.000 ) 
    Source Clock Delay      (SCD):    11.018ns
    Clock Pessimism Removal (CPR):    0.754ns
  Clock Uncertainty:      0.061ns  ((TSJ^2 + DJ^2)^1/2) / 2 + PE
    Total System Jitter     (TSJ):    0.071ns
    Discrete Jitter          (DJ):    0.100ns
    Phase Error              (PE):    0.000ns

    Location             Delay type                Incr(ns)  Path(ns)    Netlist Resource(s)
  -------------------------------------------------------------------    -------------------
                         (clock soc_crg_clkout3 rise edge)
                                                      0.000     0.000 r  
    E3                                                0.000     0.000 r  clk100 (IN)
                         net (fo=0)                   0.000     0.000    clk100
    E3                   IBUF (Prop_ibuf_I_O)         1.482     1.482 r  clk100_IBUF_inst/O
                         net (fo=1, routed)           2.025     3.506    clk100_IBUF
    BUFGCTRL_X0Y16       BUFG (Prop_bufg_I_O)         0.096     3.602 r  clk100_IBUF_BUFG_inst/O
                         net (fo=1, routed)           2.549     6.151    clk100_IBUF_BUFG
    SLICE_X1Y14          LUT1 (Prop_lut1_I0_O)        0.124     6.275 r  clk100_inst/O
                         net (fo=9, routed)           0.838     7.113    soc_crg_clkin
    MMCME2_ADV_X0Y0      MMCME2_ADV (Prop_mmcme2_adv_CLKIN1_CLKOUT3)
                                                      0.088     7.201 r  MMCME2_ADV/CLKOUT3
                         net (fo=1, routed)           2.018     9.220    soc_crg_clkout3
    BUFGCTRL_X0Y2        BUFG (Prop_bufg_I_O)         0.096     9.316 r  BUFG_3/O
                         net (fo=8, routed)           1.702    11.018    idelay_clk
    SLICE_X78Y72         FDPE                                         r  FDPE_7/C
  -------------------------------------------------------------------    -------------------
    SLICE_X78Y72         FDPE (Prop_fdpe_C_Q)         0.478    11.496 r  FDPE_7/Q
                         net (fo=5, routed)           0.749    12.245    idelay_rst
    SLICE_X89Y72         FDSE                                         r  soc_crg_reset_counter_reg[0]/S
  -------------------------------------------------------------------    -------------------

                         (clock soc_crg_clkout3 rise edge)
                                                      5.000     5.000 r  
    E3                                                0.000     5.000 r  clk100 (IN)
                         net (fo=0)                   0.000     5.000    clk100
    E3                   IBUF (Prop_ibuf_I_O)         1.411     6.411 r  clk100_IBUF_inst/O
                         net (fo=1, routed)           1.920     8.331    clk100_IBUF
    BUFGCTRL_X0Y16       BUFG (Prop_bufg_I_O)         0.091     8.422 r  clk100_IBUF_BUFG_inst/O
                         net (fo=1, routed)           2.291    10.713    clk100_IBUF_BUFG
    SLICE_X1Y14          LUT1 (Prop_lut1_I0_O)        0.100    10.813 r  clk100_inst/O
                         net (fo=9, routed)           0.732    11.545    soc_crg_clkin
    MMCME2_ADV_X0Y0      MMCME2_ADV (Prop_mmcme2_adv_CLKIN1_CLKOUT3)
                                                      0.083    11.628 r  MMCME2_ADV/CLKOUT3
                         net (fo=1, routed)           1.923    13.551    soc_crg_clkout3
    BUFGCTRL_X0Y2        BUFG (Prop_bufg_I_O)         0.091    13.642 r  BUFG_3/O
                         net (fo=8, routed)           1.595    15.237    idelay_clk
    SLICE_X89Y72         FDSE                                         r  soc_crg_reset_counter_reg[0]/C
                         clock pessimism              0.754    15.991    
                         clock uncertainty           -0.061    15.930    
    SLICE_X89Y72         FDSE (Setup_fdse_C_S)       -0.600    15.330    soc_crg_reset_counter_reg[0]
  -------------------------------------------------------------------
                         required time                         15.330    
                         arrival time                         -12.245    
  -------------------------------------------------------------------
                         slack                                  3.085    

Slack (MET) :             3.085ns  (required time - arrival time)
  Source:                 FDPE_7/C
                            (rising edge-triggered cell FDPE clocked by soc_crg_clkout3  {rise@0.000ns fall@2.500ns period=5.000ns})
  Destination:            soc_crg_reset_counter_reg[1]/S
                            (rising edge-triggered cell FDSE clocked by soc_crg_clkout3  {rise@0.000ns fall@2.500ns period=5.000ns})
  Path Group:             soc_crg_clkout3
  Path Type:              Setup (Max at Slow Process Corner)
  Requirement:            5.000ns  (soc_crg_clkout3 rise@5.000ns - soc_crg_clkout3 rise@0.000ns)
  Data Path Delay:        1.227ns  (logic 0.478ns (38.964%)  route 0.749ns (61.036%))
  Logic Levels:           0  
  Clock Path Skew:        -0.027ns (DCD - SCD + CPR)
    Destination Clock Delay (DCD):    10.237ns = ( 15.237 - 5.000 ) 
    Source Clock Delay      (SCD):    11.018ns
    Clock Pessimism Removal (CPR):    0.754ns
  Clock Uncertainty:      0.061ns  ((TSJ^2 + DJ^2)^1/2) / 2 + PE
    Total System Jitter     (TSJ):    0.071ns
    Discrete Jitter          (DJ):    0.100ns
    Phase Error              (PE):    0.000ns

    Location             Delay type                Incr(ns)  Path(ns)    Netlist Resource(s)
  -------------------------------------------------------------------    -------------------
                         (clock soc_crg_clkout3 rise edge)
                                                      0.000     0.000 r  
    E3                                                0.000     0.000 r  clk100 (IN)
                         net (fo=0)                   0.000     0.000    clk100
    E3                   IBUF (Prop_ibuf_I_O)         1.482     1.482 r  clk100_IBUF_inst/O
                         net (fo=1, routed)           2.025     3.506    clk100_IBUF
    BUFGCTRL_X0Y16       BUFG (Prop_bufg_I_O)         0.096     3.602 r  clk100_IBUF_BUFG_inst/O
                         net (fo=1, routed)           2.549     6.151    clk100_IBUF_BUFG
    SLICE_X1Y14          LUT1 (Prop_lut1_I0_O)        0.124     6.275 r  clk100_inst/O
                         net (fo=9, routed)           0.838     7.113    soc_crg_clkin
    MMCME2_ADV_X0Y0      MMCME2_ADV (Prop_mmcme2_adv_CLKIN1_CLKOUT3)
                                                      0.088     7.201 r  MMCME2_ADV/CLKOUT3
                         net (fo=1, routed)           2.018     9.220    soc_crg_clkout3
    BUFGCTRL_X0Y2        BUFG (Prop_bufg_I_O)         0.096     9.316 r  BUFG_3/O
                         net (fo=8, routed)           1.702    11.018    idelay_clk
    SLICE_X78Y72         FDPE                                         r  FDPE_7/C
  -------------------------------------------------------------------    -------------------
    SLICE_X78Y72         FDPE (Prop_fdpe_C_Q)         0.478    11.496 r  FDPE_7/Q
                         net (fo=5, routed)           0.749    12.245    idelay_rst
    SLICE_X89Y72         FDSE                                         r  soc_crg_reset_counter_reg[1]/S
  -------------------------------------------------------------------    -------------------

                         (clock soc_crg_clkout3 rise edge)
                                                      5.000     5.000 r  
    E3                                                0.000     5.000 r  clk100 (IN)
                         net (fo=0)                   0.000     5.000    clk100
    E3                   IBUF (Prop_ibuf_I_O)         1.411     6.411 r  clk100_IBUF_inst/O
                         net (fo=1, routed)           1.920     8.331    clk100_IBUF
    BUFGCTRL_X0Y16       BUFG (Prop_bufg_I_O)         0.091     8.422 r  clk100_IBUF_BUFG_inst/O
                         net (fo=1, routed)           2.291    10.713    clk100_IBUF_BUFG
    SLICE_X1Y14          LUT1 (Prop_lut1_I0_O)        0.100    10.813 r  clk100_inst/O
                         net (fo=9, routed)           0.732    11.545    soc_crg_clkin
    MMCME2_ADV_X0Y0      MMCME2_ADV (Prop_mmcme2_adv_CLKIN1_CLKOUT3)
                                                      0.083    11.628 r  MMCME2_ADV/CLKOUT3
                         net (fo=1, routed)           1.923    13.551    soc_crg_clkout3
    BUFGCTRL_X0Y2        BUFG (Prop_bufg_I_O)         0.091    13.642 r  BUFG_3/O
                         net (fo=8, routed)           1.595    15.237    idelay_clk
    SLICE_X89Y72         FDSE                                         r  soc_crg_reset_counter_reg[1]/C
                         clock pessimism              0.754    15.991    
                         clock uncertainty           -0.061    15.930    
    SLICE_X89Y72         FDSE (Setup_fdse_C_S)       -0.600    15.330    soc_crg_reset_counter_reg[1]
  -------------------------------------------------------------------
                         required time                         15.330    
                         arrival time                         -12.245    
  -------------------------------------------------------------------
                         slack                                  3.085    

Slack (MET) :             3.085ns  (required time - arrival time)
  Source:                 FDPE_7/C
                            (rising edge-triggered cell FDPE clocked by soc_crg_clkout3  {rise@0.000ns fall@2.500ns period=5.000ns})
  Destination:            soc_crg_reset_counter_reg[2]/S
                            (rising edge-triggered cell FDSE clocked by soc_crg_clkout3  {rise@0.000ns fall@2.500ns period=5.000ns})
  Path Group:             soc_crg_clkout3
  Path Type:              Setup (Max at Slow Process Corner)
  Requirement:            5.000ns  (soc_crg_clkout3 rise@5.000ns - soc_crg_clkout3 rise@0.000ns)
  Data Path Delay:        1.227ns  (logic 0.478ns (38.964%)  route 0.749ns (61.036%))
  Logic Levels:           0  
  Clock Path Skew:        -0.027ns (DCD - SCD + CPR)
    Destination Clock Delay (DCD):    10.237ns = ( 15.237 - 5.000 ) 
    Source Clock Delay      (SCD):    11.018ns
    Clock Pessimism Removal (CPR):    0.754ns
  Clock Uncertainty:      0.061ns  ((TSJ^2 + DJ^2)^1/2) / 2 + PE
    Total System Jitter     (TSJ):    0.071ns
    Discrete Jitter          (DJ):    0.100ns
    Phase Error              (PE):    0.000ns

    Location             Delay type                Incr(ns)  Path(ns)    Netlist Resource(s)
  -------------------------------------------------------------------    -------------------
                         (clock soc_crg_clkout3 rise edge)
                                                      0.000     0.000 r  
    E3                                                0.000     0.000 r  clk100 (IN)
                         net (fo=0)                   0.000     0.000    clk100
    E3                   IBUF (Prop_ibuf_I_O)         1.482     1.482 r  clk100_IBUF_inst/O
                         net (fo=1, routed)           2.025     3.506    clk100_IBUF
    BUFGCTRL_X0Y16       BUFG (Prop_bufg_I_O)         0.096     3.602 r  clk100_IBUF_BUFG_inst/O
                         net (fo=1, routed)           2.549     6.151    clk100_IBUF_BUFG
    SLICE_X1Y14          LUT1 (Prop_lut1_I0_O)        0.124     6.275 r  clk100_inst/O
                         net (fo=9, routed)           0.838     7.113    soc_crg_clkin
    MMCME2_ADV_X0Y0      MMCME2_ADV (Prop_mmcme2_adv_CLKIN1_CLKOUT3)
                                                      0.088     7.201 r  MMCME2_ADV/CLKOUT3
                         net (fo=1, routed)           2.018     9.220    soc_crg_clkout3
    BUFGCTRL_X0Y2        BUFG (Prop_bufg_I_O)         0.096     9.316 r  BUFG_3/O
                         net (fo=8, routed)           1.702    11.018    idelay_clk
    SLICE_X78Y72         FDPE                                         r  FDPE_7/C
  -------------------------------------------------------------------    -------------------
    SLICE_X78Y72         FDPE (Prop_fdpe_C_Q)         0.478    11.496 r  FDPE_7/Q
                         net (fo=5, routed)           0.749    12.245    idelay_rst
    SLICE_X89Y72         FDSE                                         r  soc_crg_reset_counter_reg[2]/S
  -------------------------------------------------------------------    -------------------

                         (clock soc_crg_clkout3 rise edge)
                                                      5.000     5.000 r  
    E3                                                0.000     5.000 r  clk100 (IN)
                         net (fo=0)                   0.000     5.000    clk100
    E3                   IBUF (Prop_ibuf_I_O)         1.411     6.411 r  clk100_IBUF_inst/O
                         net (fo=1, routed)           1.920     8.331    clk100_IBUF
    BUFGCTRL_X0Y16       BUFG (Prop_bufg_I_O)         0.091     8.422 r  clk100_IBUF_BUFG_inst/O
                         net (fo=1, routed)           2.291    10.713    clk100_IBUF_BUFG
    SLICE_X1Y14          LUT1 (Prop_lut1_I0_O)        0.100    10.813 r  clk100_inst/O
                         net (fo=9, routed)           0.732    11.545    soc_crg_clkin
    MMCME2_ADV_X0Y0      MMCME2_ADV (Prop_mmcme2_adv_CLKIN1_CLKOUT3)
                                                      0.083    11.628 r  MMCME2_ADV/CLKOUT3
                         net (fo=1, routed)           1.923    13.551    soc_crg_clkout3
    BUFGCTRL_X0Y2        BUFG (Prop_bufg_I_O)         0.091    13.642 r  BUFG_3/O
                         net (fo=8, routed)           1.595    15.237    idelay_clk
    SLICE_X89Y72         FDSE                                         r  soc_crg_reset_counter_reg[2]/C
                         clock pessimism              0.754    15.991    
                         clock uncertainty           -0.061    15.930    
    SLICE_X89Y72         FDSE (Setup_fdse_C_S)       -0.600    15.330    soc_crg_reset_counter_reg[2]
  -------------------------------------------------------------------
                         required time                         15.330    
                         arrival time                         -12.245    
  -------------------------------------------------------------------
                         slack                                  3.085    

Slack (MET) :             3.085ns  (required time - arrival time)
  Source:                 FDPE_7/C
                            (rising edge-triggered cell FDPE clocked by soc_crg_clkout3  {rise@0.000ns fall@2.500ns period=5.000ns})
  Destination:            soc_crg_reset_counter_reg[3]/S
                            (rising edge-triggered cell FDSE clocked by soc_crg_clkout3  {rise@0.000ns fall@2.500ns period=5.000ns})
  Path Group:             soc_crg_clkout3
  Path Type:              Setup (Max at Slow Process Corner)
  Requirement:            5.000ns  (soc_crg_clkout3 rise@5.000ns - soc_crg_clkout3 rise@0.000ns)
  Data Path Delay:        1.227ns  (logic 0.478ns (38.964%)  route 0.749ns (61.036%))
  Logic Levels:           0  
  Clock Path Skew:        -0.027ns (DCD - SCD + CPR)
    Destination Clock Delay (DCD):    10.237ns = ( 15.237 - 5.000 ) 
    Source Clock Delay      (SCD):    11.018ns
    Clock Pessimism Removal (CPR):    0.754ns
  Clock Uncertainty:      0.061ns  ((TSJ^2 + DJ^2)^1/2) / 2 + PE
    Total System Jitter     (TSJ):    0.071ns
    Discrete Jitter          (DJ):    0.100ns
    Phase Error              (PE):    0.000ns

    Location             Delay type                Incr(ns)  Path(ns)    Netlist Resource(s)
  -------------------------------------------------------------------    -------------------
                         (clock soc_crg_clkout3 rise edge)
                                                      0.000     0.000 r  
    E3                                                0.000     0.000 r  clk100 (IN)
                         net (fo=0)                   0.000     0.000    clk100
    E3                   IBUF (Prop_ibuf_I_O)         1.482     1.482 r  clk100_IBUF_inst/O
                         net (fo=1, routed)           2.025     3.506    clk100_IBUF
    BUFGCTRL_X0Y16       BUFG (Prop_bufg_I_O)         0.096     3.602 r  clk100_IBUF_BUFG_inst/O
                         net (fo=1, routed)           2.549     6.151    clk100_IBUF_BUFG
    SLICE_X1Y14          LUT1 (Prop_lut1_I0_O)        0.124     6.275 r  clk100_inst/O
                         net (fo=9, routed)           0.838     7.113    soc_crg_clkin
    MMCME2_ADV_X0Y0      MMCME2_ADV (Prop_mmcme2_adv_CLKIN1_CLKOUT3)
                                                      0.088     7.201 r  MMCME2_ADV/CLKOUT3
                         net (fo=1, routed)           2.018     9.220    soc_crg_clkout3
    BUFGCTRL_X0Y2        BUFG (Prop_bufg_I_O)         0.096     9.316 r  BUFG_3/O
                         net (fo=8, routed)           1.702    11.018    idelay_clk
    SLICE_X78Y72         FDPE                                         r  FDPE_7/C
  -------------------------------------------------------------------    -------------------
    SLICE_X78Y72         FDPE (Prop_fdpe_C_Q)         0.478    11.496 r  FDPE_7/Q
                         net (fo=5, routed)           0.749    12.245    idelay_rst
    SLICE_X89Y72         FDSE                                         r  soc_crg_reset_counter_reg[3]/S
  -------------------------------------------------------------------    -------------------

                         (clock soc_crg_clkout3 rise edge)
                                                      5.000     5.000 r  
    E3                                                0.000     5.000 r  clk100 (IN)
                         net (fo=0)                   0.000     5.000    clk100
    E3                   IBUF (Prop_ibuf_I_O)         1.411     6.411 r  clk100_IBUF_inst/O
                         net (fo=1, routed)           1.920     8.331    clk100_IBUF
    BUFGCTRL_X0Y16       BUFG (Prop_bufg_I_O)         0.091     8.422 r  clk100_IBUF_BUFG_inst/O
                         net (fo=1, routed)           2.291    10.713    clk100_IBUF_BUFG
    SLICE_X1Y14          LUT1 (Prop_lut1_I0_O)        0.100    10.813 r  clk100_inst/O
                         net (fo=9, routed)           0.732    11.545    soc_crg_clkin
    MMCME2_ADV_X0Y0      MMCME2_ADV (Prop_mmcme2_adv_CLKIN1_CLKOUT3)
                                                      0.083    11.628 r  MMCME2_ADV/CLKOUT3
                         net (fo=1, routed)           1.923    13.551    soc_crg_clkout3
    BUFGCTRL_X0Y2        BUFG (Prop_bufg_I_O)         0.091    13.642 r  BUFG_3/O
                         net (fo=8, routed)           1.595    15.237    idelay_clk
    SLICE_X89Y72         FDSE                                         r  soc_crg_reset_counter_reg[3]/C
                         clock pessimism              0.754    15.991    
                         clock uncertainty           -0.061    15.930    
    SLICE_X89Y72         FDSE (Setup_fdse_C_S)       -0.600    15.330    soc_crg_reset_counter_reg[3]
  -------------------------------------------------------------------
                         required time                         15.330    
                         arrival time                         -12.245    
  -------------------------------------------------------------------
                         slack                                  3.085    





Min Delay Paths
--------------------------------------------------------------------------------------
Slack (MET) :             0.160ns  (arrival time - required time)
  Source:                 FDPE_6/C
                            (rising edge-triggered cell FDPE clocked by soc_crg_clkout3  {rise@0.000ns fall@2.500ns period=5.000ns})
  Destination:            FDPE_7/D
                            (rising edge-triggered cell FDPE clocked by soc_crg_clkout3  {rise@0.000ns fall@2.500ns period=5.000ns})
  Path Group:             soc_crg_clkout3
  Path Type:              Hold (Min at Fast Process Corner)
  Requirement:            0.000ns  (soc_crg_clkout3 rise@0.000ns - soc_crg_clkout3 rise@0.000ns)
  Data Path Delay:        0.220ns  (logic 0.164ns (74.580%)  route 0.056ns (25.420%))
  Logic Levels:           0  
  Clock Path Skew:        0.000ns (DCD - SCD - CPR)
    Destination Clock Delay (DCD):    4.485ns
    Source Clock Delay      (SCD):    3.530ns
    Clock Pessimism Removal (CPR):    0.955ns

    Location             Delay type                Incr(ns)  Path(ns)    Netlist Resource(s)
  -------------------------------------------------------------------    -------------------
                         (clock soc_crg_clkout3 rise edge)
                                                      0.000     0.000 r  
    E3                                                0.000     0.000 r  clk100 (IN)
                         net (fo=0)                   0.000     0.000    clk100
    E3                   IBUF (Prop_ibuf_I_O)         0.250     0.250 r  clk100_IBUF_inst/O
                         net (fo=1, routed)           0.644     0.894    clk100_IBUF
    BUFGCTRL_X0Y16       BUFG (Prop_bufg_I_O)         0.026     0.920 r  clk100_IBUF_BUFG_inst/O
                         net (fo=1, routed)           0.889     1.809    clk100_IBUF_BUFG
    SLICE_X1Y14          LUT1 (Prop_lut1_I0_O)        0.045     1.854 r  clk100_inst/O
                         net (fo=9, routed)           0.365     2.219    soc_crg_clkin
    MMCME2_ADV_X0Y0      MMCME2_ADV (Prop_mmcme2_adv_CLKIN1_CLKOUT3)
                                                      0.050     2.269 r  MMCME2_ADV/CLKOUT3
                         net (fo=1, routed)           0.648     2.916    soc_crg_clkout3
    BUFGCTRL_X0Y2        BUFG (Prop_bufg_I_O)         0.026     2.942 r  BUFG_3/O
                         net (fo=8, routed)           0.588     3.530    idelay_clk
    SLICE_X78Y72         FDPE                                         r  FDPE_6/C
  -------------------------------------------------------------------    -------------------
    SLICE_X78Y72         FDPE (Prop_fdpe_C_Q)         0.164     3.694 r  FDPE_6/Q
                         net (fo=1, routed)           0.056     3.750    soc_builder_xilinxasyncresetsynchronizerimpl3_rst_meta
    SLICE_X78Y72         FDPE                                         r  FDPE_7/D
  -------------------------------------------------------------------    -------------------

                         (clock soc_crg_clkout3 rise edge)
                                                      0.000     0.000 r  
    E3                                                0.000     0.000 r  clk100 (IN)
                         net (fo=0)                   0.000     0.000    clk100
    E3                   IBUF (Prop_ibuf_I_O)         0.438     0.438 r  clk100_IBUF_inst/O
                         net (fo=1, routed)           0.699     1.136    clk100_IBUF
    BUFGCTRL_X0Y16       BUFG (Prop_bufg_I_O)         0.029     1.165 r  clk100_IBUF_BUFG_inst/O
                         net (fo=1, routed)           1.215     2.381    clk100_IBUF_BUFG
    SLICE_X1Y14          LUT1 (Prop_lut1_I0_O)        0.056     2.437 r  clk100_inst/O
                         net (fo=9, routed)           0.410     2.846    soc_crg_clkin
    MMCME2_ADV_X0Y0      MMCME2_ADV (Prop_mmcme2_adv_CLKIN1_CLKOUT3)
                                                      0.053     2.899 r  MMCME2_ADV/CLKOUT3
                         net (fo=1, routed)           0.700     3.600    soc_crg_clkout3
    BUFGCTRL_X0Y2        BUFG (Prop_bufg_I_O)         0.029     3.629 r  BUFG_3/O
                         net (fo=8, routed)           0.857     4.485    idelay_clk
    SLICE_X78Y72         FDPE                                         r  FDPE_7/C
                         clock pessimism             -0.955     3.530    
    SLICE_X78Y72         FDPE (Hold_fdpe_C_D)         0.060     3.590    FDPE_7
  -------------------------------------------------------------------
                         required time                         -3.590    
                         arrival time                           3.750    
  -------------------------------------------------------------------
                         slack                                  0.160    

Slack (MET) :             0.247ns  (arrival time - required time)
  Source:                 soc_crg_reset_counter_reg[0]/C
                            (rising edge-triggered cell FDSE clocked by soc_crg_clkout3  {rise@0.000ns fall@2.500ns period=5.000ns})
  Destination:            soc_crg_reset_counter_reg[3]/D
                            (rising edge-triggered cell FDSE clocked by soc_crg_clkout3  {rise@0.000ns fall@2.500ns period=5.000ns})
  Path Group:             soc_crg_clkout3
  Path Type:              Hold (Min at Fast Process Corner)
  Requirement:            0.000ns  (soc_crg_clkout3 rise@0.000ns - soc_crg_clkout3 rise@0.000ns)
  Data Path Delay:        0.354ns  (logic 0.184ns (51.942%)  route 0.170ns (48.058%))
  Logic Levels:           1  (LUT4=1)
  Clock Path Skew:        0.000ns (DCD - SCD - CPR)
    Destination Clock Delay (DCD):    4.492ns
    Source Clock Delay      (SCD):    3.537ns
    Clock Pessimism Removal (CPR):    0.955ns

    Location             Delay type                Incr(ns)  Path(ns)    Netlist Resource(s)
  -------------------------------------------------------------------    -------------------
                         (clock soc_crg_clkout3 rise edge)
                                                      0.000     0.000 r  
    E3                                                0.000     0.000 r  clk100 (IN)
                         net (fo=0)                   0.000     0.000    clk100
    E3                   IBUF (Prop_ibuf_I_O)         0.250     0.250 r  clk100_IBUF_inst/O
                         net (fo=1, routed)           0.644     0.894    clk100_IBUF
    BUFGCTRL_X0Y16       BUFG (Prop_bufg_I_O)         0.026     0.920 r  clk100_IBUF_BUFG_inst/O
                         net (fo=1, routed)           0.889     1.809    clk100_IBUF_BUFG
    SLICE_X1Y14          LUT1 (Prop_lut1_I0_O)        0.045     1.854 r  clk100_inst/O
                         net (fo=9, routed)           0.365     2.219    soc_crg_clkin
    MMCME2_ADV_X0Y0      MMCME2_ADV (Prop_mmcme2_adv_CLKIN1_CLKOUT3)
                                                      0.050     2.269 r  MMCME2_ADV/CLKOUT3
                         net (fo=1, routed)           0.648     2.916    soc_crg_clkout3
    BUFGCTRL_X0Y2        BUFG (Prop_bufg_I_O)         0.026     2.942 r  BUFG_3/O
                         net (fo=8, routed)           0.595     3.537    idelay_clk
    SLICE_X89Y72         FDSE                                         r  soc_crg_reset_counter_reg[0]/C
  -------------------------------------------------------------------    -------------------
    SLICE_X89Y72         FDSE (Prop_fdse_C_Q)         0.141     3.678 r  soc_crg_reset_counter_reg[0]/Q
                         net (fo=5, routed)           0.170     3.848    soc_crg_reset_counter[0]
    SLICE_X89Y72         LUT4 (Prop_lut4_I1_O)        0.043     3.891 r  soc_crg_reset_counter[3]_i_2/O
                         net (fo=1, routed)           0.000     3.891    soc_crg_reset_counter[3]_i_2_n_0
    SLICE_X89Y72         FDSE                                         r  soc_crg_reset_counter_reg[3]/D
  -------------------------------------------------------------------    -------------------

                         (clock soc_crg_clkout3 rise edge)
                                                      0.000     0.000 r  
    E3                                                0.000     0.000 r  clk100 (IN)
                         net (fo=0)                   0.000     0.000    clk100
    E3                   IBUF (Prop_ibuf_I_O)         0.438     0.438 r  clk100_IBUF_inst/O
                         net (fo=1, routed)           0.699     1.136    clk100_IBUF
    BUFGCTRL_X0Y16       BUFG (Prop_bufg_I_O)         0.029     1.165 r  clk100_IBUF_BUFG_inst/O
                         net (fo=1, routed)           1.215     2.381    clk100_IBUF_BUFG
    SLICE_X1Y14          LUT1 (Prop_lut1_I0_O)        0.056     2.437 r  clk100_inst/O
                         net (fo=9, routed)           0.410     2.846    soc_crg_clkin
    MMCME2_ADV_X0Y0      MMCME2_ADV (Prop_mmcme2_adv_CLKIN1_CLKOUT3)
                                                      0.053     2.899 r  MMCME2_ADV/CLKOUT3
                         net (fo=1, routed)           0.700     3.600    soc_crg_clkout3
    BUFGCTRL_X0Y2        BUFG (Prop_bufg_I_O)         0.029     3.629 r  BUFG_3/O
                         net (fo=8, routed)           0.864     4.492    idelay_clk
    SLICE_X89Y72         FDSE                                         r  soc_crg_reset_counter_reg[3]/C
                         clock pessimism             -0.955     3.537    
    SLICE_X89Y72         FDSE (Hold_fdse_C_D)         0.107     3.644    soc_crg_reset_counter_reg[3]
  -------------------------------------------------------------------
                         required time                         -3.644    
                         arrival time                           3.891    
  -------------------------------------------------------------------
                         slack                                  0.247    

Slack (MET) :             0.263ns  (arrival time - required time)
  Source:                 soc_crg_ic_reset_reg/C
                            (rising edge-triggered cell FDRE clocked by soc_crg_clkout3  {rise@0.000ns fall@2.500ns period=5.000ns})
  Destination:            soc_crg_ic_reset_reg/D
                            (rising edge-triggered cell FDRE clocked by soc_crg_clkout3  {rise@0.000ns fall@2.500ns period=5.000ns})
  Path Group:             soc_crg_clkout3
  Path Type:              Hold (Min at Fast Process Corner)
  Requirement:            0.000ns  (soc_crg_clkout3 rise@0.000ns - soc_crg_clkout3 rise@0.000ns)
  Data Path Delay:        0.354ns  (logic 0.186ns (52.498%)  route 0.168ns (47.502%))
  Logic Levels:           1  (LUT3=1)
  Clock Path Skew:        0.000ns (DCD - SCD - CPR)
    Destination Clock Delay (DCD):    4.490ns
    Source Clock Delay      (SCD):    3.535ns
    Clock Pessimism Removal (CPR):    0.955ns

    Location             Delay type                Incr(ns)  Path(ns)    Netlist Resource(s)
  -------------------------------------------------------------------    -------------------
                         (clock soc_crg_clkout3 rise edge)
                                                      0.000     0.000 r  
    E3                                                0.000     0.000 r  clk100 (IN)
                         net (fo=0)                   0.000     0.000    clk100
    E3                   IBUF (Prop_ibuf_I_O)         0.250     0.250 r  clk100_IBUF_inst/O
                         net (fo=1, routed)           0.644     0.894    clk100_IBUF
    BUFGCTRL_X0Y16       BUFG (Prop_bufg_I_O)         0.026     0.920 r  clk100_IBUF_BUFG_inst/O
                         net (fo=1, routed)           0.889     1.809    clk100_IBUF_BUFG
    SLICE_X1Y14          LUT1 (Prop_lut1_I0_O)        0.045     1.854 r  clk100_inst/O
                         net (fo=9, routed)           0.365     2.219    soc_crg_clkin
    MMCME2_ADV_X0Y0      MMCME2_ADV (Prop_mmcme2_adv_CLKIN1_CLKOUT3)
                                                      0.050     2.269 r  MMCME2_ADV/CLKOUT3
                         net (fo=1, routed)           0.648     2.916    soc_crg_clkout3
    BUFGCTRL_X0Y2        BUFG (Prop_bufg_I_O)         0.026     2.942 r  BUFG_3/O
                         net (fo=8, routed)           0.593     3.535    idelay_clk
    SLICE_X89Y73         FDRE                                         r  soc_crg_ic_reset_reg/C
  -------------------------------------------------------------------    -------------------
    SLICE_X89Y73         FDRE (Prop_fdre_C_Q)         0.141     3.676 r  soc_crg_ic_reset_reg/Q
                         net (fo=2, routed)           0.168     3.844    soc_crg_ic_reset
    SLICE_X89Y73         LUT3 (Prop_lut3_I1_O)        0.045     3.889 r  soc_crg_ic_reset_i_1/O
                         net (fo=1, routed)           0.000     3.889    soc_crg_ic_reset_i_1_n_0
    SLICE_X89Y73         FDRE                                         r  soc_crg_ic_reset_reg/D
  -------------------------------------------------------------------    -------------------

                         (clock soc_crg_clkout3 rise edge)
                                                      0.000     0.000 r  
    E3                                                0.000     0.000 r  clk100 (IN)
                         net (fo=0)                   0.000     0.000    clk100
    E3                   IBUF (Prop_ibuf_I_O)         0.438     0.438 r  clk100_IBUF_inst/O
                         net (fo=1, routed)           0.699     1.136    clk100_IBUF
    BUFGCTRL_X0Y16       BUFG (Prop_bufg_I_O)         0.029     1.165 r  clk100_IBUF_BUFG_inst/O
                         net (fo=1, routed)           1.215     2.381    clk100_IBUF_BUFG
    SLICE_X1Y14          LUT1 (Prop_lut1_I0_O)        0.056     2.437 r  clk100_inst/O
                         net (fo=9, routed)           0.410     2.846    soc_crg_clkin
    MMCME2_ADV_X0Y0      MMCME2_ADV (Prop_mmcme2_adv_CLKIN1_CLKOUT3)
                                                      0.053     2.899 r  MMCME2_ADV/CLKOUT3
                         net (fo=1, routed)           0.700     3.600    soc_crg_clkout3
    BUFGCTRL_X0Y2        BUFG (Prop_bufg_I_O)         0.029     3.629 r  BUFG_3/O
                         net (fo=8, routed)           0.862     4.490    idelay_clk
    SLICE_X89Y73         FDRE                                         r  soc_crg_ic_reset_reg/C
                         clock pessimism             -0.955     3.535    
    SLICE_X89Y73         FDRE (Hold_fdre_C_D)         0.091     3.626    soc_crg_ic_reset_reg
  -------------------------------------------------------------------
                         required time                         -3.626    
                         arrival time                           3.889    
  -------------------------------------------------------------------
                         slack                                  0.263    

Slack (MET) :             0.264ns  (arrival time - required time)
  Source:                 soc_crg_reset_counter_reg[0]/C
                            (rising edge-triggered cell FDSE clocked by soc_crg_clkout3  {rise@0.000ns fall@2.500ns period=5.000ns})
  Destination:            soc_crg_reset_counter_reg[2]/D
                            (rising edge-triggered cell FDSE clocked by soc_crg_clkout3  {rise@0.000ns fall@2.500ns period=5.000ns})
  Path Group:             soc_crg_clkout3
  Path Type:              Hold (Min at Fast Process Corner)
  Requirement:            0.000ns  (soc_crg_clkout3 rise@0.000ns - soc_crg_clkout3 rise@0.000ns)
  Data Path Delay:        0.356ns  (logic 0.186ns (52.212%)  route 0.170ns (47.788%))
  Logic Levels:           1  (LUT3=1)
  Clock Path Skew:        0.000ns (DCD - SCD - CPR)
    Destination Clock Delay (DCD):    4.492ns
    Source Clock Delay      (SCD):    3.537ns
    Clock Pessimism Removal (CPR):    0.955ns

    Location             Delay type                Incr(ns)  Path(ns)    Netlist Resource(s)
  -------------------------------------------------------------------    -------------------
                         (clock soc_crg_clkout3 rise edge)
                                                      0.000     0.000 r  
    E3                                                0.000     0.000 r  clk100 (IN)
                         net (fo=0)                   0.000     0.000    clk100
    E3                   IBUF (Prop_ibuf_I_O)         0.250     0.250 r  clk100_IBUF_inst/O
                         net (fo=1, routed)           0.644     0.894    clk100_IBUF
    BUFGCTRL_X0Y16       BUFG (Prop_bufg_I_O)         0.026     0.920 r  clk100_IBUF_BUFG_inst/O
                         net (fo=1, routed)           0.889     1.809    clk100_IBUF_BUFG
    SLICE_X1Y14          LUT1 (Prop_lut1_I0_O)        0.045     1.854 r  clk100_inst/O
                         net (fo=9, routed)           0.365     2.219    soc_crg_clkin
    MMCME2_ADV_X0Y0      MMCME2_ADV (Prop_mmcme2_adv_CLKIN1_CLKOUT3)
                                                      0.050     2.269 r  MMCME2_ADV/CLKOUT3
                         net (fo=1, routed)           0.648     2.916    soc_crg_clkout3
    BUFGCTRL_X0Y2        BUFG (Prop_bufg_I_O)         0.026     2.942 r  BUFG_3/O
                         net (fo=8, routed)           0.595     3.537    idelay_clk
    SLICE_X89Y72         FDSE                                         r  soc_crg_reset_counter_reg[0]/C
  -------------------------------------------------------------------    -------------------
    SLICE_X89Y72         FDSE (Prop_fdse_C_Q)         0.141     3.678 r  soc_crg_reset_counter_reg[0]/Q
                         net (fo=5, routed)           0.170     3.848    soc_crg_reset_counter[0]
    SLICE_X89Y72         LUT3 (Prop_lut3_I1_O)        0.045     3.893 r  soc_crg_reset_counter[2]_i_1/O
                         net (fo=1, routed)           0.000     3.893    soc_crg_reset_counter[2]_i_1_n_0
    SLICE_X89Y72         FDSE                                         r  soc_crg_reset_counter_reg[2]/D
  -------------------------------------------------------------------    -------------------

                         (clock soc_crg_clkout3 rise edge)
                                                      0.000     0.000 r  
    E3                                                0.000     0.000 r  clk100 (IN)
                         net (fo=0)                   0.000     0.000    clk100
    E3                   IBUF (Prop_ibuf_I_O)         0.438     0.438 r  clk100_IBUF_inst/O
                         net (fo=1, routed)           0.699     1.136    clk100_IBUF
    BUFGCTRL_X0Y16       BUFG (Prop_bufg_I_O)         0.029     1.165 r  clk100_IBUF_BUFG_inst/O
                         net (fo=1, routed)           1.215     2.381    clk100_IBUF_BUFG
    SLICE_X1Y14          LUT1 (Prop_lut1_I0_O)        0.056     2.437 r  clk100_inst/O
                         net (fo=9, routed)           0.410     2.846    soc_crg_clkin
    MMCME2_ADV_X0Y0      MMCME2_ADV (Prop_mmcme2_adv_CLKIN1_CLKOUT3)
                                                      0.053     2.899 r  MMCME2_ADV/CLKOUT3
                         net (fo=1, routed)           0.700     3.600    soc_crg_clkout3
    BUFGCTRL_X0Y2        BUFG (Prop_bufg_I_O)         0.029     3.629 r  BUFG_3/O
                         net (fo=8, routed)           0.864     4.492    idelay_clk
    SLICE_X89Y72         FDSE                                         r  soc_crg_reset_counter_reg[2]/C
                         clock pessimism             -0.955     3.537    
    SLICE_X89Y72         FDSE (Hold_fdse_C_D)         0.092     3.629    soc_crg_reset_counter_reg[2]
  -------------------------------------------------------------------
                         required time                         -3.629    
                         arrival time                           3.893    
  -------------------------------------------------------------------
                         slack                                  0.264    

Slack (MET) :             0.425ns  (arrival time - required time)
  Source:                 soc_crg_reset_counter_reg[1]/C
                            (rising edge-triggered cell FDSE clocked by soc_crg_clkout3  {rise@0.000ns fall@2.500ns period=5.000ns})
  Destination:            soc_crg_reset_counter_reg[1]/D
                            (rising edge-triggered cell FDSE clocked by soc_crg_clkout3  {rise@0.000ns fall@2.500ns period=5.000ns})
  Path Group:             soc_crg_clkout3
  Path Type:              Hold (Min at Fast Process Corner)
  Requirement:            0.000ns  (soc_crg_clkout3 rise@0.000ns - soc_crg_clkout3 rise@0.000ns)
  Data Path Delay:        0.532ns  (logic 0.226ns (42.514%)  route 0.306ns (57.486%))
  Logic Levels:           1  (LUT2=1)
  Clock Path Skew:        0.000ns (DCD - SCD - CPR)
    Destination Clock Delay (DCD):    4.492ns
    Source Clock Delay      (SCD):    3.537ns
    Clock Pessimism Removal (CPR):    0.955ns

    Location             Delay type                Incr(ns)  Path(ns)    Netlist Resource(s)
  -------------------------------------------------------------------    -------------------
                         (clock soc_crg_clkout3 rise edge)
                                                      0.000     0.000 r  
    E3                                                0.000     0.000 r  clk100 (IN)
                         net (fo=0)                   0.000     0.000    clk100
    E3                   IBUF (Prop_ibuf_I_O)         0.250     0.250 r  clk100_IBUF_inst/O
                         net (fo=1, routed)           0.644     0.894    clk100_IBUF
    BUFGCTRL_X0Y16       BUFG (Prop_bufg_I_O)         0.026     0.920 r  clk100_IBUF_BUFG_inst/O
                         net (fo=1, routed)           0.889     1.809    clk100_IBUF_BUFG
    SLICE_X1Y14          LUT1 (Prop_lut1_I0_O)        0.045     1.854 r  clk100_inst/O
                         net (fo=9, routed)           0.365     2.219    soc_crg_clkin
    MMCME2_ADV_X0Y0      MMCME2_ADV (Prop_mmcme2_adv_CLKIN1_CLKOUT3)
                                                      0.050     2.269 r  MMCME2_ADV/CLKOUT3
                         net (fo=1, routed)           0.648     2.916    soc_crg_clkout3
    BUFGCTRL_X0Y2        BUFG (Prop_bufg_I_O)         0.026     2.942 r  BUFG_3/O
                         net (fo=8, routed)           0.595     3.537    idelay_clk
    SLICE_X89Y72         FDSE                                         r  soc_crg_reset_counter_reg[1]/C
  -------------------------------------------------------------------    -------------------
    SLICE_X89Y72         FDSE (Prop_fdse_C_Q)         0.128     3.665 r  soc_crg_reset_counter_reg[1]/Q
                         net (fo=4, routed)           0.306     3.971    soc_crg_reset_counter[1]
    SLICE_X89Y72         LUT2 (Prop_lut2_I1_O)        0.098     4.069 r  soc_crg_reset_counter[1]_i_1/O
                         net (fo=1, routed)           0.000     4.069    soc_crg_reset_counter[1]_i_1_n_0
    SLICE_X89Y72         FDSE                                         r  soc_crg_reset_counter_reg[1]/D
  -------------------------------------------------------------------    -------------------

                         (clock soc_crg_clkout3 rise edge)
                                                      0.000     0.000 r  
    E3                                                0.000     0.000 r  clk100 (IN)
                         net (fo=0)                   0.000     0.000    clk100
    E3                   IBUF (Prop_ibuf_I_O)         0.438     0.438 r  clk100_IBUF_inst/O
                         net (fo=1, routed)           0.699     1.136    clk100_IBUF
    BUFGCTRL_X0Y16       BUFG (Prop_bufg_I_O)         0.029     1.165 r  clk100_IBUF_BUFG_inst/O
                         net (fo=1, routed)           1.215     2.381    clk100_IBUF_BUFG
    SLICE_X1Y14          LUT1 (Prop_lut1_I0_O)        0.056     2.437 r  clk100_inst/O
                         net (fo=9, routed)           0.410     2.846    soc_crg_clkin
    MMCME2_ADV_X0Y0      MMCME2_ADV (Prop_mmcme2_adv_CLKIN1_CLKOUT3)
                                                      0.053     2.899 r  MMCME2_ADV/CLKOUT3
                         net (fo=1, routed)           0.700     3.600    soc_crg_clkout3
    BUFGCTRL_X0Y2        BUFG (Prop_bufg_I_O)         0.029     3.629 r  BUFG_3/O
                         net (fo=8, routed)           0.864     4.492    idelay_clk
    SLICE_X89Y72         FDSE                                         r  soc_crg_reset_counter_reg[1]/C
                         clock pessimism             -0.955     3.537    
    SLICE_X89Y72         FDSE (Hold_fdse_C_D)         0.107     3.644    soc_crg_reset_counter_reg[1]
  -------------------------------------------------------------------
                         required time                         -3.644    
                         arrival time                           4.069    
  -------------------------------------------------------------------
                         slack                                  0.425    

Slack (MET) :             0.504ns  (arrival time - required time)
  Source:                 FDPE_7/C
                            (rising edge-triggered cell FDPE clocked by soc_crg_clkout3  {rise@0.000ns fall@2.500ns period=5.000ns})
  Destination:            soc_crg_reset_counter_reg[0]/S
                            (rising edge-triggered cell FDSE clocked by soc_crg_clkout3  {rise@0.000ns fall@2.500ns period=5.000ns})
  Path Group:             soc_crg_clkout3
  Path Type:              Hold (Min at Fast Process Corner)
  Requirement:            0.000ns  (soc_crg_clkout3 rise@0.000ns - soc_crg_clkout3 rise@0.000ns)
  Data Path Delay:        0.475ns  (logic 0.148ns (31.172%)  route 0.327ns (68.828%))
  Logic Levels:           0  
  Clock Path Skew:        0.042ns (DCD - SCD - CPR)
    Destination Clock Delay (DCD):    4.492ns
    Source Clock Delay      (SCD):    3.530ns
    Clock Pessimism Removal (CPR):    0.920ns

    Location             Delay type                Incr(ns)  Path(ns)    Netlist Resource(s)
  -------------------------------------------------------------------    -------------------
                         (clock soc_crg_clkout3 rise edge)
                                                      0.000     0.000 r  
    E3                                                0.000     0.000 r  clk100 (IN)
                         net (fo=0)                   0.000     0.000    clk100
    E3                   IBUF (Prop_ibuf_I_O)         0.250     0.250 r  clk100_IBUF_inst/O
                         net (fo=1, routed)           0.644     0.894    clk100_IBUF
    BUFGCTRL_X0Y16       BUFG (Prop_bufg_I_O)         0.026     0.920 r  clk100_IBUF_BUFG_inst/O
                         net (fo=1, routed)           0.889     1.809    clk100_IBUF_BUFG
    SLICE_X1Y14          LUT1 (Prop_lut1_I0_O)        0.045     1.854 r  clk100_inst/O
                         net (fo=9, routed)           0.365     2.219    soc_crg_clkin
    MMCME2_ADV_X0Y0      MMCME2_ADV (Prop_mmcme2_adv_CLKIN1_CLKOUT3)
                                                      0.050     2.269 r  MMCME2_ADV/CLKOUT3
                         net (fo=1, routed)           0.648     2.916    soc_crg_clkout3
    BUFGCTRL_X0Y2        BUFG (Prop_bufg_I_O)         0.026     2.942 r  BUFG_3/O
                         net (fo=8, routed)           0.588     3.530    idelay_clk
    SLICE_X78Y72         FDPE                                         r  FDPE_7/C
  -------------------------------------------------------------------    -------------------
    SLICE_X78Y72         FDPE (Prop_fdpe_C_Q)         0.148     3.678 r  FDPE_7/Q
                         net (fo=5, routed)           0.327     4.005    idelay_rst
    SLICE_X89Y72         FDSE                                         r  soc_crg_reset_counter_reg[0]/S
  -------------------------------------------------------------------    -------------------

                         (clock soc_crg_clkout3 rise edge)
                                                      0.000     0.000 r  
    E3                                                0.000     0.000 r  clk100 (IN)
                         net (fo=0)                   0.000     0.000    clk100
    E3                   IBUF (Prop_ibuf_I_O)         0.438     0.438 r  clk100_IBUF_inst/O
                         net (fo=1, routed)           0.699     1.136    clk100_IBUF
    BUFGCTRL_X0Y16       BUFG (Prop_bufg_I_O)         0.029     1.165 r  clk100_IBUF_BUFG_inst/O
                         net (fo=1, routed)           1.215     2.381    clk100_IBUF_BUFG
    SLICE_X1Y14          LUT1 (Prop_lut1_I0_O)        0.056     2.437 r  clk100_inst/O
                         net (fo=9, routed)           0.410     2.846    soc_crg_clkin
    MMCME2_ADV_X0Y0      MMCME2_ADV (Prop_mmcme2_adv_CLKIN1_CLKOUT3)
                                                      0.053     2.899 r  MMCME2_ADV/CLKOUT3
                         net (fo=1, routed)           0.700     3.600    soc_crg_clkout3
    BUFGCTRL_X0Y2        BUFG (Prop_bufg_I_O)         0.029     3.629 r  BUFG_3/O
                         net (fo=8, routed)           0.864     4.492    idelay_clk
    SLICE_X89Y72         FDSE                                         r  soc_crg_reset_counter_reg[0]/C
                         clock pessimism             -0.920     3.572    
    SLICE_X89Y72         FDSE (Hold_fdse_C_S)        -0.071     3.501    soc_crg_reset_counter_reg[0]
  -------------------------------------------------------------------
                         required time                         -3.501    
                         arrival time                           4.005    
  -------------------------------------------------------------------
                         slack                                  0.504    

Slack (MET) :             0.504ns  (arrival time - required time)
  Source:                 FDPE_7/C
                            (rising edge-triggered cell FDPE clocked by soc_crg_clkout3  {rise@0.000ns fall@2.500ns period=5.000ns})
  Destination:            soc_crg_reset_counter_reg[1]/S
                            (rising edge-triggered cell FDSE clocked by soc_crg_clkout3  {rise@0.000ns fall@2.500ns period=5.000ns})
  Path Group:             soc_crg_clkout3
  Path Type:              Hold (Min at Fast Process Corner)
  Requirement:            0.000ns  (soc_crg_clkout3 rise@0.000ns - soc_crg_clkout3 rise@0.000ns)
  Data Path Delay:        0.475ns  (logic 0.148ns (31.172%)  route 0.327ns (68.828%))
  Logic Levels:           0  
  Clock Path Skew:        0.042ns (DCD - SCD - CPR)
    Destination Clock Delay (DCD):    4.492ns
    Source Clock Delay      (SCD):    3.530ns
    Clock Pessimism Removal (CPR):    0.920ns

    Location             Delay type                Incr(ns)  Path(ns)    Netlist Resource(s)
  -------------------------------------------------------------------    -------------------
                         (clock soc_crg_clkout3 rise edge)
                                                      0.000     0.000 r  
    E3                                                0.000     0.000 r  clk100 (IN)
                         net (fo=0)                   0.000     0.000    clk100
    E3                   IBUF (Prop_ibuf_I_O)         0.250     0.250 r  clk100_IBUF_inst/O
                         net (fo=1, routed)           0.644     0.894    clk100_IBUF
    BUFGCTRL_X0Y16       BUFG (Prop_bufg_I_O)         0.026     0.920 r  clk100_IBUF_BUFG_inst/O
                         net (fo=1, routed)           0.889     1.809    clk100_IBUF_BUFG
    SLICE_X1Y14          LUT1 (Prop_lut1_I0_O)        0.045     1.854 r  clk100_inst/O
                         net (fo=9, routed)           0.365     2.219    soc_crg_clkin
    MMCME2_ADV_X0Y0      MMCME2_ADV (Prop_mmcme2_adv_CLKIN1_CLKOUT3)
                                                      0.050     2.269 r  MMCME2_ADV/CLKOUT3
                         net (fo=1, routed)           0.648     2.916    soc_crg_clkout3
    BUFGCTRL_X0Y2        BUFG (Prop_bufg_I_O)         0.026     2.942 r  BUFG_3/O
                         net (fo=8, routed)           0.588     3.530    idelay_clk
    SLICE_X78Y72         FDPE                                         r  FDPE_7/C
  -------------------------------------------------------------------    -------------------
    SLICE_X78Y72         FDPE (Prop_fdpe_C_Q)         0.148     3.678 r  FDPE_7/Q
                         net (fo=5, routed)           0.327     4.005    idelay_rst
    SLICE_X89Y72         FDSE                                         r  soc_crg_reset_counter_reg[1]/S
  -------------------------------------------------------------------    -------------------

                         (clock soc_crg_clkout3 rise edge)
                                                      0.000     0.000 r  
    E3                                                0.000     0.000 r  clk100 (IN)
                         net (fo=0)                   0.000     0.000    clk100
    E3                   IBUF (Prop_ibuf_I_O)         0.438     0.438 r  clk100_IBUF_inst/O
                         net (fo=1, routed)           0.699     1.136    clk100_IBUF
    BUFGCTRL_X0Y16       BUFG (Prop_bufg_I_O)         0.029     1.165 r  clk100_IBUF_BUFG_inst/O
                         net (fo=1, routed)           1.215     2.381    clk100_IBUF_BUFG
    SLICE_X1Y14          LUT1 (Prop_lut1_I0_O)        0.056     2.437 r  clk100_inst/O
                         net (fo=9, routed)           0.410     2.846    soc_crg_clkin
    MMCME2_ADV_X0Y0      MMCME2_ADV (Prop_mmcme2_adv_CLKIN1_CLKOUT3)
                                                      0.053     2.899 r  MMCME2_ADV/CLKOUT3
                         net (fo=1, routed)           0.700     3.600    soc_crg_clkout3
    BUFGCTRL_X0Y2        BUFG (Prop_bufg_I_O)         0.029     3.629 r  BUFG_3/O
                         net (fo=8, routed)           0.864     4.492    idelay_clk
    SLICE_X89Y72         FDSE                                         r  soc_crg_reset_counter_reg[1]/C
                         clock pessimism             -0.920     3.572    
    SLICE_X89Y72         FDSE (Hold_fdse_C_S)        -0.071     3.501    soc_crg_reset_counter_reg[1]
  -------------------------------------------------------------------
                         required time                         -3.501    
                         arrival time                           4.005    
  -------------------------------------------------------------------
                         slack                                  0.504    

Slack (MET) :             0.504ns  (arrival time - required time)
  Source:                 FDPE_7/C
                            (rising edge-triggered cell FDPE clocked by soc_crg_clkout3  {rise@0.000ns fall@2.500ns period=5.000ns})
  Destination:            soc_crg_reset_counter_reg[2]/S
                            (rising edge-triggered cell FDSE clocked by soc_crg_clkout3  {rise@0.000ns fall@2.500ns period=5.000ns})
  Path Group:             soc_crg_clkout3
  Path Type:              Hold (Min at Fast Process Corner)
  Requirement:            0.000ns  (soc_crg_clkout3 rise@0.000ns - soc_crg_clkout3 rise@0.000ns)
  Data Path Delay:        0.475ns  (logic 0.148ns (31.172%)  route 0.327ns (68.828%))
  Logic Levels:           0  
  Clock Path Skew:        0.042ns (DCD - SCD - CPR)
    Destination Clock Delay (DCD):    4.492ns
    Source Clock Delay      (SCD):    3.530ns
    Clock Pessimism Removal (CPR):    0.920ns

    Location             Delay type                Incr(ns)  Path(ns)    Netlist Resource(s)
  -------------------------------------------------------------------    -------------------
                         (clock soc_crg_clkout3 rise edge)
                                                      0.000     0.000 r  
    E3                                                0.000     0.000 r  clk100 (IN)
                         net (fo=0)                   0.000     0.000    clk100
    E3                   IBUF (Prop_ibuf_I_O)         0.250     0.250 r  clk100_IBUF_inst/O
                         net (fo=1, routed)           0.644     0.894    clk100_IBUF
    BUFGCTRL_X0Y16       BUFG (Prop_bufg_I_O)         0.026     0.920 r  clk100_IBUF_BUFG_inst/O
                         net (fo=1, routed)           0.889     1.809    clk100_IBUF_BUFG
    SLICE_X1Y14          LUT1 (Prop_lut1_I0_O)        0.045     1.854 r  clk100_inst/O
                         net (fo=9, routed)           0.365     2.219    soc_crg_clkin
    MMCME2_ADV_X0Y0      MMCME2_ADV (Prop_mmcme2_adv_CLKIN1_CLKOUT3)
                                                      0.050     2.269 r  MMCME2_ADV/CLKOUT3
                         net (fo=1, routed)           0.648     2.916    soc_crg_clkout3
    BUFGCTRL_X0Y2        BUFG (Prop_bufg_I_O)         0.026     2.942 r  BUFG_3/O
                         net (fo=8, routed)           0.588     3.530    idelay_clk
    SLICE_X78Y72         FDPE                                         r  FDPE_7/C
  -------------------------------------------------------------------    -------------------
    SLICE_X78Y72         FDPE (Prop_fdpe_C_Q)         0.148     3.678 r  FDPE_7/Q
                         net (fo=5, routed)           0.327     4.005    idelay_rst
    SLICE_X89Y72         FDSE                                         r  soc_crg_reset_counter_reg[2]/S
  -------------------------------------------------------------------    -------------------

                         (clock soc_crg_clkout3 rise edge)
                                                      0.000     0.000 r  
    E3                                                0.000     0.000 r  clk100 (IN)
                         net (fo=0)                   0.000     0.000    clk100
    E3                   IBUF (Prop_ibuf_I_O)         0.438     0.438 r  clk100_IBUF_inst/O
                         net (fo=1, routed)           0.699     1.136    clk100_IBUF
    BUFGCTRL_X0Y16       BUFG (Prop_bufg_I_O)         0.029     1.165 r  clk100_IBUF_BUFG_inst/O
                         net (fo=1, routed)           1.215     2.381    clk100_IBUF_BUFG
    SLICE_X1Y14          LUT1 (Prop_lut1_I0_O)        0.056     2.437 r  clk100_inst/O
                         net (fo=9, routed)           0.410     2.846    soc_crg_clkin
    MMCME2_ADV_X0Y0      MMCME2_ADV (Prop_mmcme2_adv_CLKIN1_CLKOUT3)
                                                      0.053     2.899 r  MMCME2_ADV/CLKOUT3
                         net (fo=1, routed)           0.700     3.600    soc_crg_clkout3
    BUFGCTRL_X0Y2        BUFG (Prop_bufg_I_O)         0.029     3.629 r  BUFG_3/O
                         net (fo=8, routed)           0.864     4.492    idelay_clk
    SLICE_X89Y72         FDSE                                         r  soc_crg_reset_counter_reg[2]/C
                         clock pessimism             -0.920     3.572    
    SLICE_X89Y72         FDSE (Hold_fdse_C_S)        -0.071     3.501    soc_crg_reset_counter_reg[2]
  -------------------------------------------------------------------
                         required time                         -3.501    
                         arrival time                           4.005    
  -------------------------------------------------------------------
                         slack                                  0.504    

Slack (MET) :             0.504ns  (arrival time - required time)
  Source:                 FDPE_7/C
                            (rising edge-triggered cell FDPE clocked by soc_crg_clkout3  {rise@0.000ns fall@2.500ns period=5.000ns})
  Destination:            soc_crg_reset_counter_reg[3]/S
                            (rising edge-triggered cell FDSE clocked by soc_crg_clkout3  {rise@0.000ns fall@2.500ns period=5.000ns})
  Path Group:             soc_crg_clkout3
  Path Type:              Hold (Min at Fast Process Corner)
  Requirement:            0.000ns  (soc_crg_clkout3 rise@0.000ns - soc_crg_clkout3 rise@0.000ns)
  Data Path Delay:        0.475ns  (logic 0.148ns (31.172%)  route 0.327ns (68.828%))
  Logic Levels:           0  
  Clock Path Skew:        0.042ns (DCD - SCD - CPR)
    Destination Clock Delay (DCD):    4.492ns
    Source Clock Delay      (SCD):    3.530ns
    Clock Pessimism Removal (CPR):    0.920ns

    Location             Delay type                Incr(ns)  Path(ns)    Netlist Resource(s)
  -------------------------------------------------------------------    -------------------
                         (clock soc_crg_clkout3 rise edge)
                                                      0.000     0.000 r  
    E3                                                0.000     0.000 r  clk100 (IN)
                         net (fo=0)                   0.000     0.000    clk100
    E3                   IBUF (Prop_ibuf_I_O)         0.250     0.250 r  clk100_IBUF_inst/O
                         net (fo=1, routed)           0.644     0.894    clk100_IBUF
    BUFGCTRL_X0Y16       BUFG (Prop_bufg_I_O)         0.026     0.920 r  clk100_IBUF_BUFG_inst/O
                         net (fo=1, routed)           0.889     1.809    clk100_IBUF_BUFG
    SLICE_X1Y14          LUT1 (Prop_lut1_I0_O)        0.045     1.854 r  clk100_inst/O
                         net (fo=9, routed)           0.365     2.219    soc_crg_clkin
    MMCME2_ADV_X0Y0      MMCME2_ADV (Prop_mmcme2_adv_CLKIN1_CLKOUT3)
                                                      0.050     2.269 r  MMCME2_ADV/CLKOUT3
                         net (fo=1, routed)           0.648     2.916    soc_crg_clkout3
    BUFGCTRL_X0Y2        BUFG (Prop_bufg_I_O)         0.026     2.942 r  BUFG_3/O
                         net (fo=8, routed)           0.588     3.530    idelay_clk
    SLICE_X78Y72         FDPE                                         r  FDPE_7/C
  -------------------------------------------------------------------    -------------------
    SLICE_X78Y72         FDPE (Prop_fdpe_C_Q)         0.148     3.678 r  FDPE_7/Q
                         net (fo=5, routed)           0.327     4.005    idelay_rst
    SLICE_X89Y72         FDSE                                         r  soc_crg_reset_counter_reg[3]/S
  -------------------------------------------------------------------    -------------------

                         (clock soc_crg_clkout3 rise edge)
                                                      0.000     0.000 r  
    E3                                                0.000     0.000 r  clk100 (IN)
                         net (fo=0)                   0.000     0.000    clk100
    E3                   IBUF (Prop_ibuf_I_O)         0.438     0.438 r  clk100_IBUF_inst/O
                         net (fo=1, routed)           0.699     1.136    clk100_IBUF
    BUFGCTRL_X0Y16       BUFG (Prop_bufg_I_O)         0.029     1.165 r  clk100_IBUF_BUFG_inst/O
                         net (fo=1, routed)           1.215     2.381    clk100_IBUF_BUFG
    SLICE_X1Y14          LUT1 (Prop_lut1_I0_O)        0.056     2.437 r  clk100_inst/O
                         net (fo=9, routed)           0.410     2.846    soc_crg_clkin
    MMCME2_ADV_X0Y0      MMCME2_ADV (Prop_mmcme2_adv_CLKIN1_CLKOUT3)
                                                      0.053     2.899 r  MMCME2_ADV/CLKOUT3
                         net (fo=1, routed)           0.700     3.600    soc_crg_clkout3
    BUFGCTRL_X0Y2        BUFG (Prop_bufg_I_O)         0.029     3.629 r  BUFG_3/O
                         net (fo=8, routed)           0.864     4.492    idelay_clk
    SLICE_X89Y72         FDSE                                         r  soc_crg_reset_counter_reg[3]/C
                         clock pessimism             -0.920     3.572    
    SLICE_X89Y72         FDSE (Hold_fdse_C_S)        -0.071     3.501    soc_crg_reset_counter_reg[3]
  -------------------------------------------------------------------
                         required time                         -3.501    
                         arrival time                           4.005    
  -------------------------------------------------------------------
                         slack                                  0.504    

Slack (MET) :             0.561ns  (arrival time - required time)
  Source:                 soc_crg_reset_counter_reg[0]/C
                            (rising edge-triggered cell FDSE clocked by soc_crg_clkout3  {rise@0.000ns fall@2.500ns period=5.000ns})
  Destination:            soc_crg_reset_counter_reg[0]/D
                            (rising edge-triggered cell FDSE clocked by soc_crg_clkout3  {rise@0.000ns fall@2.500ns period=5.000ns})
  Path Group:             soc_crg_clkout3
  Path Type:              Hold (Min at Fast Process Corner)
  Requirement:            0.000ns  (soc_crg_clkout3 rise@0.000ns - soc_crg_clkout3 rise@0.000ns)
  Data Path Delay:        0.652ns  (logic 0.186ns (28.519%)  route 0.466ns (71.481%))
  Logic Levels:           1  (LUT1=1)
  Clock Path Skew:        0.000ns (DCD - SCD - CPR)
    Destination Clock Delay (DCD):    4.492ns
    Source Clock Delay      (SCD):    3.537ns
    Clock Pessimism Removal (CPR):    0.955ns

    Location             Delay type                Incr(ns)  Path(ns)    Netlist Resource(s)
  -------------------------------------------------------------------    -------------------
                         (clock soc_crg_clkout3 rise edge)
                                                      0.000     0.000 r  
    E3                                                0.000     0.000 r  clk100 (IN)
                         net (fo=0)                   0.000     0.000    clk100
    E3                   IBUF (Prop_ibuf_I_O)         0.250     0.250 r  clk100_IBUF_inst/O
                         net (fo=1, routed)           0.644     0.894    clk100_IBUF
    BUFGCTRL_X0Y16       BUFG (Prop_bufg_I_O)         0.026     0.920 r  clk100_IBUF_BUFG_inst/O
                         net (fo=1, routed)           0.889     1.809    clk100_IBUF_BUFG
    SLICE_X1Y14          LUT1 (Prop_lut1_I0_O)        0.045     1.854 r  clk100_inst/O
                         net (fo=9, routed)           0.365     2.219    soc_crg_clkin
    MMCME2_ADV_X0Y0      MMCME2_ADV (Prop_mmcme2_adv_CLKIN1_CLKOUT3)
                                                      0.050     2.269 r  MMCME2_ADV/CLKOUT3
                         net (fo=1, routed)           0.648     2.916    soc_crg_clkout3
    BUFGCTRL_X0Y2        BUFG (Prop_bufg_I_O)         0.026     2.942 r  BUFG_3/O
                         net (fo=8, routed)           0.595     3.537    idelay_clk
    SLICE_X89Y72         FDSE                                         r  soc_crg_reset_counter_reg[0]/C
  -------------------------------------------------------------------    -------------------
    SLICE_X89Y72         FDSE (Prop_fdse_C_Q)         0.141     3.678 f  soc_crg_reset_counter_reg[0]/Q
                         net (fo=5, routed)           0.466     4.144    soc_crg_reset_counter[0]
    SLICE_X89Y72         LUT1 (Prop_lut1_I0_O)        0.045     4.189 r  soc_crg_reset_counter[0]_i_1/O
                         net (fo=1, routed)           0.000     4.189    soc_crg_reset_counter0[0]
    SLICE_X89Y72         FDSE                                         r  soc_crg_reset_counter_reg[0]/D
  -------------------------------------------------------------------    -------------------

                         (clock soc_crg_clkout3 rise edge)
                                                      0.000     0.000 r  
    E3                                                0.000     0.000 r  clk100 (IN)
                         net (fo=0)                   0.000     0.000    clk100
    E3                   IBUF (Prop_ibuf_I_O)         0.438     0.438 r  clk100_IBUF_inst/O
                         net (fo=1, routed)           0.699     1.136    clk100_IBUF
    BUFGCTRL_X0Y16       BUFG (Prop_bufg_I_O)         0.029     1.165 r  clk100_IBUF_BUFG_inst/O
                         net (fo=1, routed)           1.215     2.381    clk100_IBUF_BUFG
    SLICE_X1Y14          LUT1 (Prop_lut1_I0_O)        0.056     2.437 r  clk100_inst/O
                         net (fo=9, routed)           0.410     2.846    soc_crg_clkin
    MMCME2_ADV_X0Y0      MMCME2_ADV (Prop_mmcme2_adv_CLKIN1_CLKOUT3)
                                                      0.053     2.899 r  MMCME2_ADV/CLKOUT3
                         net (fo=1, routed)           0.700     3.600    soc_crg_clkout3
    BUFGCTRL_X0Y2        BUFG (Prop_bufg_I_O)         0.029     3.629 r  BUFG_3/O
                         net (fo=8, routed)           0.864     4.492    idelay_clk
    SLICE_X89Y72         FDSE                                         r  soc_crg_reset_counter_reg[0]/C
                         clock pessimism             -0.955     3.537    
    SLICE_X89Y72         FDSE (Hold_fdse_C_D)         0.091     3.628    soc_crg_reset_counter_reg[0]
  -------------------------------------------------------------------
                         required time                         -3.628    
                         arrival time                           4.189    
  -------------------------------------------------------------------
                         slack                                  0.561    





Pulse Width Checks
--------------------------------------------------------------------------------------
Clock Name:         soc_crg_clkout3
Waveform(ns):       { 0.000 2.500 }
Period(ns):         5.000
Sources:            { MMCME2_ADV/CLKOUT3 }

Check Type        Corner  Lib Pin             Reference Pin  Required(ns)  Actual(ns)  Slack(ns)  Location         Pin
Min Period        n/a     IDELAYCTRL/REFCLK   n/a            3.225         5.000       1.775      IDELAYCTRL_X1Y1  IDELAYCTRL/REFCLK
Min Period        n/a     BUFG/I              n/a            2.155         5.000       2.845      BUFGCTRL_X0Y2    BUFG_3/I
Min Period        n/a     MMCME2_ADV/CLKOUT3  n/a            1.249         5.000       3.751      MMCME2_ADV_X0Y0  MMCME2_ADV/CLKOUT3
Min Period        n/a     FDPE/C              n/a            1.000         5.000       4.000      SLICE_X78Y72     FDPE_6/C
Min Period        n/a     FDPE/C              n/a            1.000         5.000       4.000      SLICE_X78Y72     FDPE_7/C
Min Period        n/a     FDRE/C              n/a            1.000         5.000       4.000      SLICE_X89Y73     soc_crg_ic_reset_reg/C
Min Period        n/a     FDSE/C              n/a            1.000         5.000       4.000      SLICE_X89Y72     soc_crg_reset_counter_reg[0]/C
Min Period        n/a     FDSE/C              n/a            1.000         5.000       4.000      SLICE_X89Y72     soc_crg_reset_counter_reg[1]/C
Min Period        n/a     FDSE/C              n/a            1.000         5.000       4.000      SLICE_X89Y72     soc_crg_reset_counter_reg[2]/C
Min Period        n/a     FDSE/C              n/a            1.000         5.000       4.000      SLICE_X89Y72     soc_crg_reset_counter_reg[3]/C
Max Period        n/a     IDELAYCTRL/REFCLK   n/a            5.264         5.000       0.264      IDELAYCTRL_X1Y1  IDELAYCTRL/REFCLK
Max Period        n/a     MMCME2_ADV/CLKOUT3  n/a            213.360       5.000       208.360    MMCME2_ADV_X0Y0  MMCME2_ADV/CLKOUT3
Low Pulse Width   Slow    FDPE/C              n/a            0.500         2.500       2.000      SLICE_X78Y72     FDPE_6/C
Low Pulse Width   Fast    FDPE/C              n/a            0.500         2.500       2.000      SLICE_X78Y72     FDPE_6/C
Low Pulse Width   Slow    FDPE/C              n/a            0.500         2.500       2.000      SLICE_X78Y72     FDPE_7/C
Low Pulse Width   Fast    FDPE/C              n/a            0.500         2.500       2.000      SLICE_X78Y72     FDPE_7/C
Low Pulse Width   Slow    FDRE/C              n/a            0.500         2.500       2.000      SLICE_X89Y73     soc_crg_ic_reset_reg/C
Low Pulse Width   Fast    FDRE/C              n/a            0.500         2.500       2.000      SLICE_X89Y73     soc_crg_ic_reset_reg/C
Low Pulse Width   Slow    FDSE/C              n/a            0.500         2.500       2.000      SLICE_X89Y72     soc_crg_reset_counter_reg[0]/C
Low Pulse Width   Fast    FDSE/C              n/a            0.500         2.500       2.000      SLICE_X89Y72     soc_crg_reset_counter_reg[0]/C
Low Pulse Width   Slow    FDSE/C              n/a            0.500         2.500       2.000      SLICE_X89Y72     soc_crg_reset_counter_reg[1]/C
Low Pulse Width   Fast    FDSE/C              n/a            0.500         2.500       2.000      SLICE_X89Y72     soc_crg_reset_counter_reg[1]/C
High Pulse Width  Slow    FDPE/C              n/a            0.500         2.500       2.000      SLICE_X78Y72     FDPE_6/C
High Pulse Width  Fast    FDPE/C              n/a            0.500         2.500       2.000      SLICE_X78Y72     FDPE_6/C
High Pulse Width  Slow    FDPE/C              n/a            0.500         2.500       2.000      SLICE_X78Y72     FDPE_7/C
High Pulse Width  Fast    FDPE/C              n/a            0.500         2.500       2.000      SLICE_X78Y72     FDPE_7/C
High Pulse Width  Slow    FDRE/C              n/a            0.500         2.500       2.000      SLICE_X89Y73     soc_crg_ic_reset_reg/C
High Pulse Width  Fast    FDRE/C              n/a            0.500         2.500       2.000      SLICE_X89Y73     soc_crg_ic_reset_reg/C
High Pulse Width  Slow    FDSE/C              n/a            0.500         2.500       2.000      SLICE_X89Y72     soc_crg_reset_counter_reg[0]/C
High Pulse Width  Fast    FDSE/C              n/a            0.500         2.500       2.000      SLICE_X89Y72     soc_crg_reset_counter_reg[0]/C
High Pulse Width  Slow    FDSE/C              n/a            0.500         2.500       2.000      SLICE_X89Y72     soc_crg_reset_counter_reg[1]/C
High Pulse Width  Fast    FDSE/C              n/a            0.500         2.500       2.000      SLICE_X89Y72     soc_crg_reset_counter_reg[1]/C



------------------------------------------------------------------------------------------------
| Data sheet
| ----------
------------------------------------------------------------------------------------------------

Input Ports Setup/Hold

----------+--------------+----------------+----------+---------------+---------+---------------+---------+-----------------+
Reference | Input        | IO Reg         | Delay    |     Setup(ns) | Process |      Hold(ns) | Process | Internal        |
Clock     | Port         | Type           | Type     | to Clk (Edge) | Corner  | to Clk (Edge) | Corner  | Clock           |
----------+--------------+----------------+----------+---------------+---------+---------------+---------+-----------------+
clk100    | cpu_reset    | FDCE           | -        |     0.334 (r) | FAST    |     3.207 (r) | SLOW    |                 |
clk100    | serial_rx    | FDRE           | -        |    -1.545 (r) | FAST    |     7.380 (r) | SLOW    | soc_crg_clkout0 |
clk100    | ddram_dq[0]  | ISERDESE2 (IO) | VARIABLE |    -2.698 (r) | FAST    |     9.590 (r) | SLOW    | soc_crg_clkout1 |
clk100    | ddram_dq[0]  | ISERDESE2 (IO) | VARIABLE |    -2.626 (f) | FAST    |     9.590 (f) | SLOW    | soc_crg_clkout1 |
clk100    | ddram_dq[1]  | ISERDESE2 (IO) | VARIABLE |    -2.696 (r) | FAST    |     9.588 (r) | SLOW    | soc_crg_clkout1 |
clk100    | ddram_dq[1]  | ISERDESE2 (IO) | VARIABLE |    -2.624 (f) | FAST    |     9.588 (f) | SLOW    | soc_crg_clkout1 |
clk100    | ddram_dq[2]  | ISERDESE2 (IO) | VARIABLE |    -2.714 (r) | FAST    |     9.606 (r) | SLOW    | soc_crg_clkout1 |
clk100    | ddram_dq[2]  | ISERDESE2 (IO) | VARIABLE |    -2.642 (f) | FAST    |     9.606 (f) | SLOW    | soc_crg_clkout1 |
clk100    | ddram_dq[3]  | ISERDESE2 (IO) | VARIABLE |    -2.697 (r) | FAST    |     9.590 (r) | SLOW    | soc_crg_clkout1 |
clk100    | ddram_dq[3]  | ISERDESE2 (IO) | VARIABLE |    -2.625 (f) | FAST    |     9.590 (f) | SLOW    | soc_crg_clkout1 |
clk100    | ddram_dq[4]  | ISERDESE2 (IO) | VARIABLE |    -2.690 (r) | FAST    |     9.582 (r) | SLOW    | soc_crg_clkout1 |
clk100    | ddram_dq[4]  | ISERDESE2 (IO) | VARIABLE |    -2.618 (f) | FAST    |     9.582 (f) | SLOW    | soc_crg_clkout1 |
clk100    | ddram_dq[5]  | ISERDESE2 (IO) | VARIABLE |    -2.705 (r) | FAST    |     9.597 (r) | SLOW    | soc_crg_clkout1 |
clk100    | ddram_dq[5]  | ISERDESE2 (IO) | VARIABLE |    -2.633 (f) | FAST    |     9.597 (f) | SLOW    | soc_crg_clkout1 |
clk100    | ddram_dq[6]  | ISERDESE2 (IO) | VARIABLE |    -2.693 (r) | FAST    |     9.586 (r) | SLOW    | soc_crg_clkout1 |
clk100    | ddram_dq[6]  | ISERDESE2 (IO) | VARIABLE |    -2.621 (f) | FAST    |     9.586 (f) | SLOW    | soc_crg_clkout1 |
clk100    | ddram_dq[7]  | ISERDESE2 (IO) | VARIABLE |    -2.715 (r) | FAST    |     9.606 (r) | SLOW    | soc_crg_clkout1 |
clk100    | ddram_dq[7]  | ISERDESE2 (IO) | VARIABLE |    -2.643 (f) | FAST    |     9.606 (f) | SLOW    | soc_crg_clkout1 |
clk100    | ddram_dq[8]  | ISERDESE2 (IO) | VARIABLE |    -2.692 (r) | FAST    |     9.577 (r) | SLOW    | soc_crg_clkout1 |
clk100    | ddram_dq[8]  | ISERDESE2 (IO) | VARIABLE |    -2.620 (f) | FAST    |     9.577 (f) | SLOW    | soc_crg_clkout1 |
clk100    | ddram_dq[9]  | ISERDESE2 (IO) | VARIABLE |    -2.683 (r) | FAST    |     9.572 (r) | SLOW    | soc_crg_clkout1 |
clk100    | ddram_dq[9]  | ISERDESE2 (IO) | VARIABLE |    -2.611 (f) | FAST    |     9.572 (f) | SLOW    | soc_crg_clkout1 |
clk100    | ddram_dq[10] | ISERDESE2 (IO) | VARIABLE |    -2.685 (r) | FAST    |     9.571 (r) | SLOW    | soc_crg_clkout1 |
clk100    | ddram_dq[10] | ISERDESE2 (IO) | VARIABLE |    -2.613 (f) | FAST    |     9.571 (f) | SLOW    | soc_crg_clkout1 |
clk100    | ddram_dq[11] | ISERDESE2 (IO) | VARIABLE |    -2.678 (r) | FAST    |     9.568 (r) | SLOW    | soc_crg_clkout1 |
clk100    | ddram_dq[11] | ISERDESE2 (IO) | VARIABLE |    -2.606 (f) | FAST    |     9.568 (f) | SLOW    | soc_crg_clkout1 |
clk100    | ddram_dq[12] | ISERDESE2 (IO) | VARIABLE |    -2.673 (r) | FAST    |     9.559 (r) | SLOW    | soc_crg_clkout1 |
clk100    | ddram_dq[12] | ISERDESE2 (IO) | VARIABLE |    -2.601 (f) | FAST    |     9.559 (f) | SLOW    | soc_crg_clkout1 |
clk100    | ddram_dq[13] | ISERDESE2 (IO) | VARIABLE |    -2.697 (r) | FAST    |     9.582 (r) | SLOW    | soc_crg_clkout1 |
clk100    | ddram_dq[13] | ISERDESE2 (IO) | VARIABLE |    -2.625 (f) | FAST    |     9.582 (f) | SLOW    | soc_crg_clkout1 |
clk100    | ddram_dq[14] | ISERDESE2 (IO) | VARIABLE |    -2.685 (r) | FAST    |     9.576 (r) | SLOW    | soc_crg_clkout1 |
clk100    | ddram_dq[14] | ISERDESE2 (IO) | VARIABLE |    -2.613 (f) | FAST    |     9.576 (f) | SLOW    | soc_crg_clkout1 |
clk100    | ddram_dq[15] | ISERDESE2 (IO) | VARIABLE |    -2.698 (r) | FAST    |     9.583 (r) | SLOW    | soc_crg_clkout1 |
clk100    | ddram_dq[15] | ISERDESE2 (IO) | VARIABLE |    -2.626 (f) | FAST    |     9.583 (f) | SLOW    | soc_crg_clkout1 |
----------+--------------+----------------+----------+---------------+---------+---------------+---------+-----------------+


Output Ports Clock-to-out

----------+----------------+----------------+-------+----------------+---------+----------------+---------+-----------------+
Reference | Output         | IO Reg         | Delay | Max Clk (Edge) | Process | Min Clk (Edge) | Process | Internal        |
Clock     | Port           | Type           | Type  |    to port(ns) | Corner  |    to port(ns) | Corner  | Clock           |
----------+----------------+----------------+-------+----------------+---------+----------------+---------+-----------------+
clk100    | ddram_dq[0]    | FDRE           | -     |     16.111 (r) | SLOW    |      4.563 (r) | FAST    | soc_crg_clkout0 |
clk100    | ddram_dq[1]    | FDRE           | -     |     15.660 (r) | SLOW    |      4.363 (r) | FAST    | soc_crg_clkout0 |
clk100    | ddram_dq[2]    | FDRE           | -     |     16.392 (r) | SLOW    |      4.655 (r) | FAST    | soc_crg_clkout0 |
clk100    | ddram_dq[3]    | FDRE           | -     |     16.101 (r) | SLOW    |      4.555 (r) | FAST    | soc_crg_clkout0 |
clk100    | ddram_dq[4]    | FDRE           | -     |     15.810 (r) | SLOW    |      4.434 (r) | FAST    | soc_crg_clkout0 |
clk100    | ddram_dq[5]    | FDRE           | -     |     16.109 (r) | SLOW    |      4.549 (r) | FAST    | soc_crg_clkout0 |
clk100    | ddram_dq[6]    | FDRE           | -     |     15.961 (r) | SLOW    |      4.503 (r) | FAST    | soc_crg_clkout0 |
clk100    | ddram_dq[7]    | FDRE           | -     |     15.959 (r) | SLOW    |      4.474 (r) | FAST    | soc_crg_clkout0 |
clk100    | ddram_dq[8]    | FDRE           | -     |     17.144 (r) | SLOW    |      5.009 (r) | FAST    | soc_crg_clkout0 |
clk100    | ddram_dq[9]    | FDRE           | -     |     17.452 (r) | SLOW    |      5.176 (r) | FAST    | soc_crg_clkout0 |
clk100    | ddram_dq[10]   | FDRE           | -     |     17.159 (r) | SLOW    |      5.045 (r) | FAST    | soc_crg_clkout0 |
clk100    | ddram_dq[11]   | FDRE           | -     |     17.602 (r) | SLOW    |      5.245 (r) | FAST    | soc_crg_clkout0 |
clk100    | ddram_dq[12]   | FDRE           | -     |     17.009 (r) | SLOW    |      4.992 (r) | FAST    | soc_crg_clkout0 |
clk100    | ddram_dq[13]   | FDRE           | -     |     16.846 (r) | SLOW    |      4.878 (r) | FAST    | soc_crg_clkout0 |
clk100    | ddram_dq[14]   | FDRE           | -     |     17.742 (r) | SLOW    |      5.293 (r) | FAST    | soc_crg_clkout0 |
clk100    | ddram_dq[15]   | FDRE           | -     |     16.857 (r) | SLOW    |      4.898 (r) | FAST    | soc_crg_clkout0 |
clk100    | ddram_dqs_n[0] | FDRE           | -     |     15.929 (r) | SLOW    |      4.457 (r) | FAST    | soc_crg_clkout0 |
clk100    | ddram_dqs_n[1] | FDRE           | -     |     16.790 (r) | SLOW    |      4.787 (r) | FAST    | soc_crg_clkout0 |
clk100    | ddram_dqs_p[0] | FDRE           | -     |     15.930 (r) | SLOW    |      4.459 (r) | FAST    | soc_crg_clkout0 |
clk100    | ddram_dqs_p[1] | FDRE           | -     |     16.791 (r) | SLOW    |      4.787 (r) | FAST    | soc_crg_clkout0 |
clk100    | serial_tx      | FDSE           | -     |     18.769 (r) | SLOW    |      5.875 (r) | FAST    | soc_crg_clkout0 |
clk100    | user_led0      | FDRE           | -     |     22.220 (r) | SLOW    |      6.989 (r) | FAST    | soc_crg_clkout0 |
clk100    | user_led1      | FDRE           | -     |     21.041 (r) | SLOW    |      6.779 (r) | FAST    | soc_crg_clkout0 |
clk100    | user_led10     | FDRE           | -     |     20.263 (r) | SLOW    |      6.443 (r) | FAST    | soc_crg_clkout0 |
clk100    | user_led11     | FDRE           | -     |     19.907 (r) | SLOW    |      6.248 (r) | FAST    | soc_crg_clkout0 |
clk100    | user_led12     | FDRE           | -     |     20.223 (r) | SLOW    |      6.338 (r) | FAST    | soc_crg_clkout0 |
clk100    | user_led13     | FDRE           | -     |     20.690 (r) | SLOW    |      6.515 (r) | FAST    | soc_crg_clkout0 |
clk100    | user_led14     | FDRE           | -     |     20.717 (r) | SLOW    |      6.375 (r) | FAST    | soc_crg_clkout0 |
clk100    | user_led15     | FDRE           | -     |     19.889 (r) | SLOW    |      6.395 (r) | FAST    | soc_crg_clkout0 |
clk100    | user_led2      | FDRE           | -     |     21.599 (r) | SLOW    |      7.124 (r) | FAST    | soc_crg_clkout0 |
clk100    | user_led3      | FDRE           | -     |     20.621 (r) | SLOW    |      6.751 (r) | FAST    | soc_crg_clkout0 |
clk100    | user_led4      | FDRE           | -     |     20.864 (r) | SLOW    |      6.851 (r) | FAST    | soc_crg_clkout0 |
clk100    | user_led5      | FDRE           | -     |     20.000 (r) | SLOW    |      6.378 (r) | FAST    | soc_crg_clkout0 |
clk100    | user_led6      | FDRE           | -     |     20.522 (r) | SLOW    |      6.535 (r) | FAST    | soc_crg_clkout0 |
clk100    | user_led7      | FDRE           | -     |     20.505 (r) | SLOW    |      6.460 (r) | FAST    | soc_crg_clkout0 |
clk100    | user_led8      | FDRE           | -     |     20.886 (r) | SLOW    |      6.618 (r) | FAST    | soc_crg_clkout0 |
clk100    | user_led9      | FDRE           | -     |     20.394 (r) | SLOW    |      6.562 (r) | FAST    | soc_crg_clkout0 |
clk100    | ddram_a[0]     | OSERDESE2 (IO) | -     |     13.200 (r) | SLOW    |      4.078 (r) | FAST    | soc_crg_clkout1 |
clk100    | ddram_a[1]     | OSERDESE2 (IO) | -     |     13.215 (r) | SLOW    |      4.096 (r) | FAST    | soc_crg_clkout1 |
clk100    | ddram_a[2]     | OSERDESE2 (IO) | -     |     13.226 (r) | SLOW    |      4.102 (r) | FAST    | soc_crg_clkout1 |
clk100    | ddram_a[3]     | OSERDESE2 (IO) | -     |     13.226 (r) | SLOW    |      4.103 (r) | FAST    | soc_crg_clkout1 |
clk100    | ddram_a[4]     | OSERDESE2 (IO) | -     |     13.222 (r) | SLOW    |      4.096 (r) | FAST    | soc_crg_clkout1 |
clk100    | ddram_a[5]     | OSERDESE2 (IO) | -     |     13.217 (r) | SLOW    |      4.099 (r) | FAST    | soc_crg_clkout1 |
clk100    | ddram_a[6]     | OSERDESE2 (IO) | -     |     13.231 (r) | SLOW    |      4.105 (r) | FAST    | soc_crg_clkout1 |
clk100    | ddram_a[7]     | OSERDESE2 (IO) | -     |     13.232 (r) | SLOW    |      4.106 (r) | FAST    | soc_crg_clkout1 |
clk100    | ddram_a[8]     | OSERDESE2 (IO) | -     |     13.222 (r) | SLOW    |      4.097 (r) | FAST    | soc_crg_clkout1 |
clk100    | ddram_a[9]     | OSERDESE2 (IO) | -     |     13.216 (r) | SLOW    |      4.098 (r) | FAST    | soc_crg_clkout1 |
clk100    | ddram_a[10]    | OSERDESE2 (IO) | -     |     13.217 (r) | SLOW    |      4.098 (r) | FAST    | soc_crg_clkout1 |
clk100    | ddram_a[11]    | OSERDESE2 (IO) | -     |     13.210 (r) | SLOW    |      4.085 (r) | FAST    | soc_crg_clkout1 |
clk100    | ddram_a[12]    | OSERDESE2 (IO) | -     |     13.222 (r) | SLOW    |      4.098 (r) | FAST    | soc_crg_clkout1 |
clk100    | ddram_ba[0]    | OSERDESE2 (IO) | -     |     13.220 (r) | SLOW    |      4.101 (r) | FAST    | soc_crg_clkout1 |
clk100    | ddram_ba[1]    | OSERDESE2 (IO) | -     |     13.213 (r) | SLOW    |      4.094 (r) | FAST    | soc_crg_clkout1 |
clk100    | ddram_ba[2]    | OSERDESE2 (IO) | -     |     13.225 (r) | SLOW    |      4.102 (r) | FAST    | soc_crg_clkout1 |
clk100    | ddram_cas_n    | OSERDESE2 (IO) | -     |     13.241 (r) | SLOW    |      4.115 (r) | FAST    | soc_crg_clkout1 |
clk100    | ddram_cke      | OSERDESE2 (IO) | -     |     13.234 (r) | SLOW    |      4.107 (r) | FAST    | soc_crg_clkout1 |
clk100    | ddram_clk_n    | OSERDESE2 (IO) | -     |     13.304 (r) | SLOW    |      4.078 (r) | FAST    | soc_crg_clkout1 |
clk100    | ddram_clk_p    | OSERDESE2 (IO) | -     |     13.316 (r) | SLOW    |      4.090 (r) | FAST    | soc_crg_clkout1 |
clk100    | ddram_cs_n     | OSERDESE2 (IO) | -     |     13.191 (r) | SLOW    |      4.065 (r) | FAST    | soc_crg_clkout1 |
clk100    | ddram_dm[0]    | OSERDESE2 (IO) | -     |     13.255 (r) | SLOW    |      4.129 (r) | FAST    | soc_crg_clkout1 |
clk100    | ddram_dm[1]    | OSERDESE2 (IO) | -     |     13.257 (r) | SLOW    |      4.133 (r) | FAST    | soc_crg_clkout1 |
clk100    | ddram_dq[0]    | OSERDESE2 (IO) | -     |     14.112 (r) | SLOW    |      3.818 (r) | FAST    | soc_crg_clkout1 |
clk100    | ddram_dq[1]    | OSERDESE2 (IO) | -     |     14.110 (r) | SLOW    |      3.818 (r) | FAST    | soc_crg_clkout1 |
clk100    | ddram_dq[2]    | OSERDESE2 (IO) | -     |     14.113 (r) | SLOW    |      3.804 (r) | FAST    | soc_crg_clkout1 |
clk100    | ddram_dq[3]    | OSERDESE2 (IO) | -     |     14.111 (r) | SLOW    |      3.817 (r) | FAST    | soc_crg_clkout1 |
clk100    | ddram_dq[4]    | OSERDESE2 (IO) | -     |     14.110 (r) | SLOW    |      3.824 (r) | FAST    | soc_crg_clkout1 |
clk100    | ddram_dq[5]    | OSERDESE2 (IO) | -     |     14.110 (r) | SLOW    |      3.809 (r) | FAST    | soc_crg_clkout1 |
clk100    | ddram_dq[6]    | OSERDESE2 (IO) | -     |     14.111 (r) | SLOW    |      3.821 (r) | FAST    | soc_crg_clkout1 |
clk100    | ddram_dq[7]    | OSERDESE2 (IO) | -     |     14.110 (r) | SLOW    |      3.799 (r) | FAST    | soc_crg_clkout1 |
clk100    | ddram_dq[8]    | OSERDESE2 (IO) | -     |     14.096 (r) | SLOW    |      3.808 (r) | FAST    | soc_crg_clkout1 |
clk100    | ddram_dq[9]    | OSERDESE2 (IO) | -     |     14.106 (r) | SLOW    |      3.827 (r) | FAST    | soc_crg_clkout1 |
clk100    | ddram_dq[10]   | OSERDESE2 (IO) | -     |     14.099 (r) | SLOW    |      3.819 (r) | FAST    | soc_crg_clkout1 |
clk100    | ddram_dq[11]   | OSERDESE2 (IO) | -     |     14.106 (r) | SLOW    |      3.832 (r) | FAST    | soc_crg_clkout1 |
clk100    | ddram_dq[12]   | OSERDESE2 (IO) | -     |     14.099 (r) | SLOW    |      3.830 (r) | FAST    | soc_crg_clkout1 |
clk100    | ddram_dq[13]   | OSERDESE2 (IO) | -     |     14.096 (r) | SLOW    |      3.803 (r) | FAST    | soc_crg_clkout1 |
clk100    | ddram_dq[14]   | OSERDESE2 (IO) | -     |     14.107 (r) | SLOW    |      3.825 (r) | FAST    | soc_crg_clkout1 |
clk100    | ddram_dq[15]   | OSERDESE2 (IO) | -     |     14.098 (r) | SLOW    |      3.804 (r) | FAST    | soc_crg_clkout1 |
clk100    | ddram_odt      | OSERDESE2 (IO) | -     |     13.226 (r) | SLOW    |      4.100 (r) | FAST    | soc_crg_clkout1 |
clk100    | ddram_ras_n    | OSERDESE2 (IO) | -     |     13.211 (r) | SLOW    |      4.089 (r) | FAST    | soc_crg_clkout1 |
clk100    | ddram_we_n     | OSERDESE2 (IO) | -     |     13.243 (r) | SLOW    |      4.117 (r) | FAST    | soc_crg_clkout1 |
clk100    | ddram_dqs_n[0] | OSERDESE2 (IO) | -     |     15.777 (r) | SLOW    |      5.484 (r) | FAST    | soc_crg_clkout2 |
clk100    | ddram_dqs_n[1] | OSERDESE2 (IO) | -     |     15.770 (r) | SLOW    |      5.482 (r) | FAST    | soc_crg_clkout2 |
clk100    | ddram_dqs_p[0] | OSERDESE2 (IO) | -     |     15.778 (r) | SLOW    |      5.486 (r) | FAST    | soc_crg_clkout2 |
clk100    | ddram_dqs_p[1] | OSERDESE2 (IO) | -     |     15.771 (r) | SLOW    |      5.483 (r) | FAST    | soc_crg_clkout2 |
----------+----------------+----------------+-------+----------------+---------+----------------+---------+-----------------+


Setup between Clocks

-------+-------------+---------------+---------+---------------+---------+---------------+---------+---------------+---------+
Source | Destination |  Src:Rise     | Process |  Src:Rise     | Process |  Src:Fall     | Process |  Src:Fall     | Process |
Clock  | Clock       | Dest:Rise(ns) | Corner  | Dest:Fall(ns) | Corner  | Dest:Rise(ns) | Corner  | Dest:Fall(ns) | Corner  |
-------+-------------+---------------+---------+---------------+---------+---------------+---------+---------------+---------+
clk100 | clk100      |        13.011 | SLOW    |               |         |               |         |               |         |
-------+-------------+---------------+---------+---------------+---------+---------------+---------+---------------+---------+


Setup / Hold times for input bus
Clocked by: clk100
Worst Case Data Window: 7.005 ns
Ideal Clock Offset to Actual Clock: 6.104 ns
-------------------+-------------+---------+-------------+---------+-----------+-----------+---------------+
                   |             | Process |             | Process | Setup     |  Hold     | Source Offset |
Source             |   Setup(ns) | Corner  |    Hold(ns) | Corner  | Slack(ns) | Slack(ns) | to Center(ns) |
-------------------+-------------+---------+-------------+---------+-----------+-----------+---------------+
ddram_dq[0]        |  -2.698 (r) | FAST    |   9.590 (r) | SLOW    |       inf |       inf |             - |
ddram_dq[0]        |  -2.626 (f) | FAST    |   9.590 (f) | SLOW    |       inf |       inf |             - |
ddram_dq[1]        |  -2.696 (r) | FAST    |   9.588 (r) | SLOW    |       inf |       inf |             - |
ddram_dq[1]        |  -2.624 (f) | FAST    |   9.588 (f) | SLOW    |       inf |       inf |             - |
ddram_dq[2]        |  -2.714 (r) | FAST    |   9.606 (r) | SLOW    |       inf |       inf |             - |
ddram_dq[2]        |  -2.642 (f) | FAST    |   9.606 (f) | SLOW    |       inf |       inf |             - |
ddram_dq[3]        |  -2.697 (r) | FAST    |   9.590 (r) | SLOW    |       inf |       inf |             - |
ddram_dq[3]        |  -2.625 (f) | FAST    |   9.590 (f) | SLOW    |       inf |       inf |             - |
ddram_dq[4]        |  -2.690 (r) | FAST    |   9.582 (r) | SLOW    |       inf |       inf |             - |
ddram_dq[4]        |  -2.618 (f) | FAST    |   9.582 (f) | SLOW    |       inf |       inf |             - |
ddram_dq[5]        |  -2.705 (r) | FAST    |   9.597 (r) | SLOW    |       inf |       inf |             - |
ddram_dq[5]        |  -2.633 (f) | FAST    |   9.597 (f) | SLOW    |       inf |       inf |             - |
ddram_dq[6]        |  -2.693 (r) | FAST    |   9.586 (r) | SLOW    |       inf |       inf |             - |
ddram_dq[6]        |  -2.621 (f) | FAST    |   9.586 (f) | SLOW    |       inf |       inf |             - |
ddram_dq[7]        |  -2.715 (r) | FAST    |   9.606 (r) | SLOW    |       inf |       inf |             - |
ddram_dq[7]        |  -2.643 (f) | FAST    |   9.606 (f) | SLOW    |       inf |       inf |             - |
ddram_dq[8]        |  -2.692 (r) | FAST    |   9.577 (r) | SLOW    |       inf |       inf |             - |
ddram_dq[8]        |  -2.620 (f) | FAST    |   9.577 (f) | SLOW    |       inf |       inf |             - |
ddram_dq[9]        |  -2.683 (r) | FAST    |   9.572 (r) | SLOW    |       inf |       inf |             - |
ddram_dq[9]        |  -2.611 (f) | FAST    |   9.572 (f) | SLOW    |       inf |       inf |             - |
ddram_dq[10]       |  -2.685 (r) | FAST    |   9.571 (r) | SLOW    |       inf |       inf |             - |
ddram_dq[10]       |  -2.613 (f) | FAST    |   9.571 (f) | SLOW    |       inf |       inf |             - |
ddram_dq[11]       |  -2.678 (r) | FAST    |   9.568 (r) | SLOW    |       inf |       inf |             - |
ddram_dq[11]       |  -2.606 (f) | FAST    |   9.568 (f) | SLOW    |       inf |       inf |             - |
ddram_dq[12]       |  -2.673 (r) | FAST    |   9.559 (r) | SLOW    |       inf |       inf |             - |
ddram_dq[12]       |  -2.601 (f) | FAST    |   9.559 (f) | SLOW    |       inf |       inf |             - |
ddram_dq[13]       |  -2.697 (r) | FAST    |   9.582 (r) | SLOW    |       inf |       inf |             - |
ddram_dq[13]       |  -2.625 (f) | FAST    |   9.582 (f) | SLOW    |       inf |       inf |             - |
ddram_dq[14]       |  -2.685 (r) | FAST    |   9.576 (r) | SLOW    |       inf |       inf |             - |
ddram_dq[14]       |  -2.613 (f) | FAST    |   9.576 (f) | SLOW    |       inf |       inf |             - |
ddram_dq[15]       |  -2.698 (r) | FAST    |   9.583 (r) | SLOW    |       inf |       inf |             - |
ddram_dq[15]       |  -2.626 (f) | FAST    |   9.583 (f) | SLOW    |       inf |       inf |             - |
-------------------+-------------+---------+-------------+---------+-----------+-----------+---------------+
Worst Case Summary |  -2.601 (f) | FAST    |   9.606 (r) | SLOW    |       inf |       inf |             - |
-------------------+-------------+---------+-------------+---------+-----------+-----------+---------------+



Max / Min delays for output bus
Clocked by: clk100
Bus Skew: 0.032 ns
-------------------+--------------+---------+-------------+---------+----------+
                   |      Max     | Process |     Min     | Process | Edge     |
Pad                |    Delay(ns) | Corner  |   Delay(ns) | Corner  | Skew(ns) |
-------------------+--------------+---------+-------------+---------+----------+
ddram_a[0]         |   13.200 (r) | SLOW    |   4.078 (r) | FAST    |    0.000 |
ddram_a[1]         |   13.215 (r) | SLOW    |   4.096 (r) | FAST    |    0.017 |
ddram_a[2]         |   13.226 (r) | SLOW    |   4.102 (r) | FAST    |    0.026 |
ddram_a[3]         |   13.226 (r) | SLOW    |   4.103 (r) | FAST    |    0.026 |
ddram_a[4]         |   13.222 (r) | SLOW    |   4.096 (r) | FAST    |    0.022 |
ddram_a[5]         |   13.217 (r) | SLOW    |   4.099 (r) | FAST    |    0.020 |
ddram_a[6]         |   13.231 (r) | SLOW    |   4.105 (r) | FAST    |    0.031 |
ddram_a[7]         |   13.232 (r) | SLOW    |   4.106 (r) | FAST    |    0.032 |
ddram_a[8]         |   13.222 (r) | SLOW    |   4.097 (r) | FAST    |    0.022 |
ddram_a[9]         |   13.216 (r) | SLOW    |   4.098 (r) | FAST    |    0.019 |
ddram_a[10]        |   13.217 (r) | SLOW    |   4.098 (r) | FAST    |    0.020 |
ddram_a[11]        |   13.210 (r) | SLOW    |   4.085 (r) | FAST    |    0.010 |
ddram_a[12]        |   13.222 (r) | SLOW    |   4.098 (r) | FAST    |    0.022 |
-------------------+--------------+---------+-------------+---------+----------+
Worst Case Summary |   13.232 (r) | SLOW    |   4.078 (r) | FAST    |    0.032 |
-------------------+--------------+---------+-------------+---------+----------+



Max / Min delays for output bus
Clocked by: clk100
Bus Skew: 0.012 ns
-------------------+--------------+---------+-------------+---------+----------+
                   |      Max     | Process |     Min     | Process | Edge     |
Pad                |    Delay(ns) | Corner  |   Delay(ns) | Corner  | Skew(ns) |
-------------------+--------------+---------+-------------+---------+----------+
ddram_ba[0]        |   13.220 (r) | SLOW    |   4.101 (r) | FAST    |    0.008 |
ddram_ba[1]        |   13.213 (r) | SLOW    |   4.094 (r) | FAST    |    0.000 |
ddram_ba[2]        |   13.225 (r) | SLOW    |   4.102 (r) | FAST    |    0.012 |
-------------------+--------------+---------+-------------+---------+----------+
Worst Case Summary |   13.225 (r) | SLOW    |   4.094 (r) | FAST    |    0.012 |
-------------------+--------------+---------+-------------+---------+----------+



Max / Min delays for output bus
Clocked by: clk100
Bus Skew: 0.004 ns
-------------------+--------------+---------+-------------+---------+----------+
                   |      Max     | Process |     Min     | Process | Edge     |
Pad                |    Delay(ns) | Corner  |   Delay(ns) | Corner  | Skew(ns) |
-------------------+--------------+---------+-------------+---------+----------+
ddram_dm[0]        |   13.255 (r) | SLOW    |   4.129 (r) | FAST    |    0.000 |
ddram_dm[1]        |   13.257 (r) | SLOW    |   4.133 (r) | FAST    |    0.004 |
-------------------+--------------+---------+-------------+---------+----------+
Worst Case Summary |   13.257 (r) | SLOW    |   4.129 (r) | FAST    |    0.004 |
-------------------+--------------+---------+-------------+---------+----------+



Max / Min delays for output bus
Clocked by: clk100
Bus Skew: 2.082 ns
-------------------+--------------+---------+-------------+---------+----------+
                   |      Max     | Process |     Min     | Process | Edge     |
Pad                |    Delay(ns) | Corner  |   Delay(ns) | Corner  | Skew(ns) |
-------------------+--------------+---------+-------------+---------+----------+
ddram_dq[0]        |   16.111 (r) | SLOW    |   3.818 (r) | FAST    |    0.451 |
ddram_dq[1]        |   15.660 (r) | SLOW    |   3.818 (r) | FAST    |    0.018 |
ddram_dq[2]        |   16.392 (r) | SLOW    |   3.804 (r) | FAST    |    0.732 |
ddram_dq[3]        |   16.101 (r) | SLOW    |   3.817 (r) | FAST    |    0.442 |
ddram_dq[4]        |   15.810 (r) | SLOW    |   3.824 (r) | FAST    |    0.150 |
ddram_dq[5]        |   16.109 (r) | SLOW    |   3.809 (r) | FAST    |    0.450 |
ddram_dq[6]        |   15.961 (r) | SLOW    |   3.821 (r) | FAST    |    0.301 |
ddram_dq[7]        |   15.959 (r) | SLOW    |   3.799 (r) | FAST    |    0.300 |
ddram_dq[8]        |   17.144 (r) | SLOW    |   3.808 (r) | FAST    |    1.484 |
ddram_dq[9]        |   17.452 (r) | SLOW    |   3.827 (r) | FAST    |    1.792 |
ddram_dq[10]       |   17.159 (r) | SLOW    |   3.819 (r) | FAST    |    1.499 |
ddram_dq[11]       |   17.602 (r) | SLOW    |   3.832 (r) | FAST    |    1.942 |
ddram_dq[12]       |   17.009 (r) | SLOW    |   3.830 (r) | FAST    |    1.349 |
ddram_dq[13]       |   16.846 (r) | SLOW    |   3.803 (r) | FAST    |    1.186 |
ddram_dq[14]       |   17.742 (r) | SLOW    |   3.825 (r) | FAST    |    2.082 |
ddram_dq[15]       |   16.857 (r) | SLOW    |   3.804 (r) | FAST    |    1.197 |
-------------------+--------------+---------+-------------+---------+----------+
Worst Case Summary |   17.742 (r) | SLOW    |   3.799 (r) | FAST    |    2.082 |
-------------------+--------------+---------+-------------+---------+----------+



Max / Min delays for output bus
Clocked by: clk100
Bus Skew: 0.861 ns
-------------------+--------------+---------+-------------+---------+----------+
                   |      Max     | Process |     Min     | Process | Edge     |
Pad                |    Delay(ns) | Corner  |   Delay(ns) | Corner  | Skew(ns) |
-------------------+--------------+---------+-------------+---------+----------+
ddram_dqs_n[0]     |   15.929 (r) | SLOW    |   4.457 (r) | FAST    |    0.000 |
ddram_dqs_n[1]     |   16.790 (r) | SLOW    |   4.787 (r) | FAST    |    0.860 |
ddram_dqs_p[0]     |   15.930 (r) | SLOW    |   4.459 (r) | FAST    |    0.002 |
ddram_dqs_p[1]     |   16.791 (r) | SLOW    |   4.787 (r) | FAST    |    0.861 |
-------------------+--------------+---------+-------------+---------+----------+
Worst Case Summary |   16.791 (r) | SLOW    |   4.457 (r) | FAST    |    0.861 |
-------------------+--------------+---------+-------------+---------+----------+




